// Generated from userprogs/hello4.exe (full Watcom C runtime, FORMAT os2 lx)
static const unsigned char hello4_bin[] = {
    0x4d, 0x5a, 0x80, 0x00, 0x01, 0x00, 0x00, 0x00, 0x04, 0x00, 0x00, 0x00,
    0xff, 0xff, 0x00, 0x00, 0xb8, 0x00, 0x00, 0x00, 0x00, 0x00, 0x00, 0x00,
    0x40, 0x00, 0x00, 0x00, 0x00, 0x00, 0x00, 0x00, 0x00, 0x00, 0x00, 0x00,
    0x00, 0x00, 0x00, 0x00, 0x00, 0x00, 0x00, 0x00, 0x00, 0x00, 0x00, 0x00,
    0x00, 0x00, 0x00, 0x00, 0x00, 0x00, 0x00, 0x00, 0x00, 0x00, 0x00, 0x00,
    0x80, 0x00, 0x00, 0x00, 0x0e, 0x1f, 0xba, 0x0e, 0x00, 0xb4, 0x09, 0xcd,
    0x21, 0xb8, 0x01, 0x4c, 0xcd, 0x21, 0x54, 0x68, 0x69, 0x73, 0x20, 0x69,
    0x73, 0x20, 0x61, 0x6e, 0x20, 0x4f, 0x53, 0x2f, 0x32, 0x20, 0x33, 0x32,
    0x2d, 0x62, 0x69, 0x74, 0x20, 0x65, 0x78, 0x65, 0x63, 0x75, 0x74, 0x61,
    0x62, 0x6c, 0x65, 0x0d, 0x0a, 0x24, 0x00, 0x00, 0x00, 0x00, 0x00, 0x00,
    0x00, 0x00, 0x00, 0x00, 0x00, 0x00, 0x00, 0x00, 0x4c, 0x58, 0x00, 0x00,
    0x00, 0x00, 0x00, 0x00, 0x02, 0x00, 0x01, 0x00, 0x00, 0x00, 0x00, 0x00,
    0x00, 0x02, 0x00, 0x00, 0x06, 0x00, 0x00, 0x00, 0x01, 0x00, 0x00, 0x00,
    0x68, 0x00, 0x00, 0x00, 0x02, 0x00, 0x00, 0x00, 0xb0, 0x07, 0x01, 0x00,
    0x00, 0x10, 0x00, 0x00, 0x00, 0x00, 0x00, 0x00, 0x9c, 0x00, 0x00, 0x00,
    0x00, 0x00, 0x00, 0x00, 0x6b, 0x00, 0x00, 0x00, 0x00, 0x00, 0x00, 0x00,
    0xc4, 0x00, 0x00, 0x00, 0x02, 0x00, 0x00, 0x00, 0xf4, 0x00, 0x00, 0x00,
    0x00, 0x00, 0x00, 0x00, 0x24, 0x01, 0x00, 0x00, 0x00, 0x00, 0x00, 0x00,
    0x24, 0x01, 0x00, 0x00, 0x2e, 0x01, 0x00, 0x00, 0x00, 0x00, 0x00, 0x00,
    0x00, 0x00, 0x00, 0x00, 0x2f, 0x01, 0x00, 0x00, 0x4b, 0x01, 0x00, 0x00,
    0xbd, 0x01, 0x00, 0x00, 0x02, 0x00, 0x00, 0x00, 0xca, 0x01, 0x00, 0x00,
    0x00, 0x00, 0x00, 0x00, 0x4c, 0x02, 0x00, 0x00, 0x00, 0x00, 0x00, 0x00,
    0x00, 0x00, 0x00, 0x00, 0x00, 0x00, 0x00, 0x00, 0x00, 0x00, 0x00, 0x00,
    0x02, 0x00, 0x00, 0x00, 0x00, 0x00, 0x00, 0x00, 0x00, 0x00, 0x00, 0x00,
    0x00, 0x00, 0x00, 0x00, 0x00, 0x00, 0x00, 0x00, 0x00, 0x00, 0x00, 0x00,
    0x00, 0x00, 0x01, 0x00, 0x00, 0x00, 0x00, 0x00, 0x00, 0x00, 0x00, 0x00,
    0x00, 0x00, 0x00, 0x00, 0x00, 0x00, 0x00, 0x00, 0x00, 0x00, 0x00, 0x00,
    0x0b, 0x41, 0x00, 0x00, 0x00, 0x00, 0x01, 0x00, 0x05, 0x20, 0x00, 0x00,
    0x01, 0x00, 0x00, 0x00, 0x05, 0x00, 0x00, 0x00, 0x00, 0x00, 0x00, 0x00,
    0xb0, 0x07, 0x01, 0x00, 0x00, 0x00, 0x02, 0x00, 0x03, 0x20, 0x00, 0x00,
    0x06, 0x00, 0x00, 0x00, 0x01, 0x00, 0x00, 0x00, 0x00, 0x00, 0x00, 0x00,
    0x00, 0x00, 0x00, 0x00, 0x00, 0x10, 0x00, 0x00, 0x00, 0x10, 0x00, 0x00,
    0x00, 0x10, 0x00, 0x00, 0x00, 0x20, 0x00, 0x00, 0x00, 0x10, 0x00, 0x00,
    0x00, 0x30, 0x00, 0x00, 0x00, 0x10, 0x00, 0x00, 0x00, 0x40, 0x00, 0x00,
    0x0b, 0x01, 0x00, 0x00, 0x0b, 0x41, 0x00, 0x00, 0x88, 0x05, 0x00, 0x00,
    0x06, 0x68, 0x65, 0x6c, 0x6c, 0x6f, 0x34, 0x00, 0x00, 0x00, 0x00, 0x00,
    0x00, 0x00, 0x00, 0x13, 0x00, 0x00, 0x00, 0x3c, 0x00, 0x00, 0x00, 0x3c,
    0x00, 0x00, 0x00, 0x72, 0x00, 0x00, 0x00, 0x72, 0x00, 0x00, 0x00, 0x72,
    0x00, 0x00, 0x00, 0x08, 0x81, 0xad, 0x02, 0x01, 0xe7, 0x08, 0x01, 0xae,
    0x05, 0x01, 0x5c, 0x01, 0x08, 0x81, 0x16, 0x06, 0x01, 0xea, 0x08, 0x01,
    0x1c, 0x0a, 0x01, 0x1a, 0x01, 0x08, 0x01, 0x37, 0x0a, 0x01, 0x1a, 0x01,
    0x08, 0x01, 0xeb, 0x0e, 0x01, 0x00, 0x01, 0x08, 0x81, 0x15, 0x0f, 0x01,
    0xfe, 0x08, 0x01, 0x6e, 0x0f, 0x01, 0x00, 0x01, 0x08, 0x01, 0x82, 0x0f,
    0x01, 0x1a, 0x01, 0x08, 0x01, 0x90, 0x05, 0x01, 0x2b, 0x01, 0x08, 0x01,
    0x89, 0x06, 0x01, 0x2b, 0x01, 0x08, 0x01, 0xad, 0x06, 0x01, 0x30, 0x01,
    0x08, 0x01, 0xf8, 0x08, 0x01, 0x01, 0x01, 0x08, 0x81, 0x41, 0x0a, 0x01,
    0xe0, 0x08, 0x81, 0x66, 0x0b, 0x02, 0x06, 0x08, 0x01, 0x92, 0x0b, 0x01,
    0x23, 0x01, 0x08, 0x01, 0xe4, 0x0f, 0x01, 0x30, 0x01, 0x08, 0x44, 0x4f,
    0x53, 0x43, 0x41, 0x4c, 0x4c, 0x53, 0x03, 0x4e, 0x4c, 0x53, 0x00, 0x00,
    0xcc, 0xeb, 0xfd, 0x90, 0x90, 0x90, 0x90, 0x00, 0x00, 0x00, 0x00, 0x00,
    0x00, 0x00, 0x00, 0x00, 0x68, 0x04, 0x00, 0x02, 0x00, 0xe8, 0x36, 0x00,
    0x00, 0x00, 0x83, 0xc4, 0x04, 0x68, 0x1e, 0x00, 0x02, 0x00, 0xe8, 0x29,
    0x00, 0x00, 0x00, 0x83, 0xc4, 0x04, 0x68, 0xf9, 0x21, 0x09, 0x40, 0x68,
    0x6e, 0x86, 0x1b, 0xf0, 0x6a, 0x2a, 0x68, 0x4e, 0x00, 0x02, 0x00, 0xe8,
    0x10, 0x00, 0x00, 0x00, 0x83, 0xc4, 0x10, 0x31, 0xc0, 0xc3, 0x00, 0x00,
    0x00, 0x00, 0x00, 0x00, 0x00, 0x00, 0x00, 0x00, 0x53, 0x52, 0x8d, 0x5c,
    0x24, 0x10, 0x8b, 0x54, 0x24, 0x0c, 0xb8, 0x9a, 0x00, 0x02, 0x00, 0xe8,
    0xcc, 0x00, 0x00, 0x00, 0x5a, 0x5b, 0xc3, 0x00, 0xe9, 0x83, 0x01, 0x00,
    0x00, 0x03, 0x00, 0x01, 0x00, 0x4f, 0x70, 0x65, 0x6e, 0x20, 0x57, 0x61,
    0x74, 0x63, 0x6f, 0x6d, 0x20, 0x43, 0x2f, 0x43, 0x2b, 0x2b, 0x33, 0x32,
    0x20, 0x52, 0x75, 0x6e, 0x2d, 0x54, 0x69, 0x6d, 0x65, 0x20, 0x73, 0x79,
    0x73, 0x74, 0x65, 0x6d, 0x2e, 0x20, 0x43, 0x6f, 0x70, 0x79, 0x72, 0x69,
    0x67, 0x68, 0x74, 0x20, 0x28, 0x63, 0x29, 0x20, 0x4f, 0x70, 0x65, 0x6e,
    0x20, 0x57, 0x61, 0x74, 0x63, 0x6f, 0x6d, 0x20, 0x43, 0x6f, 0x6e, 0x74,
    0x72, 0x69, 0x62, 0x75, 0x74, 0x6f, 0x72, 0x73, 0x20, 0x32, 0x30, 0x30,
    0x32, 0x2d, 0x32, 0x30, 0x32, 0x36, 0x2e, 0x20, 0x50, 0x6f, 0x72, 0x74,
    0x69, 0x6f, 0x6e, 0x73, 0x20, 0x43, 0x6f, 0x70, 0x79, 0x72, 0x69, 0x67,
    0x68, 0x74, 0x20, 0x28, 0x43, 0x29, 0x20, 0x53, 0x79, 0x62, 0x61, 0x73,
    0x65, 0x2c, 0x20, 0x49, 0x6e, 0x63, 0x2e, 0x20, 0x31, 0x39, 0x38, 0x38,
    0x2d, 0x32, 0x30, 0x30, 0x32, 0x2e, 0x00, 0x00, 0x00, 0x00, 0x00, 0x00,
    0x00, 0x00, 0x00, 0x00, 0xc3, 0xc3, 0x00, 0x00, 0x00, 0x00, 0x00, 0x00,
    0x00, 0x00, 0x00, 0x00, 0x00, 0x00, 0x00, 0x00, 0x51, 0x89, 0xc1, 0x88,
    0xd0, 0x8b, 0x11, 0x25, 0xff, 0x00, 0x00, 0x00, 0xe8, 0x1f, 0x03, 0x00,
    0x00, 0xff, 0x41, 0x10, 0x59, 0xc3, 0x8d, 0x80, 0x00, 0x00, 0x00, 0x00,
    0x8d, 0x54, 0x22, 0x00, 0x51, 0x56, 0x57, 0x55, 0x89, 0xc6, 0x8b, 0x40,
    0x10, 0xff, 0x15, 0xd0, 0x02, 0x02, 0x00, 0x8b, 0x46, 0x08, 0x8b, 0x48,
    0x0c, 0x83, 0xf9, 0x01, 0x74, 0x0f, 0x85, 0xc9, 0x0f, 0x85, 0x81, 0x00,
    0x00, 0x00, 0xc7, 0x40, 0x0c, 0x01, 0x00, 0x00, 0x00, 0x8b, 0x6e, 0x0c,
    0x8b, 0x46, 0x08, 0x80, 0x66, 0x0c, 0xcf, 0x83, 0xe5, 0x30, 0x83, 0x78,
    0x08, 0x00, 0x75, 0x07, 0x89, 0xf0, 0xe8, 0xad, 0x04, 0x00, 0x00, 0x8a,
    0x66, 0x0d, 0x31, 0xff, 0xf6, 0xc4, 0x04, 0x74, 0x12, 0x88, 0xe1, 0x80,
    0xe1, 0xfa, 0x88, 0xcd, 0x80, 0xcd, 0x01, 0xbf, 0x01, 0x00, 0x00, 0x00,
    0x88, 0x6e, 0x0d, 0xb9, 0x10, 0x01, 0x01, 0x00, 0x89, 0xf0, 0xe8, 0xa5,
    0x0f, 0x00, 0x00, 0x89, 0xc2, 0x85, 0xff, 0x74, 0x14, 0x8a, 0x46, 0x0d,
    0x24, 0xfa, 0x88, 0xc4, 0x80, 0xcc, 0x04, 0x88, 0x66, 0x0d, 0x89, 0xf0,
    0xe8, 0xab, 0x11, 0x00, 0x00, 0xf6, 0x46, 0x0c, 0x20, 0x74, 0x05, 0xba,
    0xff, 0xff, 0xff, 0xff, 0x8b, 0x46, 0x10, 0x09, 0x6e, 0x0c, 0xff, 0x15,
    0xd4, 0x02, 0x02, 0x00, 0x89, 0xd0, 0x5d, 0x5f, 0x5e, 0x59, 0xc3, 0x8b,
    0x46, 0x10, 0xff, 0x15, 0xd4, 0x02, 0x02, 0x00, 0x31, 0xc0, 0x5d, 0x5f,
    0x5e, 0x59, 0xc3, 0x00, 0x00, 0x00, 0x00, 0x00, 0x00, 0x00, 0x00, 0x00,
    0x00, 0x00, 0x00, 0x00, 0x55, 0x89, 0xe5, 0x83, 0xec, 0x08, 0xb8, 0x01,
    0x00, 0x00, 0x00, 0xe8, 0x70, 0x12, 0x00, 0x00, 0xa1, 0x08, 0x03, 0x02,
    0x00, 0x83, 0xc0, 0x03, 0x24, 0xfc, 0x31, 0xd2, 0x2b, 0xe0, 0x89, 0xe6,
    0x8b, 0x1d, 0x08, 0x03, 0x02, 0x00, 0x89, 0xf0, 0xe8, 0x23, 0x13, 0x00,
    0x00, 0xa1, 0x08, 0x03, 0x02, 0x00, 0x89, 0x86, 0xfc, 0x00, 0x00, 0x00,
    0x89, 0xf0, 0x8b, 0x4d, 0x0c, 0xe8, 0xee, 0x12, 0x00, 0x00, 0x8b, 0x45,
    0x10, 0x8b, 0x5d, 0x04, 0x50, 0x89, 0xf2, 0x8d, 0x45, 0xf8, 0xe8, 0xe1,
    0x02, 0x00, 0x00, 0xe9, 0x18, 0x13, 0x00, 0x00, 0x00, 0x00, 0x00, 0x00,
    0x00, 0x00, 0x00, 0x00, 0xc7, 0x05, 0x0c, 0x03, 0x02, 0x00, 0xe0, 0x15,
    0x01, 0x00, 0xc7, 0x05, 0x10, 0x03, 0x02, 0x00, 0xcf, 0x17, 0x01, 0x00,
    0xc3, 0x00, 0x00, 0x00, 0x00, 0x00, 0x00, 0x00, 0x00, 0x00, 0x00, 0x00,
    0x80, 0x3d, 0x7c, 0x00, 0x02, 0x00, 0x00, 0x75, 0x01, 0xc3, 0xdb, 0xe3,
    0x9b, 0xd9, 0x2d, 0x14, 0x03, 0x02, 0x00, 0xc3, 0x8d, 0x80, 0x00, 0x00,
    0x00, 0x00, 0x8d, 0x92, 0x00, 0x00, 0x00, 0x00, 0x80, 0x3d, 0x7c, 0x00,
    0x02, 0x00, 0x00, 0x75, 0xe1, 0xc3, 0x8d, 0x80, 0x00, 0x00, 0x00, 0x00,
    0x51, 0x52, 0x83, 0xec, 0x04, 0x6a, 0x03, 0x8d, 0x44, 0x24, 0x04, 0x50,
    0xe8, 0x00, 0x00, 0x00, 0x00, 0x83, 0xc4, 0x08, 0x8a, 0x04, 0x24, 0x84,
    0xc0, 0x75, 0x19, 0xa2, 0x7d, 0x00, 0x02, 0x00, 0xa0, 0x7d, 0x00, 0x02,
    0x00, 0xa2, 0x7c, 0x00, 0x02, 0x00, 0x84, 0xc0, 0x75, 0x0d, 0x83, 0xc4,
    0x04, 0x5a, 0x59, 0xc3, 0xe8, 0x07, 0x15, 0x00, 0x00, 0xeb, 0xe0, 0xdb,
    0xe3, 0x9b, 0xd9, 0x2d, 0x14, 0x03, 0x02, 0x00, 0x83, 0xc4, 0x04, 0x5a,
    0x59, 0xc3, 0xc3, 0x00, 0x00, 0x00, 0x00, 0x00, 0x4e, 0x6f, 0x74, 0x20,
    0x65, 0x6e, 0x6f, 0x75, 0x67, 0x68, 0x20, 0x6d, 0x65, 0x6d, 0x6f, 0x72,
    0x79, 0x20, 0x74, 0x6f, 0x20, 0x61, 0x6c, 0x6c, 0x6f, 0x63, 0x61, 0x74,
    0x65, 0x20, 0x66, 0x69, 0x6c, 0x65, 0x20, 0x73, 0x74, 0x72, 0x75, 0x63,
    0x74, 0x75, 0x72, 0x65, 0x73, 0x00, 0x8b, 0xc0, 0x53, 0x51, 0x52, 0xa0,
    0xc1, 0x00, 0x02, 0x00, 0x24, 0xf8, 0x88, 0xc4, 0x80, 0xcc, 0x04, 0xb9,
    0x80, 0x00, 0x02, 0x00, 0x88, 0x25, 0xc1, 0x00, 0x02, 0x00, 0x83, 0x3d,
    0x8c, 0x00, 0x02, 0x00, 0x00, 0x74, 0x44, 0xb8, 0x20, 0x00, 0x00, 0x00,
    0xe8, 0x73, 0x15, 0x00, 0x00, 0x89, 0xc3, 0x85, 0xc0, 0x74, 0x40, 0xa1,
    0x88, 0x05, 0x02, 0x00, 0x89, 0x4b, 0x04, 0x89, 0x03, 0x89, 0x59, 0x08,
    0xc7, 0x43, 0x08, 0x00, 0x00, 0x00, 0x00, 0x8b, 0x41, 0x08, 0xc6, 0x40,
    0x14, 0x00, 0x8b, 0x41, 0x08, 0x83, 0xc1, 0x1a, 0xc7, 0x40, 0x0c, 0x00,
    0x00, 0x00, 0x00, 0x89, 0x1d, 0x88, 0x05, 0x02, 0x00, 0x83, 0x79, 0x0c,
    0x00, 0x75, 0xbc, 0x31, 0xc9, 0x89, 0x0d, 0x8c, 0x05, 0x02, 0x00, 0x5a,
    0x59, 0x5b, 0xc3, 0xba, 0x01, 0x00, 0x00, 0x00, 0xb8, 0xf0, 0x02, 0x01,
    0x00, 0xe9, 0xae, 0x16, 0x00, 0x00, 0x00, 0x00, 0x00, 0x00, 0x00, 0x00,
    0x00, 0x00, 0x00, 0x00, 0x00, 0x00, 0x00, 0x00, 0x53, 0x51, 0x52, 0x56,
    0x57, 0x6b, 0xc0, 0x1a, 0xbf, 0x80, 0x00, 0x02, 0x00, 0x31, 0xdb, 0x01,
    0xc7, 0xa1, 0x88, 0x05, 0x02, 0x00, 0x31, 0xc9, 0x85, 0xc0, 0x74, 0x1e,
    0x8b, 0x30, 0x8b, 0x40, 0x04, 0xba, 0x01, 0x00, 0x00, 0x00, 0xf6, 0x40,
    0x0d, 0x40, 0x74, 0x1d, 0xe8, 0x3f, 0x17, 0x00, 0x00, 0x43, 0x09, 0xc1,
    0x89, 0xf0, 0x85, 0xf6, 0x75, 0xe2, 0x85, 0xc9, 0x74, 0x20, 0xb8, 0xff,
    0xff, 0xff, 0xff, 0x5f, 0x5e, 0x5a, 0x59, 0x5b, 0xc3, 0xf6, 0x40, 0x0d,
    0x08, 0x75, 0xdd, 0x39, 0xf8, 0x72, 0xe1, 0x3d, 0xce, 0x00, 0x02, 0x00,
    0x73, 0xd2, 0x31, 0xd2, 0xeb, 0xce, 0x89, 0xd8, 0x5f, 0x5e, 0x5a, 0x59,
    0x5b, 0xc3, 0x8d, 0x80, 0x00, 0x00, 0x00, 0x00, 0x8d, 0x54, 0x22, 0x00,
    0xb8, 0x03, 0x00, 0x00, 0x00, 0xeb, 0x89, 0x8d, 0x80, 0x00, 0x00, 0x00,
    0x00, 0x8d, 0x52, 0x00, 0x31, 0xc0, 0xe8, 0x79, 0xff, 0xff, 0xff, 0xe9,
    0x94, 0x17, 0x00, 0x00, 0x00, 0x00, 0x00, 0x00, 0x53, 0x51, 0x55, 0x89,
    0xc1, 0x8b, 0x42, 0x10, 0xff, 0x15, 0xd0, 0x02, 0x02, 0x00, 0x8b, 0x42,
    0x08, 0x8b, 0x58, 0x0c, 0x83, 0xfb, 0x01, 0x74, 0x0f, 0x85, 0xdb, 0x0f,
    0x85, 0x7e, 0x00, 0x00, 0x00, 0xc7, 0x40, 0x0c, 0x01, 0x00, 0x00, 0x00,
    0xf6, 0x42, 0x0c, 0x02, 0x0f, 0x84, 0x7f, 0x00, 0x00, 0x00, 0x8b, 0x42,
    0x08, 0x83, 0x78, 0x08, 0x00, 0x75, 0x07, 0x89, 0xd0, 0xe8, 0x9e, 0x01,
    0x00, 0x00, 0xbb, 0x00, 0x04, 0x00, 0x00, 0x83, 0xf9, 0x0a, 0x75, 0x2d,
    0xbb, 0x00, 0x06, 0x00, 0x00, 0xf6, 0x42, 0x0c, 0x40, 0x75, 0x22, 0x8b,
    0x02, 0x80, 0x4a, 0x0d, 0x10, 0xc6, 0x00, 0x0d, 0x8b, 0x42, 0x04, 0xff,
    0x02, 0x40, 0x89, 0x42, 0x04, 0x3b, 0x42, 0x14, 0x75, 0x0b, 0x89, 0xd0,
    0xe8, 0xab, 0x0e, 0x00, 0x00, 0x85, 0xc0, 0x75, 0x26, 0x8b, 0x02, 0x80,
    0x4a, 0x0d, 0x10, 0x88, 0x08, 0x8b, 0x6a, 0x04, 0xff, 0x02, 0x45, 0x89,
    0x6a, 0x04, 0x85, 0x5a, 0x0c, 0x75, 0x05, 0x3b, 0x6a, 0x14, 0x75, 0x30,
    0x89, 0xd0, 0xe8, 0x85, 0x0e, 0x00, 0x00, 0x85, 0xc0, 0x74, 0x25, 0x8b,
    0x42, 0x10, 0xff, 0x15, 0xd4, 0x02, 0x02, 0x00, 0xb8, 0xff, 0xff, 0xff,
    0xff, 0x5d, 0x59, 0x5b, 0xc3, 0xb8, 0x04, 0x00, 0x00, 0x00, 0xe8, 0x06,
    0x17, 0x00, 0x00, 0x8b, 0x42, 0x10, 0x80, 0x4a, 0x0c, 0x20, 0xeb, 0xde,
    0x8b, 0x42, 0x10, 0xff, 0x15, 0xd4, 0x02, 0x02, 0x00, 0x31, 0xc0, 0x88,
    0xc8, 0x5d, 0x59, 0x5b, 0xc3, 0xc3, 0x64, 0xa1, 0x04, 0x00, 0x00, 0x00,
    0xc3, 0x64, 0xa1, 0x0c, 0x00, 0x00, 0x00, 0xc3, 0x56, 0x57, 0x55, 0x89,
    0xe5, 0x50, 0x89, 0xde, 0x8b, 0x45, 0x10, 0x8d, 0x78, 0x01, 0x80, 0x38,
    0x00, 0x74, 0x04, 0x89, 0xf8, 0xeb, 0xf4, 0x8b, 0x45, 0x10, 0x89, 0x0d,
    0xc5, 0x02, 0x02, 0x00, 0x89, 0x3d, 0x90, 0x02, 0x02, 0x00, 0x48, 0x48,
    0x80, 0x38, 0x00, 0x74, 0x03, 0x48, 0xeb, 0xf8, 0x40, 0xa3, 0x94, 0x02,
    0x02, 0x00, 0x31, 0xc0, 0x89, 0x35, 0x9c, 0x05, 0x02, 0x00, 0xe8, 0x2c,
    0x00, 0x00, 0x00, 0xb8, 0x20, 0x00, 0x00, 0x00, 0x8b, 0x55, 0xfc, 0xe8,
    0xfc, 0x0e, 0x00, 0x00, 0xff, 0x15, 0x2c, 0x03, 0x02, 0x00, 0x89, 0x50,
    0x54, 0xff, 0x15, 0xf8, 0x02, 0x02, 0x00, 0xb8, 0xff, 0x00, 0x00, 0x00,
    0xe8, 0xe3, 0x0e, 0x00, 0x00, 0xc9, 0x5f, 0x5e, 0xc2, 0x04, 0x00, 0x51,
    0xc8, 0x08, 0x00, 0x00, 0x6a, 0x08, 0xa3, 0x90, 0x05, 0x02, 0x00, 0x8d,
    0x45, 0xf8, 0x50, 0x6a, 0x0c, 0x6a, 0x0b, 0x89, 0x15, 0x28, 0x03, 0x02,
    0x00, 0xe8, 0x00, 0x00, 0x00, 0x00, 0x8a, 0x45, 0xf8, 0xa2, 0xc9, 0x02,
    0x02, 0x00, 0x8a, 0x45, 0xfc, 0x83, 0xc4, 0x10, 0xa2, 0xca, 0x02, 0x02,
    0x00, 0x66, 0x8c, 0xc8, 0x66, 0xa3, 0x94, 0x05, 0x02, 0x00, 0xc9, 0x59,
    0xc3, 0x31, 0xc0, 0xa3, 0x28, 0x03, 0x02, 0x00, 0xc3, 0x89, 0xc1, 0x31,
    0xc0, 0xa3, 0x28, 0x03, 0x02, 0x00, 0xa1, 0x90, 0x05, 0x02, 0x00, 0x85,
    0xc0, 0x74, 0x18, 0x83, 0x3d, 0x04, 0x03, 0x02, 0x00, 0x00, 0x74, 0x1e,
    0xba, 0x0f, 0x00, 0x00, 0x00, 0x31, 0xc0, 0xff, 0x15, 0x04, 0x03, 0x02,
    0x00, 0xeb, 0x0f, 0xba, 0x0f, 0x00, 0x00, 0x00, 0xe8, 0xb3, 0x0e, 0x00,
    0x00, 0xe8, 0x4e, 0x16, 0x00, 0x00, 0x51, 0x6a, 0x01, 0xe8, 0x00, 0x00,
    0x00, 0x00, 0x00, 0x00, 0x00, 0x00, 0x00, 0x00, 0x53, 0x51, 0x52, 0x89,
    0xc2, 0xe8, 0x56, 0x16, 0x00, 0x00, 0x83, 0x7a, 0x14, 0x00, 0x75, 0x0e,
    0x8a, 0x42, 0x0d, 0xa8, 0x02, 0x74, 0x52, 0xc7, 0x42, 0x14, 0x86, 0x00,
    0x00, 0x00, 0x8b, 0x42, 0x14, 0xe8, 0x7a, 0x12, 0x00, 0x00, 0x8b, 0x4a,
    0x08, 0x89, 0x41, 0x08, 0x8b, 0x42, 0x08, 0x83, 0x78, 0x08, 0x00, 0x75,
    0x4a, 0x8a, 0x7a, 0x0d, 0x80, 0xe7, 0xf8, 0x88, 0xf9, 0x88, 0x7a, 0x0d,
    0x80, 0xc9, 0x04, 0x8b, 0x42, 0x08, 0x88, 0x4a, 0x0d, 0x8d, 0x4a, 0x18,
    0x89, 0x48, 0x08, 0xc7, 0x42, 0x14, 0x01, 0x00, 0x00, 0x00, 0x8b, 0x42,
    0x08, 0x8b, 0x40, 0x08, 0xc7, 0x42, 0x04, 0x00, 0x00, 0x00, 0x00, 0x89,
    0x02, 0x5a, 0x59, 0x5b, 0xc3, 0xa8, 0x04, 0x74, 0x09, 0xc7, 0x42, 0x14,
    0x40, 0x00, 0x00, 0x00, 0xeb, 0xa8, 0xc7, 0x42, 0x14, 0x00, 0x10, 0x00,
    0x00, 0xeb, 0x9f, 0x80, 0x4a, 0x0c, 0x08, 0x8b, 0x42, 0x08, 0x8b, 0x40,
    0x08, 0xc7, 0x42, 0x04, 0x00, 0x00, 0x00, 0x00, 0x89, 0x02, 0x5a, 0x59,
    0x5b, 0xc3, 0x00, 0x00, 0x00, 0x00, 0x00, 0x00, 0x00, 0x00, 0x00, 0x00,
    0x53, 0x51, 0x66, 0xc7, 0x42, 0x04, 0x00, 0x00, 0x8a, 0x18, 0x80, 0xfb,
    0x2d, 0x74, 0x0c, 0x80, 0xfb, 0x23, 0x75, 0x0d, 0x80, 0x4a, 0x04, 0x01,
    0x40, 0xeb, 0xed, 0x80, 0x4a, 0x04, 0x08, 0xeb, 0xf7, 0x80, 0xfb, 0x2b,
    0x75, 0x11, 0x8a, 0x6a, 0x04, 0x80, 0xcd, 0x04, 0x88, 0xeb, 0x80, 0xe3,
    0xfd, 0x88, 0x5a, 0x04, 0x40, 0xeb, 0xd1, 0x80, 0xfb, 0x20, 0x75, 0x13,
    0x8a, 0x7a, 0x04, 0xf6, 0xc7, 0x04, 0x75, 0xd4, 0x88, 0xf9, 0x80, 0xc9,
    0x02, 0x88, 0x4a, 0x04, 0x40, 0xeb, 0xb9, 0x80, 0xfb, 0x30, 0x75, 0x06,
    0x88, 0x5a, 0x2d, 0x40, 0xeb, 0xae, 0x59, 0x5b, 0xc3, 0x8d, 0x40, 0x00,
    0x51, 0x56, 0x57, 0x89, 0xd6, 0x89, 0xda, 0xc6, 0x43, 0x2d, 0x20, 0xe8,
    0x90, 0xff, 0xff, 0xff, 0xc7, 0x43, 0x08, 0x00, 0x00, 0x00, 0x00, 0x80,
    0x38, 0x2a, 0x74, 0x1e, 0x8a, 0x10, 0x80, 0xfa, 0x30, 0x7c, 0x29, 0x80,
    0xfa, 0x39, 0x7f, 0x24, 0x6b, 0x4b, 0x08, 0x0a, 0x0f, 0xbe, 0xd2, 0x83,
    0xea, 0x30, 0x01, 0xd1, 0x40, 0x89, 0x4b, 0x08, 0xeb, 0xe2, 0x8b, 0x16,
    0x83, 0xc2, 0x04, 0x89, 0x16, 0x8b, 0x52, 0xfc, 0x89, 0x53, 0x08, 0x85,
    0xd2, 0x7c, 0x38, 0x40, 0xc7, 0x43, 0x0c, 0xff, 0xff, 0xff, 0xff, 0x80,
    0x38, 0x2e, 0x75, 0x4a, 0x40, 0xc7, 0x43, 0x0c, 0x00, 0x00, 0x00, 0x00,
    0x80, 0x38, 0x2a, 0x74, 0x2b, 0x8a, 0x10, 0x80, 0xfa, 0x30, 0x7c, 0x36,
    0x80, 0xfa, 0x39, 0x7f, 0x31, 0x6b, 0x4b, 0x0c, 0x0a, 0x0f, 0xbe, 0xd2,
    0x83, 0xea, 0x30, 0x01, 0xd1, 0x40, 0x89, 0x4b, 0x0c, 0xeb, 0xe2, 0x89,
    0xd7, 0x80, 0x4b, 0x04, 0x08, 0xf7, 0xdf, 0x89, 0x7b, 0x08, 0xeb, 0xbb,
    0x8b, 0x16, 0x83, 0xc2, 0x04, 0x89, 0x16, 0x8b, 0x52, 0xfc, 0x89, 0x53,
    0x0c, 0x85, 0xd2, 0x7c, 0x2d, 0x40, 0x8a, 0x10, 0x8d, 0x48, 0x01, 0x80,
    0xfa, 0x68, 0x73, 0x2b, 0x80, 0xfa, 0x4c, 0x0f, 0x83, 0x78, 0x00, 0x00,
    0x00, 0x80, 0xfa, 0x49, 0x75, 0x10, 0x80, 0x78, 0x01, 0x36, 0x75, 0x0a,
    0x80, 0x78, 0x02, 0x34, 0x0f, 0x84, 0x83, 0x00, 0x00, 0x00, 0x5f, 0x5e,
    0x59, 0xc3, 0xc7, 0x43, 0x0c, 0xff, 0xff, 0xff, 0xff, 0xeb, 0xca, 0x8d,
    0x70, 0x02, 0x77, 0x14, 0x80, 0x78, 0x01, 0x68, 0x0f, 0x85, 0x5d, 0x00,
    0x00, 0x00, 0x89, 0xf0, 0x80, 0x4b, 0x04, 0x10, 0x5f, 0x5e, 0x59, 0xc3,
    0x80, 0xfa, 0x74, 0x73, 0x14, 0x80, 0xfa, 0x6c, 0x75, 0x24, 0x3a, 0x50,
    0x01, 0x75, 0x16, 0x89, 0xf0, 0x80, 0x4b, 0x04, 0x80, 0x5f, 0x5e, 0x59,
    0xc3, 0x76, 0x61, 0x80, 0xfa, 0x7a, 0x74, 0x5c, 0x80, 0xfa, 0x77, 0x75,
    0xb5, 0x40, 0x80, 0x4b, 0x04, 0x40, 0x5f, 0x5e, 0x59, 0xc3, 0x80, 0xfa,
    0x6a, 0x75, 0xa7, 0x89, 0xc8, 0x80, 0x4b, 0x04, 0x80, 0x5f, 0x5e, 0x59,
    0xc3, 0x76, 0x29, 0x80, 0xfa, 0x57, 0x74, 0x2e, 0x80, 0xfa, 0x4e, 0x75,
    0x91, 0x89, 0xc8, 0x80, 0x4b, 0x05, 0x02, 0x5f, 0x5e, 0x59, 0xc3, 0x89,
    0xc8, 0x80, 0x4b, 0x04, 0x20, 0x5f, 0x5e, 0x59, 0xc3, 0x83, 0xc0, 0x03,
    0x80, 0x4b, 0x04, 0x80, 0x5f, 0x5e, 0x59, 0xc3, 0x89, 0xc8, 0x80, 0x4b,
    0x05, 0x01, 0x5f, 0x5e, 0x59, 0xc3, 0x89, 0xc8, 0x80, 0x4b, 0x05, 0x04,
    0x5f, 0x5e, 0x59, 0xc3, 0x40, 0x5f, 0x5e, 0x59, 0xc3, 0x8d, 0x80, 0x00,
    0x00, 0x00, 0x00, 0x8d, 0x92, 0x00, 0x00, 0x00, 0x00, 0x8d, 0x40, 0x00,
    0x51, 0x56, 0x89, 0xc1, 0x89, 0xd6, 0x31, 0xc0, 0x85, 0xd2, 0x74, 0x0d,
    0x89, 0xca, 0x41, 0x80, 0x3a, 0x00, 0x74, 0x05, 0x40, 0x39, 0xf0, 0x75,
    0xf3, 0x5e, 0x59, 0xc3, 0x8d, 0x44, 0x20, 0x00, 0x53, 0x51, 0x56, 0x83,
    0xec, 0x04, 0x89, 0xd6, 0x89, 0xc1, 0x31, 0xdb, 0x83, 0xfa, 0xff, 0x75,
    0x27, 0x66, 0x83, 0x39, 0x00, 0x74, 0x18, 0x31, 0xd2, 0x89, 0xe0, 0x66,
    0x8b, 0x11, 0x83, 0xc1, 0x02, 0xe8, 0xda, 0x13, 0x00, 0x00, 0x83, 0xf8,
    0xff, 0x74, 0xe6, 0x01, 0xc3, 0xeb, 0xe2, 0x89, 0xd8, 0x83, 0xc4, 0x04,
    0x5e, 0x59, 0x5b, 0xc3, 0x66, 0x8b, 0x01, 0x66, 0x85, 0xc0, 0x74, 0x1c,
    0x39, 0xf3, 0x7f, 0x18, 0x31, 0xd2, 0x66, 0x89, 0xc2, 0x89, 0xe0, 0x83,
    0xc1, 0x02, 0xe8, 0xad, 0x13, 0x00, 0x00, 0x83, 0xf8, 0xff, 0x74, 0xe0,
    0x01, 0xc3, 0xeb, 0xdc, 0x39, 0xf3, 0x7e, 0xcf, 0x89, 0xf0, 0x83, 0xc4,
    0x04, 0x5e, 0x59, 0x5b, 0xc3, 0x8d, 0x80, 0x00, 0x00, 0x00, 0x00, 0x90,
    0x51, 0x56, 0x57, 0x83, 0xec, 0x0c, 0x89, 0xd7, 0x89, 0xde, 0xbb, 0x10,
    0x00, 0x00, 0x00, 0x89, 0xe2, 0xe8, 0xfa, 0x13, 0x00, 0x00, 0x89, 0xe0,
    0xe8, 0x23, 0x14, 0x00, 0x00, 0x89, 0xc2, 0x89, 0xf0, 0x8d, 0x0c, 0x3e,
    0x89, 0xd3, 0x4a, 0x85, 0xdb, 0x7e, 0x0f, 0x89, 0xc3, 0x49, 0x48, 0x85,
    0xdb, 0x7e, 0x07, 0x8a, 0x1c, 0x14, 0x88, 0x19, 0xeb, 0xea, 0x8d, 0x14,
    0x38, 0x89, 0xc1, 0x4a, 0x48, 0x85, 0xc9, 0x7e, 0x05, 0xc6, 0x02, 0x30,
    0xeb, 0xf3, 0xc6, 0x04, 0x37, 0x00, 0x83, 0xc4, 0x0c, 0x5f, 0x5e, 0x59,
    0xc3, 0x8d, 0x80, 0x00, 0x00, 0x00, 0x00, 0x8d, 0x52, 0x00, 0x8b, 0xdb,
    0x51, 0x56, 0x83, 0xec, 0x04, 0x89, 0xc1, 0x89, 0xde, 0x89, 0x14, 0x24,
    0x85, 0xd2, 0x0f, 0x8c, 0x7e, 0x00, 0x00, 0x00, 0x83, 0x7e, 0x0c, 0xff,
    0x75, 0x07, 0xc7, 0x46, 0x0c, 0x04, 0x00, 0x00, 0x00, 0xbb, 0x0a, 0x00,
    0x00, 0x00, 0x31, 0xc0, 0x89, 0xca, 0x66, 0x8b, 0x44, 0x24, 0x02, 0xe8,
    0x7c, 0x13, 0x00, 0x00, 0x89, 0xcb, 0x80, 0x39, 0x00, 0x74, 0x06, 0x41,
    0x80, 0x39, 0x00, 0x75, 0xfa, 0x83, 0x7e, 0x0c, 0x00, 0x74, 0x2d, 0xc6,
    0x01, 0x2e, 0x31, 0xc0, 0x41, 0x83, 0x7e, 0x0c, 0x00, 0x7e, 0x1e, 0x31,
    0xd2, 0x66, 0x89, 0x54, 0x24, 0x02, 0x6b, 0x14, 0x24, 0x0a, 0x89, 0x14,
    0x24, 0x8a, 0x54, 0x24, 0x02, 0x80, 0xc2, 0x30, 0x40, 0x88, 0x11, 0x41,
    0x3b, 0x46, 0x0c, 0x7c, 0xe2, 0xc6, 0x01, 0x00, 0xf6, 0x44, 0x24, 0x01,
    0x80, 0x74, 0x57, 0x39, 0xd9, 0x74, 0x23, 0x49, 0x80, 0x39, 0x2e, 0x75,
    0x01, 0x49, 0x8a, 0x11, 0x80, 0xfa, 0x39, 0x75, 0x4b, 0xc6, 0x01, 0x30,
    0xeb, 0xe9, 0x89, 0xd0, 0xc6, 0x01, 0x2d, 0xf7, 0xd8, 0x41, 0x89, 0x04,
    0x24, 0xe9, 0x72, 0xff, 0xff, 0xff, 0x8d, 0x4b, 0x01, 0xc6, 0x03, 0x31,
    0x80, 0x39, 0x30, 0x75, 0x06, 0x41, 0x80, 0x39, 0x30, 0x74, 0xfa, 0x8a,
    0x01, 0x3c, 0x2e, 0x75, 0x14, 0xc6, 0x01, 0x30, 0x83, 0xc1, 0x02, 0x88,
    0x41, 0xff, 0x80, 0x39, 0x30, 0x75, 0x06, 0x41, 0x80, 0x39, 0x30, 0x74,
    0xfa, 0x66, 0xc7, 0x01, 0x30, 0x00, 0x83, 0xc4, 0x04, 0x5e, 0x59, 0xc3,
    0x88, 0xd6, 0xfe, 0xc6, 0x88, 0x31, 0x83, 0xc4, 0x04, 0x5e, 0x59, 0xc3,
    0x8d, 0x80, 0x00, 0x00, 0x00, 0x00, 0x8d, 0x92, 0x00, 0x00, 0x00, 0x00,
    0x53, 0x52, 0xf6, 0x40, 0x04, 0x08, 0x75, 0x26, 0x80, 0x78, 0x2d, 0x30,
    0x75, 0x20, 0x8b, 0x50, 0x08, 0x8b, 0x58, 0x18, 0x2b, 0x50, 0x14, 0x29,
    0xda, 0x2b, 0x50, 0x1c, 0x2b, 0x50, 0x20, 0x2b, 0x50, 0x24, 0x2b, 0x50,
    0x28, 0x85, 0xd2, 0x7e, 0x05, 0x01, 0xd3, 0x89, 0x58, 0x18, 0x5a, 0x5b,
    0xc3, 0x8d, 0x80, 0x00, 0x00, 0x00, 0x00, 0x8d, 0x92, 0x00, 0x00, 0x00,
    0x00, 0x8d, 0x40, 0x00, 0x51, 0x56, 0x57, 0x55, 0x83, 0xec, 0x04, 0x89,
    0xc7, 0x89, 0xd1, 0x89, 0xdd, 0x83, 0x7a, 0x1c, 0x00, 0x7e, 0x36, 0x31,
    0xd2, 0x89, 0xe0, 0x66, 0x8b, 0x17, 0x83, 0xc7, 0x02, 0xe8, 0xde, 0x11,
    0x00, 0x00, 0x89, 0xc3, 0x83, 0xf8, 0xff, 0x74, 0x1a, 0x3b, 0x41, 0x1c,
    0x7f, 0x23, 0x89, 0xe6, 0x4b, 0x83, 0xfb, 0xff, 0x74, 0x0d, 0x89, 0xc8,
    0x0f, 0xbe, 0x16, 0x46, 0xff, 0xd5, 0xff, 0x49, 0x1c, 0xeb, 0xed, 0x83,
    0x79, 0x1c, 0x00, 0x7f, 0xca, 0x83, 0xc4, 0x04, 0x5d, 0x5f, 0x5e, 0x59,
    0xc3, 0xc7, 0x41, 0x1c, 0x00, 0x00, 0x00, 0x00, 0x83, 0xc4, 0x04, 0x5d,
    0x5f, 0x5e, 0x59, 0xc3, 0x56, 0x57, 0x55, 0x83, 0xec, 0x10, 0x89, 0xc7,
    0x89, 0xde, 0x89, 0xd0, 0xc7, 0x43, 0x28, 0x00, 0x00, 0x00, 0x00, 0x8b,
    0x53, 0x28, 0x89, 0x53, 0x24, 0x89, 0x53, 0x20, 0x89, 0x53, 0x1c, 0x89,
    0x53, 0x18, 0x89, 0x53, 0x14, 0x8a, 0x53, 0x2c, 0x89, 0xfd, 0x80, 0xfa,
    0x69, 0x0f, 0x83, 0xc5, 0x00, 0x00, 0x00, 0x80, 0xfa, 0x64, 0x0f, 0x85,
    0xf3, 0x00, 0x00, 0x00, 0x8a, 0x56, 0x04, 0xf6, 0xc2, 0x80, 0x0f, 0x84,
    0x3b, 0x01, 0x00, 0x00, 0x8b, 0x18, 0x83, 0xc3, 0x08, 0x89, 0x18, 0x89,
    0xda, 0x8b, 0x5b, 0xf8, 0x8b, 0x52, 0xfc, 0x89, 0x5c, 0x24, 0x04, 0x89,
    0x54, 0x24, 0x08, 0x30, 0xd2, 0xf6, 0x46, 0x04, 0x80, 0x0f, 0x84, 0x57,
    0x01, 0x00, 0x00, 0x8b, 0x5c, 0x24, 0x08, 0x85, 0xdb, 0x7c, 0x08, 0x84,
    0xd2, 0x0f, 0x84, 0x55, 0x01, 0x00, 0x00, 0x8b, 0x56, 0x14, 0x8d, 0x5a,
    0x01, 0x89, 0x5e, 0x14, 0xc6, 0x04, 0x3a, 0x2d, 0xf6, 0x46, 0x04, 0x80,
    0x0f, 0x84, 0x37, 0x01, 0x00, 0x00, 0x8b, 0x54, 0x24, 0x08, 0xf7, 0xda,
    0x89, 0x54, 0x24, 0x08, 0xf7, 0x5c, 0x24, 0x04, 0x83, 0xda, 0x00, 0x89,
    0x54, 0x24, 0x08, 0x8a, 0x56, 0x2c, 0xc7, 0x04, 0x24, 0x0a, 0x00, 0x00,
    0x00, 0x80, 0xfa, 0x63, 0x0f, 0x83, 0x4b, 0x01, 0x00, 0x00, 0x80, 0xfa,
    0x47, 0x0f, 0x83, 0x8b, 0x03, 0x00, 0x00, 0x80, 0xfa, 0x43, 0x0f, 0x83,
    0xdd, 0x03, 0x00, 0x00, 0x80, 0xfa, 0x41, 0x0f, 0x84, 0xb7, 0x03, 0x00,
    0x00, 0xc7, 0x46, 0x08, 0x00, 0x00, 0x00, 0x00, 0x8a, 0x46, 0x2c, 0x88,
    0x07, 0xc7, 0x46, 0x14, 0x01, 0x00, 0x00, 0x00, 0x89, 0xf0, 0xe8, 0x71,
    0xfe, 0xff, 0xff, 0x89, 0xe8, 0x83, 0xc4, 0x10, 0x5d, 0x5f, 0x5e, 0xc3,
    0x0f, 0x86, 0x3e, 0xff, 0xff, 0xff, 0x80, 0xfa, 0x78, 0x75, 0x1d, 0x8a,
    0x56, 0x04, 0xf6, 0xc2, 0x80, 0x74, 0x33, 0x8b, 0x18, 0x83, 0xc3, 0x08,
    0x89, 0x18, 0x89, 0xda, 0x8b, 0x5b, 0xf8, 0x8b, 0x52, 0xfc, 0x89, 0x5c,
    0x24, 0x04, 0xeb, 0x83, 0x80, 0xfa, 0x75, 0x74, 0xde, 0x80, 0xfa, 0x6f,
    0x74, 0xd9, 0xe9, 0x78, 0xff, 0xff, 0xff, 0x80, 0xfa, 0x62, 0x74, 0xcf,
    0x80, 0xfa, 0x58, 0x74, 0xca, 0xe9, 0x69, 0xff, 0xff, 0xff, 0xf6, 0xc2,
    0x40, 0x74, 0x0f, 0x8b, 0x08, 0x83, 0xc1, 0x04, 0x89, 0x08, 0x8b, 0x49,
    0xfc, 0xe9, 0x55, 0xff, 0xff, 0xff, 0x8b, 0x10, 0x83, 0xc2, 0x04, 0x89,
    0x10, 0x8a, 0x5e, 0x04, 0x8b, 0x4a, 0xfc, 0xf6, 0xc3, 0x20, 0x74, 0x0b,
    0x81, 0xe1, 0xff, 0xff, 0x00, 0x00, 0xe9, 0x38, 0xff, 0xff, 0xff, 0xf6,
    0xc3, 0x10, 0x0f, 0x84, 0x2f, 0xff, 0xff, 0xff, 0x81, 0xe1, 0xff, 0x00,
    0x00, 0x00, 0xe9, 0x24, 0xff, 0xff, 0xff, 0xf6, 0xc2, 0x40, 0x74, 0x0f,
    0x8b, 0x08, 0x83, 0xc1, 0x04, 0x89, 0x08, 0x8b, 0x49, 0xfc, 0xe9, 0xc8,
    0xfe, 0xff, 0xff, 0x8b, 0x10, 0x83, 0xc2, 0x04, 0x89, 0x10, 0x8a, 0x5e,
    0x04, 0x8b, 0x4a, 0xfc, 0xf6, 0xc3, 0x20, 0x74, 0x08, 0x0f, 0xbf, 0xc9,
    0xe9, 0xae, 0xfe, 0xff, 0xff, 0xf6, 0xc3, 0x10, 0x0f, 0x84, 0xa5, 0xfe,
    0xff, 0xff, 0x0f, 0xbe, 0xc9, 0xe9, 0x9d, 0xfe, 0xff, 0xff, 0x85, 0xc9,
    0xe9, 0xa8, 0xfe, 0xff, 0xff, 0xf7, 0xd9, 0xe9, 0xd7, 0xfe, 0xff, 0xff,
    0x8a, 0x5e, 0x04, 0xf6, 0xc3, 0x04, 0x74, 0x12, 0x8b, 0x56, 0x14, 0x8d,
    0x5a, 0x01, 0x89, 0x5e, 0x14, 0xc6, 0x04, 0x3a, 0x2b, 0xe9, 0xbd, 0xfe,
    0xff, 0xff, 0xf6, 0xc3, 0x02, 0x0f, 0x84, 0xb4, 0xfe, 0xff, 0xff, 0x8b,
    0x56, 0x14, 0x8d, 0x5a, 0x01, 0x89, 0x5e, 0x14, 0xc6, 0x04, 0x3a, 0x20,
    0xe9, 0xa2, 0xfe, 0xff, 0xff, 0x77, 0x2d, 0xc7, 0x46, 0x1c, 0x01, 0x00,
    0x00, 0x00, 0xf6, 0x46, 0x04, 0x40, 0x0f, 0x85, 0x62, 0x03, 0x00, 0x00,
    0x8b, 0x10, 0x83, 0xc2, 0x04, 0x89, 0x10, 0x8a, 0x42, 0xfc, 0x88, 0x07,
    0x89, 0xf0, 0xe8, 0x35, 0xfd, 0xff, 0xff, 0x89, 0xe8, 0x83, 0xc4, 0x10,
    0x5d, 0x5f, 0x5e, 0xc3, 0x80, 0xfa, 0x69, 0x0f, 0x83, 0x8d, 0x00, 0x00,
    0x00, 0x80, 0xfa, 0x65, 0x0f, 0x83, 0xb8, 0x01, 0x00, 0x00, 0x83, 0x7e,
    0x0c, 0xff, 0x74, 0x04, 0xc6, 0x46, 0x2d, 0x20, 0x8b, 0x6e, 0x14, 0x01,
    0xfd, 0xf6, 0x46, 0x04, 0x80, 0x0f, 0x84, 0xc3, 0x02, 0x00, 0x00, 0x83,
    0x7e, 0x0c, 0x00, 0x0f, 0x85, 0x86, 0x02, 0x00, 0x00, 0x83, 0x7c, 0x24,
    0x08, 0x00, 0x0f, 0x85, 0x7b, 0x02, 0x00, 0x00, 0x83, 0x7c, 0x24, 0x04,
    0x00, 0x0f, 0x85, 0x70, 0x02, 0x00, 0x00, 0xc6, 0x45, 0x00, 0x00, 0x31,
    0xc0, 0x89, 0xc2, 0x8b, 0x7e, 0x0c, 0x89, 0x46, 0x1c, 0x39, 0xf8, 0x0f,
    0x8c, 0xce, 0x02, 0x00, 0x00, 0xf6, 0x46, 0x04, 0x01, 0x0f, 0x84, 0x49,
    0xfe, 0xff, 0xff, 0x83, 0x3c, 0x24, 0x0a, 0x0f, 0x8d, 0x3f, 0xfe, 0xff,
    0xff, 0x85, 0xc0, 0x74, 0x0a, 0x80, 0x7d, 0x00, 0x30, 0x0f, 0x84, 0x31,
    0xfe, 0xff, 0xff, 0xff, 0x46, 0x18, 0x89, 0xf0, 0xe8, 0x9f, 0xfc, 0xff,
    0xff, 0x89, 0xe8, 0x83, 0xc4, 0x10, 0x5d, 0x5f, 0x5e, 0xc3, 0x0f, 0x86,
    0x76, 0xff, 0xff, 0xff, 0x80, 0xfa, 0x73, 0x73, 0x5c, 0x80, 0xfa, 0x70,
    0x0f, 0x85, 0x0b, 0x01, 0x00, 0x00, 0x83, 0x7e, 0x08, 0x00, 0x75, 0x07,
    0xc7, 0x46, 0x08, 0x08, 0x00, 0x00, 0x00, 0x80, 0x66, 0x04, 0xf9, 0x8b,
    0x10, 0x83, 0xc2, 0x04, 0x89, 0x10, 0xbb, 0x08, 0x00, 0x00, 0x00, 0x8b,
    0x42, 0xfc, 0x89, 0xfa, 0xe8, 0x0b, 0xfb, 0xff, 0xff, 0x80, 0x7e, 0x2c,
    0x50, 0x75, 0x07, 0x89, 0xf8, 0xe8, 0x5e, 0x0f, 0x00, 0x00, 0xba, 0xff,
    0xff, 0xff, 0xff, 0x89, 0xe8, 0xe8, 0x62, 0xfa, 0xff, 0xff, 0x89, 0x46,
    0x14, 0x89, 0xf0, 0xe8, 0x38, 0xfc, 0xff, 0xff, 0x89, 0xe8, 0x83, 0xc4,
    0x10, 0x5d, 0x5f, 0x5e, 0xc3, 0x77, 0x5a, 0xc6, 0x07, 0x00, 0x8b, 0x08,
    0x83, 0xc1, 0x04, 0x89, 0x08, 0x8b, 0x41, 0xfc, 0x85, 0xc0, 0x74, 0x02,
    0x89, 0xc5, 0x80, 0x7e, 0x2c, 0x53, 0x0f, 0x85, 0x7f, 0x01, 0x00, 0x00,
    0xf6, 0x46, 0x04, 0x20, 0x0f, 0x84, 0x66, 0x01, 0x00, 0x00, 0x89, 0xe8,
    0x8b, 0x56, 0x0c, 0xe8, 0x1c, 0xfa, 0xff, 0xff, 0x8b, 0x5e, 0x0c, 0x89,
    0x46, 0x1c, 0x85, 0xdb, 0x0f, 0x8c, 0x76, 0xfd, 0xff, 0xff, 0x39, 0xd8,
    0x0f, 0x8e, 0x6e, 0xfd, 0xff, 0xff, 0x89, 0x5e, 0x1c, 0x89, 0xf0, 0xe8,
    0xdc, 0xfb, 0xff, 0xff, 0x89, 0xe8, 0x83, 0xc4, 0x10, 0x5d, 0x5f, 0x5e,
    0xc3, 0x80, 0xfa, 0x78, 0x75, 0x49, 0x8a, 0x5e, 0x04, 0xf6, 0xc3, 0x01,
    0x74, 0x35, 0xf6, 0xc3, 0x80, 0x0f, 0x84, 0x45, 0x01, 0x00, 0x00, 0x83,
    0x7c, 0x24, 0x08, 0x00, 0x75, 0x07, 0x83, 0x7c, 0x24, 0x04, 0x00, 0x74,
    0x1e, 0x8b, 0x46, 0x14, 0x8d, 0x50, 0x01, 0x89, 0x56, 0x14, 0xc6, 0x04,
    0x07, 0x30, 0x8b, 0x46, 0x14, 0x8d, 0x50, 0x01, 0x89, 0x56, 0x14, 0x8d,
    0x14, 0x07, 0x8a, 0x46, 0x2c, 0x88, 0x02, 0xc7, 0x04, 0x24, 0x10, 0x00,
    0x00, 0x00, 0xe9, 0x6b, 0xfe, 0xff, 0xff, 0x80, 0xfa, 0x75, 0x0f, 0x84,
    0x62, 0xfe, 0xff, 0xff, 0xe9, 0xec, 0xfc, 0xff, 0xff, 0x80, 0xfa, 0x6f,
    0x0f, 0x85, 0xe3, 0xfc, 0xff, 0xff, 0xc7, 0x04, 0x24, 0x08, 0x00, 0x00,
    0x00, 0xe9, 0x48, 0xfe, 0xff, 0xff, 0x0f, 0x86, 0x88, 0x00, 0x00, 0x00,
    0x80, 0xfa, 0x67, 0x0f, 0x84, 0x7f, 0x00, 0x00, 0x00, 0x80, 0xfa, 0x66,
    0x0f, 0x85, 0xbf, 0xfc, 0xff, 0xff, 0xf6, 0x46, 0x04, 0x20, 0x74, 0x70,
    0x8b, 0x10, 0x83, 0xc2, 0x04, 0x89, 0xf3, 0x89, 0x10, 0x89, 0xf8, 0x8b,
    0x52, 0xfc, 0xe8, 0x41, 0xfa, 0xff, 0xff, 0xba, 0xff, 0xff, 0xff, 0xff,
    0x89, 0xf8, 0xe8, 0x45, 0xf9, 0xff, 0xff, 0x89, 0x46, 0x1c, 0x89, 0xf0,
    0xe8, 0x1b, 0xfb, 0xff, 0xff, 0x89, 0xe8, 0x83, 0xc4, 0x10, 0x5d, 0x5f,
    0x5e, 0xc3, 0x76, 0x3c, 0x80, 0xfa, 0x58, 0x73, 0x17, 0x80, 0xfa, 0x53,
    0x0f, 0x84, 0xd5, 0xfe, 0xff, 0xff, 0x80, 0xfa, 0x50, 0x0f, 0x84, 0x77,
    0xfe, 0xff, 0xff, 0xe9, 0x69, 0xfc, 0xff, 0xff, 0x0f, 0x86, 0x20, 0xff,
    0xff, 0xff, 0x80, 0xfa, 0x62, 0x75, 0x0c, 0xc7, 0x04, 0x24, 0x02, 0x00,
    0x00, 0x00, 0xe9, 0xc3, 0xfd, 0xff, 0xff, 0x80, 0xfa, 0x61, 0x0f, 0x85,
    0x49, 0xfc, 0xff, 0xff, 0x89, 0xf3, 0x89, 0xc2, 0x89, 0xf8, 0x45, 0xff,
    0x15, 0x0c, 0x03, 0x02, 0x00, 0x89, 0xf0, 0xe8, 0xc0, 0xfa, 0xff, 0xff,
    0x89, 0xe8, 0x83, 0xc4, 0x10, 0x5d, 0x5f, 0x5e, 0xc3, 0x0f, 0x86, 0x20,
    0x01, 0x00, 0x00, 0x80, 0xfa, 0x46, 0x0f, 0x84, 0x5e, 0xff, 0xff, 0xff,
    0x80, 0xfa, 0x45, 0xe9, 0x0f, 0xfc, 0xff, 0xff, 0x89, 0xe8, 0x8b, 0x56,
    0x0c, 0xe8, 0xd6, 0xf8, 0xff, 0xff, 0xe9, 0x95, 0xfe, 0xff, 0xff, 0xf6,
    0x46, 0x04, 0x40, 0x0f, 0x84, 0x81, 0xfe, 0xff, 0xff, 0x89, 0xe8, 0x8b,
    0x56, 0x0c, 0xe8, 0xbd, 0xf8, 0xff, 0xff, 0xe9, 0x7c, 0xfe, 0xff, 0xff,
    0x85, 0xc9, 0xe9, 0xc0, 0xfe, 0xff, 0xff, 0x8b, 0x0c, 0x24, 0x8b, 0x44,
    0x24, 0x04, 0x8b, 0x5e, 0x14, 0x8b, 0x54, 0x24, 0x08, 0x01, 0xfb, 0xe8,
    0x8c, 0x0d, 0x00, 0x00, 0x80, 0x7e, 0x2c, 0x58, 0x75, 0x07, 0x89, 0xf8,
    0xe8, 0x5f, 0x0d, 0x00, 0x00, 0xba, 0xff, 0xff, 0xff, 0xff, 0x89, 0xe8,
    0xe8, 0x63, 0xf8, 0xff, 0xff, 0xe9, 0x63, 0xfd, 0xff, 0xff, 0x8b, 0x46,
    0x0c, 0x85, 0xc0, 0x75, 0x0d, 0x85, 0xc9, 0x75, 0x09, 0xc6, 0x45, 0x00,
    0x00, 0xe9, 0x4f, 0xfd, 0xff, 0xff, 0x8b, 0x1c, 0x24, 0x8b, 0x56, 0x14,
    0x89, 0xc8, 0x01, 0xfa, 0xe8, 0xdb, 0x0d, 0x00, 0x00, 0x80, 0x7e, 0x2c,
    0x58, 0x75, 0x07, 0x89, 0xf8, 0xe8, 0x1e, 0x0d, 0x00, 0x00, 0xba, 0xff,
    0xff, 0xff, 0xff, 0x89, 0xe8, 0xe8, 0x22, 0xf8, 0xff, 0xff, 0xe9, 0x22,
    0xfd, 0xff, 0xff, 0x89, 0xf8, 0x29, 0xd0, 0x89, 0x46, 0x18, 0x89, 0xf0,
    0xe8, 0xef, 0xf9, 0xff, 0xff, 0x89, 0xe8, 0x83, 0xc4, 0x10, 0x5d, 0x5f,
    0x5e, 0xc3, 0x8b, 0x08, 0x83, 0xc1, 0x04, 0x89, 0x08, 0x31, 0xd2, 0x66,
    0x8b, 0x41, 0xfc, 0x66, 0x89, 0xc2, 0x8d, 0x44, 0x24, 0x0c, 0xe8, 0x0d,
    0x0c, 0x00, 0x00, 0x83, 0xf8, 0xff, 0x0f, 0x84, 0x4c, 0xfb, 0xff, 0xff,
    0x8a, 0x44, 0x24, 0x0c, 0x88, 0x07, 0x31, 0xc0, 0x8a, 0x44, 0x24, 0x0c,
    0xe8, 0xf3, 0x0d, 0x00, 0x00, 0x85, 0xc0, 0x0f, 0x84, 0x33, 0xfb, 0xff,
    0xff, 0x8a, 0x44, 0x24, 0x0d, 0x88, 0x47, 0x01, 0xff, 0x46, 0x14, 0x89,
    0xf0, 0xe8, 0x9a, 0xf9, 0xff, 0xff, 0x89, 0xe8, 0x83, 0xc4, 0x10, 0x5d,
    0x5f, 0x5e, 0xc3, 0x8b, 0x08, 0x83, 0xc1, 0x04, 0x89, 0x08, 0x66, 0x8b,
    0x51, 0xfc, 0x81, 0xe2, 0xff, 0xff, 0x00, 0x00, 0x89, 0xf8, 0xe8, 0xb9,
    0x0b, 0x00, 0x00, 0x83, 0xf8, 0xff, 0x74, 0x13, 0x89, 0x46, 0x1c, 0x89,
    0xf0, 0xe8, 0x6a, 0xf9, 0xff, 0xff, 0x89, 0xe8, 0x83, 0xc4, 0x10, 0x5d,
    0x5f, 0x5e, 0xc3, 0xc7, 0x46, 0x1c, 0x00, 0x00, 0x00, 0x00, 0x89, 0xf0,
    0xe8, 0x53, 0xf9, 0xff, 0xff, 0x89, 0xe8, 0x83, 0xc4, 0x10, 0x5d, 0x5f,
    0x5e, 0xc3, 0x8d, 0x80, 0x00, 0x00, 0x00, 0x00, 0x8d, 0x54, 0x22, 0x00,
    0x56, 0x57, 0x81, 0xec, 0x80, 0x00, 0x00, 0x00, 0x89, 0x5c, 0x24, 0x78,
    0x89, 0xce, 0x89, 0x44, 0x24, 0x48, 0x31, 0xc0, 0xc6, 0x44, 0x24, 0x7c,
    0x00, 0x66, 0x89, 0x44, 0x24, 0x4c, 0x31, 0xc0, 0x66, 0xc7, 0x44, 0x24,
    0x4e, 0xc8, 0x00, 0x89, 0x44, 0x24, 0x58, 0x89, 0xd7, 0x80, 0x3a, 0x00,
    0x74, 0x1a, 0x8a, 0x2f, 0x8d, 0x47, 0x01, 0x80, 0xfd, 0x25, 0x74, 0x1d,
    0x0f, 0xbe, 0xd5, 0x89, 0xc7, 0x8d, 0x44, 0x24, 0x48, 0xff, 0xd6, 0x80,
    0x3f, 0x00, 0x75, 0xe6, 0x8b, 0x44, 0x24, 0x58, 0x81, 0xc4, 0x80, 0x00,
    0x00, 0x00, 0x5f, 0x5e, 0xc3, 0x8d, 0x5c, 0x24, 0x48, 0x8d, 0x54, 0x24,
    0x78, 0xe8, 0x7a, 0xf5, 0xff, 0xff, 0x89, 0xc7, 0x8a, 0x00, 0x47, 0x88,
    0x44, 0x24, 0x74, 0x84, 0xc0, 0x74, 0xd9, 0x3c, 0x6e, 0x75, 0x4d, 0x8b,
    0x44, 0x24, 0x78, 0x83, 0xc0, 0x04, 0x89, 0x44, 0x24, 0x78, 0x8a, 0x5c,
    0x24, 0x4c, 0x8b, 0x48, 0xfc, 0xf6, 0xc3, 0x10, 0x74, 0x08, 0x8a, 0x44,
    0x24, 0x58, 0x88, 0x01, 0xeb, 0xb1, 0xf6, 0xc3, 0x20, 0x74, 0x09, 0x8b,
    0x44, 0x24, 0x58, 0x66, 0x89, 0x01, 0xeb, 0xa3, 0xf6, 0xc3, 0x40, 0x74,
    0x08, 0x8b, 0x44, 0x24, 0x58, 0x89, 0x01, 0xeb, 0x96, 0xf6, 0xc3, 0x80,
    0x74, 0xf3, 0x8b, 0x44, 0x24, 0x58, 0x89, 0x01, 0xc1, 0xf8, 0x1f, 0x89,
    0x41, 0x04, 0xeb, 0x83, 0x8d, 0x4c, 0x24, 0x7c, 0x8d, 0x5c, 0x24, 0x48,
    0x8d, 0x54, 0x24, 0x78, 0x89, 0xe0, 0xe8, 0x09, 0xf9, 0xff, 0xff, 0x89,
    0xc1, 0x8b, 0x44, 0x24, 0x5c, 0x03, 0x44, 0x24, 0x60, 0x03, 0x44, 0x24,
    0x64, 0x03, 0x44, 0x24, 0x68, 0x03, 0x44, 0x24, 0x6c, 0x03, 0x44, 0x24,
    0x70, 0x29, 0x44, 0x24, 0x50, 0xf6, 0x44, 0x24, 0x4c, 0x08, 0x75, 0x1f,
    0x80, 0x7c, 0x24, 0x75, 0x20, 0x75, 0x18, 0x83, 0x7c, 0x24, 0x50, 0x00,
    0x7e, 0x11, 0xba, 0x20, 0x00, 0x00, 0x00, 0x8d, 0x44, 0x24, 0x48, 0xff,
    0xd6, 0xff, 0x4c, 0x24, 0x50, 0xeb, 0xe8, 0x89, 0xe3, 0x83, 0x7c, 0x24,
    0x5c, 0x00, 0x7e, 0x17, 0x8d, 0x44, 0x24, 0x48, 0x0f, 0xbe, 0x13, 0xff,
    0xd6, 0x8b, 0x44, 0x24, 0x5c, 0x48, 0x43, 0x89, 0x44, 0x24, 0x5c, 0x85,
    0xc0, 0x7f, 0xe9, 0x83, 0x7c, 0x24, 0x60, 0x00, 0x7e, 0x11, 0xba, 0x30,
    0x00, 0x00, 0x00, 0x8d, 0x44, 0x24, 0x48, 0xff, 0xd6, 0xff, 0x4c, 0x24,
    0x60, 0xeb, 0xe8, 0x8a, 0x54, 0x24, 0x74, 0x80, 0xfa, 0x73, 0x75, 0x43,
    0xf6, 0x44, 0x24, 0x4c, 0x40, 0x75, 0x17, 0x83, 0x7c, 0x24, 0x64, 0x00,
    0x7e, 0x1d, 0x8d, 0x44, 0x24, 0x48, 0x0f, 0xbe, 0x11, 0x41, 0xff, 0xd6,
    0xff, 0x4c, 0x24, 0x64, 0xeb, 0xe9, 0x8d, 0x54, 0x24, 0x48, 0x89, 0xf3,
    0x89, 0xc8, 0xe8, 0xf9, 0xf7, 0xff, 0xff, 0x83, 0x7c, 0x24, 0x68, 0x00,
    0x7e, 0x2d, 0xba, 0x30, 0x00, 0x00, 0x00, 0x8d, 0x44, 0x24, 0x48, 0xff,
    0xd6, 0xff, 0x4c, 0x24, 0x68, 0xeb, 0xe8, 0x80, 0xfa, 0x53, 0x74, 0xd6,
    0x83, 0x7c, 0x24, 0x64, 0x00, 0x7e, 0xdc, 0x8d, 0x44, 0x24, 0x48, 0x0f,
    0xbe, 0x11, 0x41, 0xff, 0xd6, 0xff, 0x4c, 0x24, 0x64, 0xeb, 0xe9, 0x83,
    0x7c, 0x24, 0x6c, 0x00, 0x7e, 0x10, 0x8d, 0x44, 0x24, 0x48, 0x0f, 0xbe,
    0x11, 0x41, 0xff, 0xd6, 0xff, 0x4c, 0x24, 0x6c, 0xeb, 0xe9, 0x83, 0x7c,
    0x24, 0x70, 0x00, 0x7e, 0x11, 0xba, 0x30, 0x00, 0x00, 0x00, 0x8d, 0x44,
    0x24, 0x48, 0xff, 0xd6, 0xff, 0x4c, 0x24, 0x70, 0xeb, 0xe8, 0xf6, 0x44,
    0x24, 0x4c, 0x08, 0x0f, 0x84, 0x52, 0xfe, 0xff, 0xff, 0x83, 0x7c, 0x24,
    0x50, 0x00, 0x0f, 0x8e, 0x47, 0xfe, 0xff, 0xff, 0xba, 0x20, 0x00, 0x00,
    0x00, 0x8d, 0x44, 0x24, 0x48, 0xff, 0xd6, 0xff, 0x4c, 0x24, 0x50, 0xeb,
    0xe4, 0x00, 0x00, 0x00, 0x00, 0x00, 0x00, 0x00, 0x00, 0x00, 0x00, 0x00,
    0x00, 0x00, 0x00, 0x00, 0x53, 0x51, 0x52, 0x56, 0x57, 0x55, 0x89, 0xc1,
    0x8b, 0x40, 0x10, 0xff, 0x15, 0xd0, 0x02, 0x02, 0x00, 0x8a, 0x41, 0x0d,
    0x31, 0xed, 0xa8, 0x10, 0x0f, 0x85, 0x73, 0x00, 0x00, 0x00, 0x8b, 0x41,
    0x08, 0x83, 0x78, 0x08, 0x00, 0x74, 0x2d, 0x80, 0x61, 0x0c, 0xef, 0xf6,
    0x41, 0x0d, 0x20, 0x75, 0x23, 0x8b, 0x41, 0x04, 0x85, 0xc0, 0x74, 0x11,
    0x89, 0xc2, 0xbb, 0x01, 0x00, 0x00, 0x00, 0xf7, 0xda, 0x8b, 0x41, 0x10,
    0xe8, 0x37, 0x0b, 0x00, 0x00, 0x83, 0xf8, 0xff, 0x75, 0x06, 0x89, 0xc5,
    0x80, 0x49, 0x0c, 0x20, 0x8b, 0x41, 0x08, 0x8b, 0x40, 0x08, 0xc7, 0x41,
    0x04, 0x00, 0x00, 0x00, 0x00, 0x89, 0x01, 0x85, 0xed, 0x75, 0x18, 0x8b,
    0x41, 0x08, 0xf6, 0x40, 0x10, 0x01, 0x74, 0x0f, 0x8b, 0x41, 0x10, 0xe8,
    0x38, 0x0b, 0x00, 0x00, 0x83, 0xf8, 0xff, 0x75, 0x02, 0x89, 0xc5, 0x8b,
    0x41, 0x10, 0xff, 0x15, 0xd4, 0x02, 0x02, 0x00, 0x89, 0xe8, 0x5d, 0x5f,
    0x5e, 0x5a, 0x59, 0x5b, 0xc3, 0x88, 0xc3, 0x80, 0xe3, 0xef, 0x88, 0x59,
    0x0d, 0xf6, 0x41, 0x0c, 0x02, 0x74, 0xb5, 0x8b, 0x79, 0x08, 0x8b, 0x5f,
    0x08, 0x85, 0xdb, 0x74, 0xab, 0x8b, 0x71, 0x04, 0x89, 0xdf, 0x85, 0xf6,
    0x74, 0xa2, 0x85, 0xed, 0x75, 0x9e, 0x89, 0xf3, 0x89, 0xfa, 0x8b, 0x41,
    0x10, 0xe8, 0x1e, 0x0b, 0x00, 0x00, 0x89, 0xc2, 0x83, 0xf8, 0xff, 0x75,
    0x11, 0x89, 0xc5, 0x80, 0x49, 0x0c, 0x20, 0x01, 0xd7, 0x29, 0xd6, 0x75,
    0xdd, 0xe9, 0x7a, 0xff, 0xff, 0xff, 0x85, 0xc0, 0x75, 0xf1, 0xb8, 0x0c,
    0x00, 0x00, 0x00, 0xbd, 0xff, 0xff, 0xff, 0xff, 0xe8, 0xb4, 0x07, 0x00,
    0x00, 0x80, 0x49, 0x0c, 0x20, 0x01, 0xd7, 0x29, 0xd6, 0x75, 0xbb, 0xe9,
    0x58, 0xff, 0xff, 0xff, 0x00, 0x00, 0x00, 0x00, 0x83, 0x38, 0x00, 0x75,
    0x01, 0xc3, 0xff, 0x10, 0xc3, 0x8d, 0x80, 0x00, 0x00, 0x00, 0x00, 0x90,
    0x53, 0x51, 0x52, 0x56, 0x88, 0xc6, 0xbe, 0x7c, 0x05, 0x02, 0x00, 0xb8,
    0x58, 0x05, 0x02, 0x00, 0x89, 0xf1, 0x88, 0xf2, 0x39, 0xc6, 0x76, 0x1a,
    0x80, 0x38, 0x02, 0x74, 0x0b, 0x8a, 0x78, 0x01, 0x38, 0xfa, 0x72, 0x04,
    0x89, 0xc1, 0x88, 0xfa, 0x83, 0xc0, 0x06, 0x3d, 0x7c, 0x05, 0x02, 0x00,
    0x72, 0xe6, 0x81, 0xf9, 0x7c, 0x05, 0x02, 0x00, 0x75, 0x05, 0x5e, 0x5a,
    0x59, 0x5b, 0xc3, 0x8d, 0x41, 0x02, 0xe8, 0xa9, 0xff, 0xff, 0xff, 0xc6,
    0x01, 0x02, 0xeb, 0xbf, 0x8d, 0x44, 0x20, 0x00, 0x53, 0x51, 0x56, 0x88,
    0xc3, 0x88, 0xd6, 0xbe, 0x88, 0x05, 0x02, 0x00, 0xb8, 0x7c, 0x05, 0x02,
    0x00, 0x89, 0xf1, 0x88, 0xda, 0x39, 0xc6, 0x76, 0x1a, 0x80, 0x38, 0x02,
    0x74, 0x0b, 0x8a, 0x78, 0x01, 0x38, 0xfa, 0x77, 0x04, 0x89, 0xc1, 0x88,
    0xfa, 0x83, 0xc0, 0x06, 0x3d, 0x88, 0x05, 0x02, 0x00, 0x72, 0xe6, 0x81,
    0xf9, 0x88, 0x05, 0x02, 0x00, 0x74, 0x14, 0x3a, 0x71, 0x01, 0x73, 0x05,
    0xc6, 0x01, 0x02, 0xeb, 0xc7, 0x8d, 0x41, 0x02, 0xe8, 0x53, 0xff, 0xff,
    0xff, 0xeb, 0xf1, 0x5e, 0x59, 0x5b, 0xc3, 0x00, 0x00, 0x00, 0x00, 0x00,
    0x00, 0x00, 0x00, 0x00, 0x00, 0x00, 0x00, 0x00, 0x52, 0x89, 0xc2, 0x85,
    0xc0, 0x75, 0x02, 0x5a, 0xc3, 0xc7, 0x40, 0x0c, 0x01, 0x00, 0x00, 0x00,
    0xe8, 0xe1, 0xef, 0xff, 0xff, 0x05, 0x00, 0x10, 0x00, 0x00, 0x89, 0x02,
    0x5a, 0xc3, 0x00, 0x00, 0x51, 0x89, 0xd9, 0x50, 0x8a, 0xf2, 0xc1, 0xe2,
    0x08, 0x8a, 0xd6, 0xc1, 0xe2, 0x08, 0x8a, 0xd6, 0xe8, 0x8b, 0x0a, 0x00,
    0x00, 0x58, 0x59, 0xc3, 0x00, 0x00, 0x00, 0x00, 0x00, 0x00, 0x00, 0x00,
    0x55, 0x89, 0xe5, 0xa1, 0xb0, 0x02, 0x02, 0x00, 0x83, 0xc0, 0x03, 0x24,
    0xfc, 0x8b, 0x15, 0xb0, 0x02, 0x02, 0x00, 0x2b, 0xe0, 0x89, 0xe0, 0x01,
    0xd0, 0xa3, 0xb4, 0x02, 0x02, 0x00, 0xe8, 0xbd, 0x06, 0x00, 0x00, 0x8b,
    0x15, 0xa8, 0x07, 0x02, 0x00, 0xa1, 0xa4, 0x07, 0x02, 0x00, 0xe8, 0x7d,
    0xea, 0xff, 0xff, 0xe9, 0xf9, 0x0a, 0x00, 0x00, 0x00, 0x00, 0x00, 0x00,
    0x00, 0x00, 0x00, 0x00, 0x46, 0x6c, 0x6f, 0x61, 0x74, 0x69, 0x6e, 0x67,
    0x2d, 0x70, 0x6f, 0x69, 0x6e, 0x74, 0x20, 0x73, 0x75, 0x70, 0x70, 0x6f,
    0x72, 0x74, 0x20, 0x6e, 0x6f, 0x74, 0x20, 0x6c, 0x6f, 0x61, 0x64, 0x65,
    0x64, 0x00, 0x8d, 0x80, 0x00, 0x00, 0x00, 0x00, 0x8d, 0x92, 0x00, 0x00,
    0x00, 0x00, 0x8b, 0xc0, 0x52, 0xba, 0x01, 0x00, 0x00, 0x00, 0xb8, 0xa0,
    0x15, 0x01, 0x00, 0xe9, 0x70, 0x04, 0x00, 0x00, 0x55, 0x89, 0xe5, 0x51,
    0x56, 0x57, 0x83, 0xec, 0x40, 0x50, 0x89, 0xd9, 0x8b, 0x5b, 0x0c, 0x31,
    0xf6, 0xc7, 0x45, 0xb8, 0x01, 0x00, 0x00, 0x00, 0x89, 0x75, 0xbc, 0x8a,
    0x41, 0x2c, 0x3c, 0x47, 0x0f, 0x83, 0xdd, 0x00, 0x00, 0x00, 0x3c, 0x46,
    0x0f, 0x85, 0x21, 0x01, 0x00, 0x00, 0xc7, 0x45, 0xbc, 0x80, 0x00, 0x00,
    0x00, 0x31, 0xc0, 0x80, 0x4d, 0xbc, 0x02, 0x89, 0x45, 0xb8, 0xf6, 0x45,
    0xbd, 0x02, 0x0f, 0x84, 0x2f, 0x01, 0x00, 0x00, 0xf6, 0x45, 0xbc, 0x80,
    0x0f, 0x84, 0x1b, 0x01, 0x00, 0x00, 0xb8, 0x50, 0x00, 0x00, 0x00, 0x89,
    0x45, 0xc0, 0xf6, 0x41, 0x04, 0x01, 0x74, 0x04, 0x80, 0x4d, 0xbc, 0x10,
    0xf6, 0x41, 0x05, 0x01, 0x0f, 0x84, 0x23, 0x01, 0x00, 0x00, 0xe8, 0xad,
    0x0a, 0x00, 0x00, 0xf6, 0x00, 0x01, 0x0f, 0x84, 0x15, 0x01, 0x00, 0x00,
    0x8b, 0x3a, 0x83, 0xc7, 0x0c, 0x89, 0xfe, 0x89, 0x3a, 0x8d, 0x7d, 0xe0,
    0x8d, 0x76, 0xf4, 0xa5, 0xa5, 0xa5, 0x80, 0x4d, 0xbc, 0x20, 0x83, 0xfb,
    0xff, 0x75, 0x05, 0xbb, 0x06, 0x00, 0x00, 0x00, 0x8d, 0x55, 0xb4, 0x89,
    0x5d, 0xb4, 0x8b, 0x5d, 0xb0, 0x8d, 0x45, 0xe0, 0x43, 0xc7, 0x45, 0xc4,
    0x02, 0x00, 0x00, 0x00, 0xe8, 0xf7, 0x10, 0x00, 0x00, 0x8b, 0x45, 0xd0,
    0x89, 0x41, 0x1c, 0x8b, 0x45, 0xd4, 0x89, 0x41, 0x20, 0x8b, 0x45, 0xd8,
    0x89, 0x41, 0x24, 0x8b, 0x45, 0xdc, 0x89, 0x41, 0x28, 0xf6, 0x45, 0xbd,
    0x01, 0x74, 0x04, 0xc6, 0x41, 0x2d, 0x20, 0x83, 0x7d, 0xc8, 0x00, 0x0f,
    0x8c, 0xd2, 0x00, 0x00, 0x00, 0x8a, 0x59, 0x04, 0xf6, 0xc3, 0x04, 0x0f,
    0x85, 0xda, 0x00, 0x00, 0x00, 0xf6, 0xc3, 0x02, 0x0f, 0x85, 0xe5, 0x00,
    0x00, 0x00, 0x8b, 0x45, 0xb0, 0x8c, 0xda, 0x8d, 0x65, 0xf4, 0x5f, 0x5e,
    0x59, 0x5d, 0xc3, 0x77, 0x19, 0xc7, 0x45, 0xbc, 0x80, 0x00, 0x00, 0x00,
    0x85, 0xdb, 0x75, 0x05, 0xbb, 0x01, 0x00, 0x00, 0x00, 0x80, 0x4d, 0xbc,
    0x04, 0xe9, 0x20, 0xff, 0xff, 0xff, 0x3c, 0x65, 0x73, 0x11, 0x3c, 0x61,
    0x0f, 0x85, 0x14, 0xff, 0xff, 0xff, 0x80, 0x4d, 0xbd, 0x02, 0xe9, 0x0b,
    0xff, 0xff, 0xff, 0x77, 0x09, 0x80, 0x4d, 0xbc, 0x01, 0xe9, 0x00, 0xff,
    0xff, 0xff, 0x3c, 0x67, 0x74, 0xca, 0x3c, 0x66, 0x0f, 0x84, 0xeb, 0xfe,
    0xff, 0xff, 0xe9, 0xef, 0xfe, 0xff, 0xff, 0x3c, 0x45, 0x75, 0x09, 0xc7,
    0x45, 0xbc, 0x80, 0x00, 0x00, 0x00, 0xeb, 0xd9, 0x3c, 0x41, 0x0f, 0x85,
    0xda, 0xfe, 0xff, 0xff, 0xc7, 0x45, 0xbc, 0x80, 0x00, 0x00, 0x00, 0xeb,
    0xbd, 0xb8, 0x70, 0x00, 0x00, 0x00, 0xe9, 0xe0, 0xfe, 0xff, 0xff, 0xf6,
    0x45, 0xbc, 0x80, 0x74, 0x0a, 0xb8, 0x45, 0x00, 0x00, 0x00, 0xe9, 0xd0,
    0xfe, 0xff, 0xff, 0xb8, 0x65, 0x00, 0x00, 0x00, 0xe9, 0xc6, 0xfe, 0xff,
    0xff, 0x8b, 0x32, 0x83, 0xc6, 0x08, 0x89, 0x32, 0x8b, 0x46, 0xf8, 0x89,
    0x45, 0xec, 0x8b, 0x46, 0xfc, 0x8d, 0x55, 0xe0, 0x89, 0x45, 0xf0, 0x8d,
    0x45, 0xec, 0xdd, 0x00, 0xdb, 0x3a, 0xe9, 0xdf, 0xfe, 0xff, 0xff, 0x8b,
    0x41, 0x14, 0x8d, 0x50, 0x01, 0x03, 0x45, 0xb0, 0x89, 0x51, 0x14, 0xc6,
    0x00, 0x2d, 0xe9, 0x2f, 0xff, 0xff, 0xff, 0x8b, 0x41, 0x14, 0x8d, 0x50,
    0x01, 0x03, 0x45, 0xb0, 0x89, 0x51, 0x14, 0xc6, 0x00, 0x2b, 0xe9, 0x1b,
    0xff, 0xff, 0xff, 0x8b, 0x41, 0x14, 0x8d, 0x50, 0x01, 0x03, 0x45, 0xb0,
    0x89, 0x51, 0x14, 0xc6, 0x00, 0x20, 0xe9, 0x07, 0xff, 0xff, 0xff, 0x51,
    0x89, 0xd1, 0x31, 0xd2, 0xe8, 0x67, 0x1b, 0x00, 0x00, 0xdd, 0x19, 0x59,
    0xc3, 0x00, 0x00, 0x00, 0x2b, 0xc0, 0x50, 0xdb, 0xe3, 0xd9, 0x3c, 0x24,
    0x8b, 0x04, 0x24, 0x58, 0x32, 0xc0, 0x80, 0xfc, 0x03, 0x75, 0x1d, 0x50,
    0xd9, 0xe8, 0xd9, 0xee, 0xde, 0xf9, 0xd9, 0xc0, 0xd9, 0xe0, 0xde, 0xd9,
    0x9b, 0xdd, 0x3c, 0x24, 0x9b, 0x58, 0xb0, 0x02, 0x9e, 0x74, 0x02, 0xb0,
    0x03, 0x9b, 0xdb, 0xe3, 0x32, 0xe4, 0xc3, 0x00, 0x00, 0x00, 0x00, 0x00,
    0x00, 0x00, 0x00, 0x00, 0x00, 0x00, 0x00, 0x00, 0x51, 0x52, 0x89, 0xc2,
    0x31, 0xc9, 0xff, 0x15, 0xe0, 0x02, 0x02, 0x00, 0x8a, 0x0d, 0x24, 0x03,
    0x02, 0x00, 0x85, 0xd2, 0x0f, 0x95, 0xc2, 0x88, 0x15, 0x24, 0x03, 0x02,
    0x00, 0xff, 0x15, 0xe8, 0x02, 0x02, 0x00, 0x89, 0xc8, 0x5a, 0x59, 0xc3,
    0x8d, 0x80, 0x00, 0x00, 0x00, 0x00, 0x8b, 0xd2, 0x51, 0x52, 0x89, 0xc1,
    0xff, 0x15, 0xe0, 0x02, 0x02, 0x00, 0x31, 0xc0, 0xe8, 0xbf, 0xff, 0xff,
    0xff, 0x89, 0xc2, 0x89, 0xc8, 0xe8, 0x56, 0x00, 0x00, 0x00, 0x89, 0xc1,
    0x89, 0xd0, 0xe8, 0xad, 0xff, 0xff, 0xff, 0xff, 0x15, 0xe8, 0x02, 0x02,
    0x00, 0x89, 0xc8, 0x5a, 0x59, 0xc3, 0x8b, 0xc0, 0x51, 0x52, 0x89, 0xc1,
    0xff, 0x15, 0xe0, 0x02, 0x02, 0x00, 0xb8, 0x01, 0x00, 0x00, 0x00, 0xe8,
    0x8c, 0xff, 0xff, 0xff, 0x89, 0xc2, 0x89, 0xc8, 0xe8, 0x23, 0x00, 0x00,
    0x00, 0x89, 0xc1, 0x89, 0xd0, 0xe8, 0x7a, 0xff, 0xff, 0xff, 0xff, 0x15,
    0xe8, 0x02, 0x02, 0x00, 0x89, 0xc8, 0x5a, 0x59, 0xc3, 0x8d, 0x80, 0x00,
    0x00, 0x00, 0x00, 0x8d, 0x92, 0x00, 0x00, 0x00, 0x00, 0x8d, 0x40, 0x00,
    0x53, 0x51, 0x52, 0x56, 0x57, 0x55, 0x83, 0xec, 0x08, 0x89, 0xc6, 0x85,
    0xc0, 0x0f, 0x84, 0xa5, 0x00, 0x00, 0x00, 0x83, 0xf8, 0xd0, 0x0f, 0x87,
    0x9c, 0x00, 0x00, 0x00, 0x8d, 0x68, 0x0b, 0x83, 0xe5, 0xf8, 0x83, 0xfd,
    0x10, 0x73, 0x05, 0xbd, 0x10, 0x00, 0x00, 0x00, 0xff, 0x15, 0xe0, 0x02,
    0x02, 0x00, 0xc6, 0x44, 0x24, 0x04, 0x00, 0x31, 0xff, 0x80, 0x3d, 0xe4,
    0x03, 0x02, 0x00, 0x00, 0x0f, 0x84, 0x7e, 0x00, 0x00, 0x00, 0x80, 0x3d,
    0x24, 0x03, 0x02, 0x00, 0x00, 0x0f, 0x84, 0x71, 0x00, 0x00, 0x00, 0xb0,
    0x01, 0x88, 0x04, 0x24, 0x3b, 0x2d, 0x20, 0x03, 0x02, 0x00, 0x0f, 0x86,
    0x72, 0x00, 0x00, 0x00, 0x8b, 0x0d, 0x1c, 0x03, 0x02, 0x00, 0x85, 0xc9,
    0x74, 0x5a, 0x85, 0xc9, 0x0f, 0x84, 0x7e, 0x00, 0x00, 0x00, 0x89, 0x0d,
    0x1c, 0x03, 0x02, 0x00, 0x8b, 0x59, 0x14, 0xf6, 0x41, 0x2c, 0x01, 0x0f,
    0x95, 0xc0, 0x31, 0xd2, 0x25, 0xff, 0x00, 0x00, 0x00, 0x8a, 0x14, 0x24,
    0x39, 0xc2, 0x75, 0x17, 0x39, 0xf3, 0x72, 0x13, 0x89, 0xca, 0x89, 0xf0,
    0xe8, 0x5f, 0x1d, 0x00, 0x00, 0x89, 0xc7, 0x85, 0xc0, 0x0f, 0x85, 0x7a,
    0x00, 0x00, 0x00, 0x3b, 0x1d, 0x20, 0x03, 0x02, 0x00, 0x77, 0x33, 0x8b,
    0x49, 0x08, 0xeb, 0xb6, 0x31, 0xc0, 0x83, 0xc4, 0x08, 0x5d, 0x5f, 0x5e,
    0x5a, 0x59, 0x5b, 0xc3, 0x30, 0xc0, 0xeb, 0x8d, 0x89, 0x0d, 0x20, 0x03,
    0x02, 0x00, 0x8b, 0x0d, 0x18, 0x03, 0x02, 0x00, 0xeb, 0x98, 0x31, 0xd2,
    0x8b, 0x0d, 0x18, 0x03, 0x02, 0x00, 0x89, 0x15, 0x20, 0x03, 0x02, 0x00,
    0xeb, 0x88, 0x89, 0x1d, 0x20, 0x03, 0x02, 0x00, 0x8b, 0x49, 0x08, 0xe9,
    0x7a, 0xff, 0xff, 0xff, 0x80, 0x7c, 0x24, 0x04, 0x00, 0x74, 0x15, 0x89,
    0xf0, 0xe8, 0xee, 0x1e, 0x00, 0x00, 0x85, 0xc0, 0x74, 0x1f, 0xc6, 0x44,
    0x24, 0x04, 0x00, 0xe9, 0x29, 0xff, 0xff, 0xff, 0x89, 0xf0, 0xe8, 0x59,
    0x1c, 0x00, 0x00, 0x85, 0xc0, 0x74, 0xe0, 0xc6, 0x44, 0x24, 0x04, 0x01,
    0xe9, 0x14, 0xff, 0xff, 0xff, 0xff, 0x15, 0xe8, 0x02, 0x02, 0x00, 0x89,
    0xf8, 0x83, 0xc4, 0x08, 0x5d, 0x5f, 0x5e, 0x5a, 0x59, 0x5b, 0xc3, 0x00,
    0x00, 0x00, 0x00, 0x00, 0x00, 0x00, 0x00, 0x00, 0x83, 0xec, 0x08, 0x89,
    0xc6, 0x89, 0xd7, 0x31, 0xd2, 0x89, 0xc1, 0x40, 0x80, 0x39, 0x00, 0x74,
    0x03, 0x42, 0xeb, 0xf5, 0x89, 0xe0, 0x50, 0x52, 0x56, 0x6a, 0x02, 0xe8,
    0x00, 0x00, 0x00, 0x00, 0x83, 0xc4, 0x10, 0x89, 0xe0, 0x50, 0x6a, 0x02,
    0x8d, 0x44, 0x24, 0x0c, 0x50, 0x6a, 0x02, 0x66, 0xc7, 0x44, 0x24, 0x14,
    0x0d, 0x0a, 0xe8, 0x00, 0x00, 0x00, 0x00, 0x83, 0xc4, 0x10, 0x89, 0xf8,
    0xe9, 0x94, 0xeb, 0xff, 0xff, 0x8d, 0x80, 0x00, 0x00, 0x00, 0x00, 0x8d,
    0x52, 0x00, 0x8b, 0xdb, 0x89, 0xc3, 0x89, 0xd1, 0x8c, 0xda, 0xe8, 0x65,
    0x1e, 0x00, 0x00, 0x85, 0xc0, 0x75, 0x06, 0x89, 0xca, 0x89, 0xd8, 0xeb,
    0x9b, 0x89, 0xc8, 0xe9, 0x6d, 0xeb, 0xff, 0xff, 0x00, 0x00, 0x00, 0x00,
    0x53, 0x51, 0x56, 0x57, 0x89, 0xc1, 0x89, 0xd7, 0xf6, 0x40, 0x0c, 0x03,
    0x0f, 0x84, 0x7b, 0x00, 0x00, 0x00, 0x31, 0xf6, 0xf6, 0x40, 0x0d, 0x10,
    0x0f, 0x85, 0x7b, 0x00, 0x00, 0x00, 0x8b, 0x41, 0x10, 0xff, 0x15, 0xd0,
    0x02, 0x02, 0x00, 0x8b, 0x41, 0x04, 0x85, 0xc0, 0x74, 0x11, 0x89, 0xc2,
    0xbb, 0x01, 0x00, 0x00, 0x00, 0xf7, 0xda, 0x8b, 0x41, 0x10, 0xe8, 0x31,
    0x04, 0x00, 0x00, 0x85, 0xff, 0x74, 0x0a, 0x8b, 0x41, 0x10, 0xe8, 0x35,
    0x1e, 0x00, 0x00, 0x09, 0xc6, 0xf6, 0x41, 0x0c, 0x08, 0x74, 0x15, 0x8b,
    0x41, 0x08, 0x8b, 0x40, 0x08, 0xe8, 0x62, 0x1e, 0x00, 0x00, 0x8b, 0x41,
    0x08, 0xc7, 0x40, 0x08, 0x00, 0x00, 0x00, 0x00, 0xf6, 0x41, 0x0d, 0x08,
    0x74, 0x08, 0x89, 0xc8, 0xff, 0x15, 0x98, 0x05, 0x02, 0x00, 0x8b, 0x41,
    0x10, 0x81, 0x61, 0x0c, 0x00, 0x40, 0x00, 0x00, 0xff, 0x15, 0xd4, 0x02,
    0x02, 0x00, 0x89, 0xf0, 0x5f, 0x5e, 0x59, 0x5b, 0xc3, 0xbe, 0xff, 0xff,
    0xff, 0xff, 0x89, 0xf0, 0x5f, 0x5e, 0x59, 0x5b, 0xc3, 0xe8, 0x52, 0xf8,
    0xff, 0xff, 0x85, 0xc0, 0x0f, 0x84, 0x78, 0xff, 0xff, 0xff, 0xbe, 0xff,
    0xff, 0xff, 0xff, 0xe9, 0x6e, 0xff, 0xff, 0xff, 0x51, 0x89, 0xc1, 0xe8,
    0x48, 0xff, 0xff, 0xff, 0x89, 0xc2, 0x89, 0xc8, 0xe8, 0x5f, 0x00, 0x00,
    0x00, 0x89, 0xd0, 0x59, 0xc3, 0x8d, 0x80, 0x00, 0x00, 0x00, 0x00, 0x8d,
    0x52, 0x00, 0x8b, 0xdb, 0x51, 0x52, 0x89, 0xc1, 0xff, 0x15, 0xd8, 0x02,
    0x02, 0x00, 0xa1, 0x88, 0x05, 0x02, 0x00, 0x85, 0xc0, 0x74, 0x0b, 0x3b,
    0x48, 0x04, 0x74, 0x14, 0x8b, 0x00, 0x85, 0xc0, 0x75, 0xf5, 0xff, 0x15,
    0xdc, 0x02, 0x02, 0x00, 0xb8, 0xff, 0xff, 0xff, 0xff, 0x5a, 0x59, 0xc3,
    0xff, 0x15, 0xdc, 0x02, 0x02, 0x00, 0xba, 0x01, 0x00, 0x00, 0x00, 0x89,
    0xc8, 0xe8, 0xa2, 0xff, 0xff, 0xff, 0x5a, 0x59, 0xc3, 0x00, 0x00, 0x00,
    0x00, 0x00, 0x00, 0x00, 0x00, 0x00, 0x00, 0x00, 0x00, 0x00, 0x00, 0x00,
    0x51, 0x52, 0x89, 0xc1, 0xff, 0x15, 0xd8, 0x02, 0x02, 0x00, 0xba, 0x88,
    0x05, 0x02, 0x00, 0x8b, 0x02, 0x85, 0xc0, 0x74, 0x1a, 0x3b, 0x48, 0x04,
    0x74, 0x04, 0x89, 0xc2, 0xeb, 0xf1, 0x8b, 0x08, 0x89, 0x0a, 0x8b, 0x15,
    0x8c, 0x05, 0x02, 0x00, 0xa3, 0x8c, 0x05, 0x02, 0x00, 0x89, 0x10, 0xff,
    0x15, 0xdc, 0x02, 0x02, 0x00, 0x5a, 0x59, 0xc3, 0x8d, 0x80, 0x00, 0x00,
    0x00, 0x00, 0x8b, 0xd2, 0x52, 0xff, 0x15, 0xd8, 0x02, 0x02, 0x00, 0xa1,
    0x8c, 0x05, 0x02, 0x00, 0x85, 0xc0, 0x75, 0x08, 0xff, 0x15, 0xdc, 0x02,
    0x02, 0x00, 0x5a, 0xc3, 0x8b, 0x10, 0x89, 0x15, 0x8c, 0x05, 0x02, 0x00,
    0xe8, 0x3b, 0x1d, 0x00, 0x00, 0xeb, 0xe0, 0xff, 0x15, 0x2c, 0x03, 0x02,
    0x00, 0x8b, 0x40, 0x04, 0xc3, 0x52, 0x89, 0xc2, 0xff, 0x15, 0x2c, 0x03,
    0x02, 0x00, 0x89, 0x50, 0x04, 0x5a, 0xc3, 0xff, 0x15, 0x2c, 0x03, 0x02,
    0x00, 0xc7, 0x40, 0x04, 0x09, 0x00, 0x00, 0x00, 0xb8, 0xff, 0xff, 0xff,
    0xff, 0xc3, 0xff, 0x15, 0x2c, 0x03, 0x02, 0x00, 0xc7, 0x40, 0x04, 0x0d,
    0x00, 0x00, 0x00, 0xc3, 0xff, 0x15, 0x2c, 0x03, 0x02, 0x00, 0xc7, 0x40,
    0x04, 0x0e, 0x00, 0x00, 0x00, 0xc3, 0x00, 0x00, 0xc3, 0x00, 0x00, 0x00,
    0x00, 0x00, 0x00, 0x00, 0x00, 0x00, 0x00, 0x00, 0x00, 0x00, 0x00, 0x00,
    0xa1, 0x28, 0x03, 0x02, 0x00, 0xc3, 0x8d, 0x80, 0x00, 0x00, 0x00, 0x00,
    0x8d, 0x54, 0x22, 0x00, 0xc7, 0x05, 0x2c, 0x03, 0x02, 0x00, 0x50, 0x1c,
    0x01, 0x00, 0xc7, 0x05, 0x28, 0x03, 0x02, 0x00, 0xa0, 0x05, 0x02, 0x00,
    0xc3, 0x00, 0x00, 0x00, 0x00, 0x00, 0x00, 0x00, 0x00, 0x00, 0x00, 0x00,
    0x53, 0x52, 0x89, 0xc2, 0xf6, 0x40, 0x0d, 0x20, 0x74, 0x03, 0x5a, 0x5b,
    0xc3, 0x8b, 0x40, 0x10, 0xe8, 0x9b, 0x1d, 0x00, 0x00, 0x85, 0xc0, 0x74,
    0xf1, 0x8a, 0x62, 0x0d, 0x80, 0xcc, 0x20, 0x88, 0x62, 0x0d, 0xf6, 0xc4,
    0x07, 0x75, 0xe3, 0x88, 0xe7, 0x80, 0xcf, 0x02, 0x88, 0x7a, 0x0d, 0x5a,
    0x5b, 0xc3, 0x00, 0x00, 0x00, 0x00, 0x00, 0x00, 0x00, 0x00, 0x00, 0x00,
    0x00, 0x00, 0x00, 0x00, 0x53, 0x85, 0xc0, 0x74, 0x1c, 0xf6, 0xc6, 0xff,
    0x74, 0x19, 0x89, 0xd3, 0x30, 0xd3, 0x81, 0xe3, 0xff, 0xff, 0x00, 0x00,
    0x88, 0x50, 0x01, 0xc1, 0xfb, 0x08, 0x88, 0x18, 0xb8, 0x02, 0x00, 0x00,
    0x00, 0x5b, 0xc3, 0x88, 0x10, 0xb8, 0x01, 0x00, 0x00, 0x00, 0x5b, 0xc3,
    0x00, 0x00, 0x00, 0x00, 0x51, 0x56, 0x57, 0x55, 0x83, 0xec, 0x28, 0x89,
    0xd5, 0x89, 0xdf, 0xc6, 0x04, 0x24, 0x00, 0x8d, 0x4c, 0x24, 0x01, 0x89,
    0xd6, 0x8d, 0x5c, 0x24, 0x24, 0x89, 0x7c, 0x24, 0x24, 0x33, 0xd2, 0xf7,
    0x33, 0x89, 0x03, 0x8a, 0x82, 0x60, 0x3a, 0x01, 0x00, 0x88, 0x01, 0x8b,
    0x44, 0x24, 0x24, 0x41, 0x85, 0xc0, 0x75, 0xe1, 0x46, 0x8a, 0x41, 0xff,
    0x49, 0x88, 0x46, 0xff, 0x84, 0xc0, 0x75, 0xf4, 0x89, 0xe8, 0x83, 0xc4,
    0x28, 0x5d, 0x5f, 0x5e, 0x59, 0xc3, 0x8d, 0x80, 0x00, 0x00, 0x00, 0x00,
    0x51, 0x89, 0xd1, 0x83, 0xfb, 0x0a, 0x75, 0x04, 0x85, 0xc0, 0x7c, 0x09,
    0xe8, 0x9f, 0xff, 0xff, 0xff, 0x89, 0xc8, 0x59, 0xc3, 0xf7, 0xd8, 0xc6,
    0x02, 0x2d, 0x42, 0xe8, 0x90, 0xff, 0xff, 0xff, 0x89, 0xc8, 0x59, 0xc3,
    0x00, 0x00, 0x00, 0x00, 0x00, 0x00, 0x00, 0x00, 0x00, 0x00, 0x00, 0x00,
    0x51, 0x57, 0x89, 0xc7, 0x2b, 0xc9, 0x49, 0x33, 0xc0, 0xf2, 0xae, 0xf7,
    0xd1, 0x49, 0x89, 0xc8, 0x5f, 0x59, 0xc3, 0x00, 0x00, 0x00, 0x00, 0x00,
    0x00, 0x00, 0x00, 0x00, 0x00, 0x00, 0x00, 0x00, 0x51, 0x52, 0x89, 0xc1,
    0x89, 0xc2, 0x8a, 0x02, 0x84, 0xc0, 0x74, 0x0f, 0x2c, 0x61, 0x3c, 0x19,
    0x76, 0x03, 0x42, 0xeb, 0xf1, 0x04, 0x41, 0x88, 0x02, 0xeb, 0xf7, 0x89,
    0xc8, 0x5a, 0x59, 0xc3, 0x56, 0x57, 0x55, 0x83, 0xec, 0x4c, 0x89, 0x5c,
    0x24, 0x48, 0x89, 0xcd, 0xc6, 0x04, 0x24, 0x00, 0x8d, 0x74, 0x24, 0x01,
    0x89, 0xdf, 0x8d, 0x5c, 0x24, 0x44, 0x89, 0x6c, 0x24, 0x44, 0x33, 0xc9,
    0x3b, 0x13, 0x72, 0x09, 0x8b, 0xc8, 0x8b, 0xc2, 0x33, 0xd2, 0xf7, 0x33,
    0x91, 0xf7, 0x33, 0x89, 0x13, 0x8b, 0x5c, 0x24, 0x44, 0x46, 0x8a, 0x9b,
    0x60, 0x3a, 0x01, 0x00, 0x89, 0xca, 0x88, 0x5e, 0xff, 0x85, 0xc9, 0x75,
    0xd1, 0x85, 0xc0, 0x75, 0xcd, 0x47, 0x8a, 0x46, 0xff, 0x4e, 0x88, 0x47,
    0xff, 0x84, 0xc0, 0x75, 0xf4, 0x8b, 0x44, 0x24, 0x48, 0x83, 0xc4, 0x4c,
    0x5d, 0x5f, 0x5e, 0xc3, 0x56, 0x89, 0xde, 0x83, 0xf9, 0x0a, 0x75, 0x04,
    0x85, 0xd2, 0x7c, 0x09, 0xe8, 0x8f, 0xff, 0xff, 0xff, 0x89, 0xf0, 0x5e,
    0xc3, 0xf7, 0xda, 0xc6, 0x03, 0x2d, 0xf7, 0xd8, 0x83, 0xda, 0x00, 0x43,
    0xe8, 0x7b, 0xff, 0xff, 0xff, 0x89, 0xf0, 0x5e, 0xc3, 0x00, 0x00, 0x00,
    0x00, 0x00, 0x00, 0x00, 0x51, 0x56, 0x57, 0x55, 0x83, 0xec, 0x28, 0x89,
    0xd5, 0x89, 0xdf, 0xc6, 0x04, 0x24, 0x00, 0x8d, 0x4c, 0x24, 0x01, 0x89,
    0xd6, 0x8d, 0x5c, 0x24, 0x24, 0x89, 0x7c, 0x24, 0x24, 0x33, 0xd2, 0xf7,
    0x33, 0x89, 0x13, 0x8b, 0x5c, 0x24, 0x24, 0x41, 0x8a, 0x9b, 0x60, 0x3a,
    0x01, 0x00, 0x88, 0x59, 0xff, 0x85, 0xc0, 0x75, 0xe0, 0x46, 0x8a, 0x41,
    0xff, 0x49, 0x88, 0x46, 0xff, 0x84, 0xc0, 0x75, 0xf4, 0x89, 0xe8, 0x83,
    0xc4, 0x28, 0x5d, 0x5f, 0x5e, 0x59, 0xc3, 0x8d, 0x40, 0x00, 0x8b, 0xc9,
    0x51, 0x89, 0xd1, 0x83, 0xfb, 0x0a, 0x75, 0x04, 0x85, 0xc0, 0x7c, 0x09,
    0xe8, 0x9f, 0xff, 0xff, 0xff, 0x89, 0xc8, 0x59, 0xc3, 0xf7, 0xd8, 0xc6,
    0x02, 0x2d, 0x42, 0xe8, 0x90, 0xff, 0xff, 0xff, 0x89, 0xc8, 0x59, 0xc3,
    0x00, 0x00, 0x00, 0x00, 0x00, 0x00, 0x00, 0x00, 0x00, 0x00, 0x00, 0x00,
    0x8a, 0x80, 0xa1, 0x06, 0x02, 0x00, 0x24, 0x01, 0x25, 0xff, 0x00, 0x00,
    0x00, 0xc3, 0x8b, 0xc0, 0x31, 0xc0, 0xe9, 0x14, 0x1c, 0x00, 0x00, 0x00,
    0x00, 0x00, 0x00, 0x00, 0x00, 0x00, 0x00, 0x00, 0x51, 0x83, 0xec, 0x04,
    0x89, 0xe1, 0x51, 0x53, 0x52, 0x50, 0xe8, 0x00, 0x00, 0x00, 0x00, 0x83,
    0xc4, 0x10, 0x85, 0xc0, 0x75, 0x08, 0x8b, 0x04, 0x24, 0x83, 0xc4, 0x04,
    0x59, 0xc3, 0xe8, 0xbd, 0x1c, 0x00, 0x00, 0x83, 0xc4, 0x04, 0x59, 0xc3,
    0x00, 0x00, 0x00, 0x00, 0x00, 0x00, 0x00, 0x00, 0x53, 0x51, 0x52, 0x50,
    0xe8, 0x00, 0x00, 0x00, 0x00, 0x31, 0xdb, 0x83, 0xc4, 0x04, 0x85, 0xc0,
    0x75, 0x06, 0x89, 0xd8, 0x5a, 0x59, 0x5b, 0xc3, 0xb8, 0x04, 0x00, 0x00,
    0x00, 0xbb, 0xff, 0xff, 0xff, 0xff, 0xe8, 0xca, 0xfc, 0xff, 0xff, 0x89,
    0xd8, 0x5a, 0x59, 0x5b, 0xc3, 0x00, 0x00, 0x00, 0x51, 0x56, 0x57, 0x55,
    0x83, 0xec, 0x08, 0x89, 0xc6, 0x89, 0xd5, 0xe8, 0xb0, 0x1c, 0x00, 0x00,
    0x31, 0xff, 0xa8, 0x80, 0x74, 0x25, 0x89, 0xf0, 0xff, 0x15, 0xd0, 0x02,
    0x02, 0x00, 0x8d, 0x44, 0x24, 0x04, 0x50, 0x6a, 0x02, 0x6a, 0x00, 0x56,
    0xbf, 0x01, 0x00, 0x00, 0x00, 0xe8, 0x00, 0x00, 0x00, 0x00, 0x89, 0xc2,
    0x83, 0xc4, 0x10, 0x85, 0xc0, 0x75, 0x19, 0x89, 0xe0, 0x50, 0x53, 0x55,
    0x56, 0xe8, 0x00, 0x00, 0x00, 0x00, 0x83, 0xc4, 0x10, 0x89, 0xc2, 0x85,
    0xc0, 0x74, 0x1c, 0x83, 0xff, 0x01, 0x75, 0x08, 0x89, 0xf0, 0xff, 0x15,
    0xd4, 0x02, 0x02, 0x00, 0x89, 0xd0, 0xe8, 0x1d, 0x1c, 0x00, 0x00, 0x83,
    0xc4, 0x08, 0x5d, 0x5f, 0x5e, 0x59, 0xc3, 0x3b, 0x1c, 0x24, 0x74, 0x0a,
    0xb8, 0x0c, 0x00, 0x00, 0x00, 0xe8, 0x47, 0xfc, 0xff, 0xff, 0x83, 0xff,
    0x01, 0x75, 0x08, 0x89, 0xf0, 0xff, 0x15, 0xd4, 0x02, 0x02, 0x00, 0x8b,
    0x04, 0x24, 0x83, 0xc4, 0x08, 0x5d, 0x5f, 0x5e, 0x59, 0xc3, 0x00, 0x00,
    0x00, 0x00, 0x00, 0x00, 0x00, 0x00, 0x00, 0x00, 0x00, 0x00, 0x00, 0x00,
    0x0b, 0xc9, 0x74, 0x2f, 0x38, 0x10, 0xa8, 0x03, 0x74, 0x09, 0x88, 0x10,
    0x40, 0xc1, 0xca, 0x08, 0x49, 0x75, 0xf3, 0x51, 0xc1, 0xe9, 0x02, 0xe8,
    0x1e, 0x00, 0x00, 0x00, 0x59, 0x83, 0xe1, 0x03, 0x74, 0x11, 0x88, 0x10,
    0x49, 0x74, 0x0c, 0x88, 0x70, 0x01, 0x49, 0x74, 0x06, 0xc1, 0xca, 0x08,
    0x88, 0x70, 0x02, 0xc3, 0x90, 0x90, 0x90, 0x90, 0x90, 0x90, 0x0b, 0xc9,
    0x74, 0x67, 0xa8, 0x1f, 0x74, 0x08, 0x89, 0x10, 0x8d, 0x40, 0x04, 0x49,
    0x75, 0xf4, 0x51, 0xc1, 0xe9, 0x02, 0x74, 0x3a, 0x49, 0x74, 0x29, 0x89,
    0x10, 0x89, 0x50, 0x04, 0x49, 0x89, 0x50, 0x08, 0x89, 0x50, 0x0c, 0x74,
    0x18, 0x38, 0x50, 0x20, 0x89, 0x50, 0x10, 0x89, 0x50, 0x14, 0x49, 0x89,
    0x50, 0x18, 0x89, 0x50, 0x1c, 0x8d, 0x40, 0x20, 0x75, 0xdd, 0x8d, 0x40,
    0xf0, 0x8d, 0x40, 0x10, 0x89, 0x10, 0x89, 0x50, 0x04, 0x89, 0x50, 0x08,
    0x89, 0x50, 0x0c, 0x8d, 0x40, 0x10, 0x59, 0x83, 0xe1, 0x03, 0x74, 0x15,
    0x89, 0x10, 0x8d, 0x40, 0x04, 0x49, 0x74, 0x0d, 0x89, 0x10, 0x8d, 0x40,
    0x04, 0x49, 0x74, 0x05, 0x89, 0x10, 0x8d, 0x40, 0x04, 0xc3, 0x00, 0x00,
    0x00, 0x00, 0x00, 0x00, 0x00, 0x00, 0x00, 0x00, 0xc3, 0x89, 0xc1, 0xff,
    0x15, 0x30, 0x03, 0x02, 0x00, 0x83, 0x3d, 0x90, 0x05, 0x02, 0x00, 0x00,
    0x74, 0x2c, 0x83, 0x3d, 0x04, 0x03, 0x02, 0x00, 0x00, 0x74, 0x10, 0xba,
    0xff, 0x00, 0x00, 0x00, 0xb8, 0x10, 0x00, 0x00, 0x00, 0xff, 0x15, 0x04,
    0x03, 0x02, 0x00, 0xff, 0x15, 0x30, 0x03, 0x02, 0x00, 0xff, 0x15, 0x34,
    0x03, 0x02, 0x00, 0x89, 0xc8, 0xe9, 0x0b, 0xe5, 0xff, 0xff, 0xba, 0xff,
    0x00, 0x00, 0x00, 0xb8, 0x10, 0x00, 0x00, 0x00, 0xe8, 0xe3, 0xf3, 0xff,
    0xff, 0xeb, 0xdc, 0x89, 0xc2, 0xff, 0x15, 0x30, 0x03, 0x02, 0x00, 0xff,
    0x15, 0x34, 0x03, 0x02, 0x00, 0x89, 0xd0, 0xe9, 0xe5, 0xe4, 0xff, 0xff,
    0x00, 0x00, 0x00, 0x00, 0x00, 0x00, 0x00, 0x00, 0x00, 0x00, 0x00, 0x00,
    0xb8, 0x38, 0x03, 0x02, 0x00, 0xc3, 0x55, 0x89, 0xe5, 0x53, 0x51, 0x56,
    0x57, 0x83, 0xec, 0x0c, 0x89, 0xc7, 0x89, 0xd6, 0x81, 0xfa, 0x00, 0x20,
    0x00, 0x00, 0x7d, 0x17, 0xb9, 0x3c, 0x03, 0x02, 0x00, 0x85, 0xf6, 0x7e,
    0x39, 0x66, 0xf7, 0xc6, 0x01, 0x00, 0x75, 0x0e, 0xd1, 0xfe, 0x83, 0xc1,
    0x0c, 0xeb, 0xee, 0xbe, 0x00, 0x20, 0x00, 0x00, 0xeb, 0xe2, 0x66, 0x8b,
    0x41, 0x08, 0x66, 0x89, 0x45, 0xec, 0x8b, 0x41, 0x04, 0x89, 0x45, 0xe8,
    0x8d, 0x55, 0xe4, 0x8b, 0x01, 0x89, 0xfb, 0x89, 0x45, 0xe4, 0x89, 0xf8,
    0xdb, 0x28, 0xdb, 0x2a, 0xde, 0xc9, 0xdb, 0x3b, 0xeb, 0xce, 0x8d, 0x65,
    0xf0, 0x5f, 0x5e, 0x59, 0x5b, 0x5d, 0xc3, 0x55, 0x89, 0xe5, 0x53, 0x51,
    0x56, 0x83, 0xec, 0x0c, 0x89, 0xc1, 0x85, 0xd2, 0x75, 0x08, 0x8d, 0x65,
    0xf4, 0x5e, 0x59, 0x5b, 0x5d, 0xc3, 0x6a, 0x00, 0x9b, 0xd9, 0x3c, 0x24,
    0x9b, 0x58, 0x89, 0xc6, 0x80, 0xcc, 0x03, 0x0f, 0xb7, 0xc0, 0x31, 0xdb,
    0x50, 0xd9, 0x2c, 0x24, 0x58, 0x66, 0xc7, 0x45, 0xf0, 0xff, 0x3f, 0xc7,
    0x45, 0xec, 0x00, 0x00, 0x00, 0x80, 0x89, 0x5d, 0xe8, 0x85, 0xd2, 0x7c,
    0x21, 0x8d, 0x45, 0xe8, 0xe8, 0x55, 0xff, 0xff, 0xff, 0x89, 0xcb, 0x8d,
    0x55, 0xe8, 0x89, 0xc8, 0xdb, 0x28, 0xdb, 0x2a, 0xde, 0xc9, 0xdb, 0x3b,
    0x0f, 0xb7, 0xc6, 0x50, 0xd9, 0x2c, 0x24, 0x58, 0xeb, 0xac, 0x8d, 0x45,
    0xe8, 0xf7, 0xda, 0xe8, 0x32, 0xff, 0xff, 0xff, 0x89, 0xcb, 0x8d, 0x55,
    0xe8, 0x89, 0xc8, 0xdb, 0x28, 0xdb, 0x2a, 0xde, 0xf9, 0xdb, 0x3b, 0xeb,
    0xdb, 0x53, 0x51, 0x89, 0xc3, 0x89, 0xd1, 0x81, 0xfa, 0x00, 0x10, 0x00,
    0x00, 0x7f, 0x14, 0x81, 0xfa, 0x00, 0xf0, 0xff, 0xff, 0x7c, 0x1e, 0x89,
    0xca, 0x89, 0xd8, 0xe8, 0x63, 0xff, 0xff, 0xff, 0x59, 0x5b, 0xc3, 0xba,
    0x00, 0x10, 0x00, 0x00, 0xe8, 0x56, 0xff, 0xff, 0xff, 0x81, 0xe9, 0x00,
    0x10, 0x00, 0x00, 0xeb, 0xe2, 0xba, 0x00, 0xf0, 0xff, 0xff, 0xe8, 0x44,
    0xff, 0xff, 0xff, 0x81, 0xc1, 0x00, 0x10, 0x00, 0x00, 0xeb, 0xd0, 0x55,
    0x89, 0xe5, 0x56, 0x57, 0x83, 0xec, 0x04, 0x50, 0x52, 0x51, 0x8b, 0x75,
    0xf0, 0x8b, 0x10, 0x8d, 0x41, 0x01, 0x89, 0x55, 0xf4, 0x89, 0x45, 0xe8,
    0x8a, 0x46, 0x08, 0x31, 0xd2, 0xa8, 0x04, 0x74, 0x1f, 0x3b, 0x5d, 0xf4,
    0x7d, 0x07, 0xa8, 0x10, 0x75, 0x03, 0x89, 0x5d, 0xf4, 0x8b, 0x75, 0xe8,
    0x8b, 0x7d, 0xf4, 0x29, 0xf7, 0x89, 0x7d, 0xf4, 0x85, 0xff, 0x0f, 0x8c,
    0x9f, 0x00, 0x00, 0x00, 0x8b, 0x75, 0xe8, 0x85, 0xf6, 0x0f, 0x8e, 0x9e,
    0x00, 0x00, 0x00, 0x39, 0xf3, 0x0f, 0x8c, 0x36, 0x01, 0x00, 0x00, 0x8b,
    0x7d, 0x08, 0x89, 0xf1, 0x8b, 0x75, 0xec, 0x57, 0x8b, 0xc1, 0xc1, 0xe9,
    0x02, 0xf3, 0xa5, 0x8a, 0xc8, 0x80, 0xe1, 0x03, 0xf3, 0xa4, 0x5f, 0x8b,
    0x7d, 0xf0, 0x8b, 0x75, 0xe8, 0x8a, 0x4f, 0x08, 0x01, 0xf2, 0x29, 0xf3,
    0x89, 0x77, 0x18, 0xf6, 0xc1, 0x08, 0x0f, 0x85, 0x7c, 0x01, 0x00, 0x00,
    0x83, 0x7d, 0xf4, 0x00, 0x0f, 0x8e, 0x64, 0x01, 0x00, 0x00, 0x89, 0xd7,
    0x03, 0x7d, 0x08, 0x42, 0xc6, 0x07, 0x2e, 0x8b, 0x4d, 0xf4, 0x39, 0xcb,
    0x7e, 0x02, 0x89, 0xcb, 0x8b, 0x75, 0xec, 0x8b, 0x7d, 0x08, 0x89, 0xd9,
    0x03, 0x75, 0xe8, 0x01, 0xd7, 0x57, 0x8b, 0xc1, 0xc1, 0xe9, 0x02, 0xf3,
    0xa5, 0x8a, 0xc8, 0x80, 0xe1, 0x03, 0xf3, 0xa4, 0x5f, 0x8b, 0x75, 0xf0,
    0x01, 0xda, 0x89, 0x56, 0x1c, 0x8b, 0x75, 0xf4, 0x29, 0xde, 0x8b, 0x5d,
    0xf0, 0x89, 0x73, 0x20, 0x03, 0x55, 0x08, 0xc6, 0x02, 0x00, 0x8d, 0x65,
    0xf8, 0x5f, 0x5e, 0x5d, 0xc2, 0x04, 0x00, 0x31, 0xc9, 0x89, 0x4d, 0xf4,
    0xe9, 0x57, 0xff, 0xff, 0xff, 0x8b, 0x75, 0xf0, 0xf6, 0x46, 0x08, 0x08,
    0x74, 0x6c, 0x8b, 0x75, 0xf0, 0x89, 0x56, 0x1c, 0x8b, 0x75, 0xe8, 0x8b,
    0x7d, 0xf4, 0xf7, 0xde, 0x39, 0xfe, 0x7e, 0x0a, 0x89, 0xf8, 0x89, 0x7d,
    0xe8, 0xf7, 0xd8, 0x89, 0x45, 0xe8, 0x8b, 0x7d, 0xf0, 0x8b, 0x75, 0xe8,
    0x89, 0x77, 0x18, 0x89, 0xf1, 0xf7, 0xd9, 0x89, 0x4f, 0x20, 0x8b, 0x7d,
    0xf4, 0x01, 0xf7, 0x89, 0x7d, 0xf4, 0x39, 0xfb, 0x7e, 0x02, 0x89, 0xfb,
    0x8b, 0x7d, 0x08, 0x8b, 0x75, 0xec, 0x89, 0xd9, 0x01, 0xd7, 0x57, 0x8b,
    0xc1, 0xc1, 0xe9, 0x02, 0xf3, 0xa5, 0x8a, 0xc8, 0x80, 0xe1, 0x03, 0xf3,
    0xa4, 0x5f, 0x8b, 0x75, 0xf0, 0x89, 0x5e, 0x24, 0x8b, 0x75, 0xf4, 0x01,
    0xda, 0x29, 0xde, 0x8b, 0x5d, 0xf0, 0x89, 0x73, 0x28, 0xe9, 0x72, 0xff,
    0xff, 0xff, 0x89, 0xd6, 0x03, 0x75, 0x08, 0x42, 0xc6, 0x06, 0x30, 0x83,
    0x7d, 0xf4, 0x00, 0x7e, 0x0e, 0x89, 0xd7, 0x03, 0x7d, 0x08, 0x42, 0xc6,
    0x07, 0x2e, 0xe9, 0x77, 0xff, 0xff, 0xff, 0x8b, 0x75, 0xf0, 0xf6, 0x46,
    0x08, 0x10, 0x75, 0xe9, 0xe9, 0x69, 0xff, 0xff, 0xff, 0x8b, 0x75, 0xec,
    0x8b, 0x7d, 0x08, 0x89, 0xd9, 0x57, 0x8b, 0xc1, 0xc1, 0xe9, 0x02, 0xf3,
    0xa5, 0x8a, 0xc8, 0x80, 0xe1, 0x03, 0xf3, 0xa4, 0x5f, 0x8b, 0x75, 0xf0,
    0x89, 0x5e, 0x1c, 0x8b, 0x75, 0xe8, 0x01, 0xda, 0x29, 0xde, 0x8b, 0x5d,
    0xf0, 0x89, 0x73, 0x20, 0x8b, 0x75, 0xf0, 0x8b, 0x5d, 0xe8, 0x89, 0x5e,
    0x18, 0xf6, 0x46, 0x08, 0x08, 0x75, 0x19, 0x83, 0x7d, 0xf4, 0x00, 0x7e,
    0x21, 0x89, 0xd3, 0x03, 0x5d, 0x08, 0xc6, 0x03, 0x2e, 0x8b, 0x5d, 0xf0,
    0x42, 0xc7, 0x43, 0x24, 0x01, 0x00, 0x00, 0x00, 0x8b, 0x75, 0xf0, 0x8b,
    0x5d, 0xf4, 0x89, 0x5e, 0x28, 0xe9, 0xe6, 0xfe, 0xff, 0xff, 0xf6, 0x46,
    0x08, 0x10, 0x75, 0xd9, 0xeb, 0xea, 0xf6, 0xc1, 0x10, 0x0f, 0x85, 0x93,
    0xfe, 0xff, 0xff, 0xe9, 0x97, 0xfe, 0xff, 0xff, 0x8b, 0x75, 0x08, 0x80,
    0x3e, 0x30, 0x0f, 0x85, 0x8b, 0xfe, 0xff, 0xff, 0xc7, 0x47, 0x18, 0x00,
    0x00, 0x00, 0x00, 0xe9, 0x7f, 0xfe, 0xff, 0xff, 0x8b, 0xc0, 0xf1, 0x25,
    0x01, 0x00, 0x64, 0x27, 0x01, 0x00, 0x6f, 0x27, 0x01, 0x00, 0x7a, 0x27,
    0x01, 0x00, 0x55, 0x89, 0xe5, 0x56, 0x57, 0x83, 0xec, 0x0c, 0x50, 0x52,
    0x53, 0x51, 0x8b, 0x00, 0x89, 0x45, 0xec, 0x8b, 0x45, 0xe8, 0x8b, 0x50,
    0x04, 0x85, 0xd2, 0x0f, 0x8e, 0x73, 0x02, 0x00, 0x00, 0x8b, 0x4d, 0xec,
    0x29, 0xd1, 0x89, 0x4d, 0xec, 0x8d, 0x59, 0x01, 0x89, 0x5d, 0xec, 0x31,
    0xff, 0x8b, 0x45, 0xe8, 0x89, 0x7d, 0xf4, 0xf6, 0x40, 0x08, 0x04, 0x74,
    0x26, 0x8b, 0x45, 0xe0, 0x3b, 0x45, 0xec, 0x7d, 0x0f, 0x8b, 0x45, 0xe8,
    0xf6, 0x40, 0x08, 0x10, 0x75, 0x06, 0x8b, 0x45, 0xe0, 0x89, 0x45, 0xec,
    0x8b, 0x4d, 0xec, 0x49, 0x89, 0x4d, 0xec, 0x85, 0xc9, 0x0f, 0x8c, 0x39,
    0x02, 0x00, 0x00, 0x8b, 0x45, 0xe8, 0x8b, 0x78, 0x04, 0x85, 0xff, 0x0f,
    0x8e, 0x35, 0x02, 0x00, 0x00, 0x8b, 0x55, 0xe0, 0x89, 0x7d, 0xf0, 0x39,
    0xd7, 0x7e, 0x03, 0x89, 0x55, 0xf0, 0x8b, 0x7d, 0x08, 0x8b, 0x4d, 0xf0,
    0x8b, 0x75, 0xe4, 0x03, 0x7d, 0xf4, 0x8b, 0x5d, 0xf4, 0x57, 0x8b, 0xc1,
    0xc1, 0xe9, 0x02, 0xf3, 0xa5, 0x8a, 0xc8, 0x80, 0xe1, 0x03, 0xf3, 0xa4,
    0x5f, 0x8b, 0x45, 0xf0, 0x8b, 0x4d, 0xe8, 0x01, 0x45, 0xe4, 0x29, 0x45,
    0xe0, 0x01, 0xc3, 0x8b, 0x51, 0x04, 0x89, 0x5d, 0xf4, 0x39, 0xd0, 0x7d,
    0x20, 0x89, 0xd0, 0x2b, 0x45, 0xf0, 0x89, 0x45, 0xf0, 0x8b, 0x45, 0x08,
    0xba, 0x30, 0x00, 0x00, 0x00, 0x01, 0xd8, 0x8b, 0x5d, 0xf0, 0xe8, 0x1d,
    0xf0, 0xff, 0xff, 0x8b, 0x45, 0xf0, 0x01, 0x45, 0xf4, 0x8b, 0x4d, 0xe8,
    0x8b, 0x45, 0xf4, 0x89, 0x41, 0x18, 0xf6, 0x41, 0x08, 0x08, 0x75, 0x19,
    0x83, 0x7d, 0xec, 0x00, 0x0f, 0x8e, 0xcc, 0x01, 0x00, 0x00, 0x8b, 0x4d,
    0xf4, 0x8d, 0x59, 0x01, 0x03, 0x4d, 0x08, 0x89, 0x5d, 0xf4, 0xc6, 0x01,
    0x2e, 0x8b, 0x45, 0xe8, 0x8b, 0x78, 0x04, 0x85, 0xff, 0x0f, 0x8c, 0xbe,
    0x01, 0x00, 0x00, 0x8b, 0x5d, 0xec, 0x85, 0xdb, 0x7e, 0x42, 0x3b, 0x5d,
    0xe0, 0x7d, 0x03, 0x89, 0x5d, 0xe0, 0x83, 0x7d, 0xe0, 0x00, 0x74, 0x22,
    0x8b, 0x7d, 0x08, 0x8b, 0x4d, 0xe0, 0x8b, 0x75, 0xe4, 0x03, 0x7d, 0xf4,
    0x57, 0x8b, 0xc1, 0xc1, 0xe9, 0x02, 0xf3, 0xa5, 0x8a, 0xc8, 0x80, 0xe1,
    0x03, 0xf3, 0xa4, 0x5f, 0x8b, 0x45, 0xe0, 0x01, 0x45, 0xf4, 0x8b, 0x4d,
    0xe8, 0x8b, 0x45, 0xf4, 0x89, 0x41, 0x1c, 0x8b, 0x45, 0xec, 0x2b, 0x45,
    0xe0, 0x89, 0x41, 0x20, 0x8b, 0x45, 0xe8, 0x83, 0x78, 0x0c, 0x00, 0x74,
    0x11, 0x8b, 0x4d, 0xf4, 0x8d, 0x71, 0x01, 0x03, 0x4d, 0x08, 0x8a, 0x40,
    0x0c, 0x89, 0x75, 0xf4, 0x88, 0x01, 0x8b, 0x4d, 0xf4, 0x41, 0x83, 0x7d,
    0xdc, 0x00, 0x0f, 0x8c, 0x75, 0x01, 0x00, 0x00, 0x8b, 0x45, 0xf4, 0x89,
    0x4d, 0xf4, 0x8b, 0x4d, 0x08, 0xc6, 0x04, 0x01, 0x2b, 0x8b, 0x4d, 0xe8,
    0x8b, 0x49, 0x10, 0x83, 0xf9, 0x03, 0x77, 0x1b, 0x89, 0xc8, 0xff, 0x24,
    0x85, 0x46, 0x24, 0x01, 0x00, 0x81, 0x7d, 0xdc, 0xe8, 0x03, 0x00, 0x00,
    0x0f, 0x8c, 0x5c, 0x01, 0x00, 0x00, 0xb9, 0x04, 0x00, 0x00, 0x00, 0x8b,
    0x45, 0xe8, 0x89, 0x48, 0x10, 0x83, 0xf9, 0x04, 0x7c, 0x3b, 0x31, 0xd2,
    0x8b, 0x5d, 0xdc, 0x89, 0x55, 0xf0, 0x81, 0xfb, 0xe8, 0x03, 0x00, 0x00,
    0x7c, 0x17, 0x89, 0xd8, 0xbf, 0xe8, 0x03, 0x00, 0x00, 0x99, 0xf7, 0xff,
    0x89, 0x45, 0xf0, 0x0f, 0xaf, 0xc7, 0x89, 0xdf, 0x29, 0xc7, 0x89, 0x7d,
    0xdc, 0x8b, 0x45, 0xf4, 0x8d, 0x58, 0x01, 0x8a, 0x55, 0xf0, 0x03, 0x45,
    0x08, 0x80, 0xc2, 0x30, 0x89, 0x5d, 0xf4, 0x88, 0x10, 0x83, 0xf9, 0x03,
    0x7c, 0x32, 0x31, 0xff, 0x8b, 0x45, 0xdc, 0x89, 0x7d, 0xf0, 0x83, 0xf8,
    0x64, 0x7c, 0x11, 0xbf, 0x64, 0x00, 0x00, 0x00, 0x99, 0xf7, 0xff, 0x89,
    0x45, 0xf0, 0x0f, 0xaf, 0xc7, 0x29, 0x45, 0xdc, 0x8b, 0x45, 0xf4, 0x8d,
    0x70, 0x01, 0x8a, 0x55, 0xf0, 0x03, 0x45, 0x08, 0x80, 0xc2, 0x30, 0x89,
    0x75, 0xf4, 0x88, 0x10, 0x83, 0xf9, 0x02, 0x7c, 0x33, 0x31, 0xc0, 0x8b,
    0x55, 0xdc, 0x89, 0x45, 0xf0, 0x83, 0xfa, 0x0a, 0x7c, 0x13, 0x89, 0xd0,
    0xb9, 0x0a, 0x00, 0x00, 0x00, 0x99, 0xf7, 0xf9, 0x89, 0x45, 0xf0, 0x0f,
    0xaf, 0xc1, 0x29, 0x45, 0xdc, 0x8b, 0x4d, 0xf4, 0x8d, 0x71, 0x01, 0x8a,
    0x45, 0xf0, 0x03, 0x4d, 0x08, 0x04, 0x30, 0x89, 0x75, 0xf4, 0x88, 0x01,
    0x8b, 0x4d, 0xf4, 0x8b, 0x5d, 0x08, 0x8d, 0x51, 0x01, 0x8a, 0x45, 0xdc,
    0x01, 0xd9, 0x04, 0x30, 0x88, 0x01, 0x8b, 0x45, 0xe8, 0x89, 0xd1, 0x8b,
    0x40, 0x1c, 0x29, 0xc1, 0x8b, 0x45, 0xe8, 0x89, 0x48, 0x24, 0x8d, 0x04,
    0x13, 0x89, 0x55, 0xf4, 0xc6, 0x00, 0x00, 0xe9, 0x1a, 0xfc, 0xff, 0xff,
    0x01, 0x55, 0xec, 0xe9, 0x93, 0xfd, 0xff, 0xff, 0x31, 0xf6, 0x89, 0x75,
    0xec, 0xe9, 0xbd, 0xfd, 0xff, 0xff, 0x8b, 0x45, 0xf4, 0x8d, 0x78, 0x01,
    0x03, 0x45, 0x08, 0x89, 0x7d, 0xf4, 0xc6, 0x00, 0x30, 0xe9, 0x1b, 0xfe,
    0xff, 0xff, 0xf6, 0x41, 0x08, 0x10, 0x0f, 0x85, 0x2a, 0xfe, 0xff, 0xff,
    0xe9, 0x34, 0xfe, 0xff, 0xff, 0x89, 0xf8, 0x89, 0x7d, 0xf0, 0xf7, 0xd8,
    0xba, 0x30, 0x00, 0x00, 0x00, 0x89, 0x45, 0xf0, 0x8b, 0x45, 0x08, 0x8b,
    0x5d, 0xf0, 0x03, 0x45, 0xf4, 0xe8, 0x06, 0xee, 0xff, 0xff, 0x8b, 0x45,
    0xf0, 0x01, 0x45, 0xf4, 0xe9, 0x1a, 0xfe, 0xff, 0xff, 0x8b, 0x45, 0xf4,
    0x89, 0x4d, 0xf4, 0x8b, 0x4d, 0x08, 0xf7, 0x5d, 0xdc, 0xc6, 0x04, 0x01,
    0x2d, 0xe9, 0x83, 0xfe, 0xff, 0xff, 0xb9, 0x03, 0x00, 0x00, 0x00, 0xe9,
    0x9f, 0xfe, 0xff, 0xff, 0x83, 0x7d, 0xdc, 0x0a, 0x7c, 0x05, 0xb9, 0x02,
    0x00, 0x00, 0x00, 0x83, 0x7d, 0xdc, 0x64, 0x7c, 0x05, 0xb9, 0x03, 0x00,
    0x00, 0x00, 0x81, 0x7d, 0xdc, 0xe8, 0x03, 0x00, 0x00, 0x0f, 0x8c, 0x7c,
    0xfe, 0xff, 0xff, 0xe9, 0x72, 0xfe, 0xff, 0xff, 0x55, 0x89, 0xe5, 0x51,
    0x56, 0x57, 0x81, 0xec, 0x98, 0x00, 0x00, 0x00, 0x89, 0xc1, 0x89, 0xd6,
    0x89, 0x5d, 0xe4, 0x6a, 0x00, 0x9b, 0xd9, 0x3c, 0x24, 0x9b, 0x58, 0x89,
    0x45, 0xe8, 0x80, 0xcc, 0x03, 0x0f, 0xb7, 0xc0, 0x50, 0xd9, 0x2c, 0x24,
    0x58, 0xc7, 0x42, 0x14, 0x00, 0x00, 0x00, 0x00, 0x66, 0x8b, 0x41, 0x08,
    0x66, 0x89, 0x45, 0xb0, 0x8b, 0x41, 0x04, 0x89, 0x45, 0xac, 0x8b, 0x01,
    0x89, 0x45, 0xa8, 0xf6, 0x45, 0xb1, 0x80, 0x74, 0x0b, 0xc7, 0x42, 0x14,
    0xff, 0xff, 0xff, 0xff, 0x80, 0x65, 0xb1, 0x7f, 0xc7, 0x46, 0x1c, 0x00,
    0x00, 0x00, 0x00, 0xc7, 0x46, 0x20, 0x00, 0x00, 0x00, 0x00, 0xc7, 0x46,
    0x24, 0x00, 0x00, 0x00, 0x00, 0xc7, 0x46, 0x28, 0x00, 0x00, 0x00, 0x00,
    0x8d, 0x45, 0xa8, 0xc7, 0x46, 0x18, 0x00, 0x00, 0x00, 0x00, 0xe8, 0x2f,
    0x14, 0x00, 0x00, 0x31, 0xc9, 0x89, 0xc2, 0x83, 0xf8, 0x03, 0x75, 0x6a,
    0x83, 0xfa, 0x03, 0x0f, 0x85, 0xa9, 0x01, 0x00, 0x00, 0xf6, 0x46, 0x08,
    0x80, 0x0f, 0x84, 0x81, 0x01, 0x00, 0x00, 0xb8, 0x4e, 0x00, 0x00, 0x00,
    0x8b, 0x55, 0xe4, 0x88, 0x02, 0xf6, 0x46, 0x08, 0x80, 0x0f, 0x84, 0x77,
    0x01, 0x00, 0x00, 0xb8, 0x41, 0x00, 0x00, 0x00, 0x8b, 0x55, 0xe4, 0x88,
    0x42, 0x01, 0xf6, 0x46, 0x08, 0x80, 0x0f, 0x84, 0x6c, 0x01, 0x00, 0x00,
    0xb8, 0x4e, 0x00, 0x00, 0x00, 0x8b, 0x55, 0xe4, 0x88, 0x42, 0x02, 0x8b,
    0x45, 0xe4, 0xc6, 0x40, 0x03, 0x00, 0xc7, 0x46, 0x1c, 0x03, 0x00, 0x00,
    0x00, 0x80, 0x4e, 0x09, 0x01, 0x0f, 0xb7, 0x45, 0xe8, 0x50, 0xd9, 0x2c,
    0x24, 0x58, 0x8d, 0x65, 0xf4, 0x5f, 0x5e, 0x59, 0x5d, 0xc3, 0x83, 0xf8,
    0x04, 0x74, 0x91, 0xf6, 0x46, 0x09, 0x02, 0x0f, 0x84, 0x49, 0x02, 0x00,
    0x00, 0xc6, 0x45, 0xec, 0x30, 0x83, 0xf8, 0x02, 0x0f, 0x85, 0x75, 0x01,
    0x00, 0x00, 0xc6, 0x45, 0xec, 0x31, 0x8b, 0x45, 0xa8, 0x89, 0x45, 0xcc,
    0x8b, 0x45, 0xac, 0x89, 0x45, 0xd0, 0x8a, 0x6e, 0x08, 0xf6, 0xc5, 0x20,
    0x0f, 0x84, 0x8d, 0x01, 0x00, 0x00, 0x0f, 0xb7, 0x45, 0xb0, 0x2d, 0xff,
    0x3f, 0x00, 0x00, 0x89, 0x45, 0xe0, 0x0f, 0xb6, 0x45, 0xd3, 0xc1, 0xf8,
    0x04, 0x83, 0xe0, 0x0f, 0x83, 0xf8, 0x09, 0x0f, 0x86, 0x66, 0x01, 0x00,
    0x00, 0x8d, 0x50, 0xf6, 0xf6, 0xc5, 0x80, 0x0f, 0x84, 0x50, 0x01, 0x00,
    0x00, 0xb8, 0x41, 0x00, 0x00, 0x00, 0x01, 0xc2, 0x8b, 0x45, 0xcc, 0xbb,
    0x04, 0x00, 0x00, 0x00, 0x88, 0x55, 0xec, 0x31, 0xc9, 0x8b, 0x55, 0xd0,
    0x83, 0x6d, 0xe0, 0x04, 0xe8, 0xd0, 0x13, 0x00, 0x00, 0x89, 0x45, 0xcc,
    0x89, 0x55, 0xd0, 0x8b, 0x45, 0xe4, 0xc6, 0x00, 0x30, 0x40, 0x89, 0x45,
    0xd8, 0xf6, 0x46, 0x08, 0x80, 0x0f, 0x84, 0x52, 0x01, 0x00, 0x00, 0xb8,
    0x58, 0x00, 0x00, 0x00, 0x8b, 0x55, 0xd8, 0x8d, 0x5a, 0x01, 0x88, 0x02,
    0x8a, 0x45, 0xec, 0x89, 0x5d, 0xd8, 0x8d, 0x7b, 0x01, 0x88, 0x03, 0x89,
    0x7d, 0xd8, 0x83, 0x7d, 0xd0, 0x00, 0x75, 0x0a, 0x83, 0x7d, 0xcc, 0x00,
    0x0f, 0x84, 0x43, 0x01, 0x00, 0x00, 0x8d, 0x4f, 0x01, 0xc6, 0x07, 0x2e,
    0x89, 0x4d, 0xd8, 0x83, 0x7d, 0xd0, 0x00, 0x75, 0x0a, 0x83, 0x7d, 0xcc,
    0x00, 0x0f, 0x84, 0x2a, 0x01, 0x00, 0x00, 0x0f, 0xb6, 0x45, 0xd3, 0xc1,
    0xf8, 0x04, 0x83, 0xe0, 0x0f, 0x83, 0xf8, 0x09, 0x0f, 0x86, 0x0f, 0x01,
    0x00, 0x00, 0x8d, 0x50, 0xf6, 0xf6, 0x46, 0x08, 0x80, 0x0f, 0x84, 0xf8,
    0x00, 0x00, 0x00, 0xb8, 0x41, 0x00, 0x00, 0x00, 0x01, 0xd0, 0x8b, 0x55,
    0xd8, 0xbb, 0x04, 0x00, 0x00, 0x00, 0x88, 0x02, 0x31, 0xc9, 0x8b, 0x45,
    0xcc, 0x8b, 0x55, 0xd0, 0xff, 0x45, 0xd8, 0xe8, 0x31, 0x13, 0x00, 0x00,
    0x89, 0x45, 0xcc, 0x89, 0x55, 0xd0, 0xeb, 0xa7, 0xb8, 0x6e, 0x00, 0x00,
    0x00, 0xe9, 0x7a, 0xfe, 0xff, 0xff, 0xb8, 0x61, 0x00, 0x00, 0x00, 0xe9,
    0x84, 0xfe, 0xff, 0xff, 0xb8, 0x6e, 0x00, 0x00, 0x00, 0xe9, 0x8f, 0xfe,
    0xff, 0xff, 0xf6, 0x46, 0x08, 0x80, 0x74, 0x2b, 0xb8, 0x49, 0x00, 0x00,
    0x00, 0x8b, 0x55, 0xe4, 0x88, 0x02, 0xf6, 0x46, 0x08, 0x80, 0x74, 0x22,
    0xb8, 0x4e, 0x00, 0x00, 0x00, 0x8b, 0x55, 0xe4, 0x88, 0x42, 0x01, 0xf6,
    0x46, 0x08, 0x80, 0x74, 0x18, 0xb8, 0x46, 0x00, 0x00, 0x00, 0xe9, 0x5e,
    0xfe, 0xff, 0xff, 0xb8, 0x69, 0x00, 0x00, 0x00, 0xeb, 0xd3, 0xb8, 0x6e,
    0x00, 0x00, 0x00, 0xeb, 0xdc, 0xb8, 0x66, 0x00, 0x00, 0x00, 0xe9, 0x46,
    0xfe, 0xff, 0xff, 0x83, 0xf8, 0x01, 0x0f, 0x84, 0x86, 0xfe, 0xff, 0xff,
    0x85, 0xc0, 0x0f, 0x85, 0xe7, 0xfe, 0xff, 0xff, 0x89, 0x4e, 0x14, 0x89,
    0x4d, 0xe0, 0x89, 0x4d, 0xcc, 0x89, 0x4d, 0xd0, 0xe9, 0xd6, 0xfe, 0xff,
    0xff, 0xb8, 0x61, 0x00, 0x00, 0x00, 0xe9, 0xab, 0xfe, 0xff, 0xff, 0x8d,
    0x50, 0x30, 0xe9, 0xa5, 0xfe, 0xff, 0xff, 0x8d, 0x55, 0xcc, 0x8d, 0x45,
    0xa8, 0xdb, 0x28, 0xdd, 0x1a, 0x8b, 0x45, 0xd0, 0xbb, 0x0c, 0x00, 0x00,
    0x00, 0xc1, 0xe8, 0x14, 0x31, 0xc9, 0x2d, 0xff, 0x03, 0x00, 0x00, 0x8b,
    0x55, 0xd0, 0x89, 0x45, 0xe0, 0x8b, 0x45, 0xcc, 0xe9, 0x8f, 0xfe, 0xff,
    0xff, 0xb8, 0x78, 0x00, 0x00, 0x00, 0xe9, 0xa9, 0xfe, 0xff, 0xff, 0xb8,
    0x61, 0x00, 0x00, 0x00, 0xe9, 0x03, 0xff, 0xff, 0xff, 0x83, 0xc0, 0x30,
    0xe9, 0xfd, 0xfe, 0xff, 0xff, 0x8b, 0x55, 0xd8, 0x8a, 0x46, 0x0c, 0x88,
    0x02, 0x42, 0x89, 0x55, 0xd8, 0x83, 0x7d, 0xe0, 0x00, 0x7c, 0x09, 0x8d,
    0x5a, 0x01, 0xc6, 0x02, 0x2b, 0x89, 0x5d, 0xd8, 0xbb, 0x0a, 0x00, 0x00,
    0x00, 0x8b, 0x55, 0xd8, 0x8b, 0x45, 0xe0, 0x8b, 0x7d, 0xd8, 0xe8, 0xd9,
    0xf3, 0xff, 0xff, 0x2b, 0xc9, 0x49, 0x33, 0xc0, 0xf2, 0xae, 0xf7, 0xd1,
    0x49, 0x8b, 0x7d, 0xd8, 0x01, 0xcf, 0x89, 0xf8, 0x2b, 0x45, 0xe4, 0x89,
    0x7d, 0xd8, 0x89, 0x46, 0x1c, 0xe9, 0x97, 0xfd, 0xff, 0xff, 0x83, 0xf8,
    0x02, 0x75, 0x3d, 0x0f, 0xb7, 0x45, 0xb0, 0x2d, 0xfe, 0x3f, 0x00, 0x00,
    0x89, 0x45, 0xe0, 0x69, 0xc0, 0x97, 0x75, 0x00, 0x00, 0xbb, 0xa0, 0x86,
    0x01, 0x00, 0x99, 0xf7, 0xfb, 0x89, 0x45, 0xe0, 0x8d, 0x78, 0xfc, 0x89,
    0x7d, 0xe0, 0x85, 0xff, 0x74, 0x46, 0x7c, 0x27, 0x8b, 0x45, 0xb0, 0x66,
    0x3d, 0x19, 0x40, 0x0f, 0x83, 0x03, 0x01, 0x00, 0x00, 0x31, 0xc0, 0x89,
    0x45, 0xe0, 0xeb, 0x30, 0x83, 0xf8, 0x01, 0x75, 0x08, 0x89, 0x4d, 0xe0,
    0x89, 0x4e, 0x14, 0xeb, 0x23, 0x85, 0xc0, 0x75, 0x1f, 0xeb, 0xf2, 0x89,
    0xf8, 0xf7, 0xd8, 0x83, 0xc0, 0x03, 0x24, 0xfc, 0x89, 0xc2, 0x89, 0x45,
    0xe0, 0xf7, 0xda, 0x8d, 0x45, 0xa8, 0x89, 0x55, 0xe0, 0xf7, 0xda, 0xe8,
    0x9d, 0xf6, 0xff, 0xff, 0xf6, 0x46, 0x08, 0x02, 0x0f, 0x84, 0x86, 0x01,
    0x00, 0x00, 0x8b, 0x3e, 0x03, 0x7d, 0xe0, 0x8b, 0x46, 0x04, 0x83, 0xc7,
    0x0a, 0x85, 0xc0, 0x7e, 0x02, 0x01, 0xc7, 0xb8, 0x14, 0x00, 0x00, 0x00,
    0xf6, 0x46, 0x08, 0x20, 0x74, 0x05, 0xb8, 0x17, 0x00, 0x00, 0x00, 0xf6,
    0x46, 0x08, 0x40, 0x74, 0x02, 0x01, 0xc0, 0x83, 0xc0, 0x04, 0x39, 0xc7,
    0x0f, 0x8f, 0x5c, 0x01, 0x00, 0x00, 0x66, 0xc7, 0x85, 0x5c, 0xff, 0xff,
    0xff, 0x30, 0x00, 0x8d, 0x85, 0x5d, 0xff, 0xff, 0xff, 0x31, 0xdb, 0x89,
    0x45, 0xdc, 0x89, 0x5d, 0xd4, 0x85, 0xff, 0x0f, 0x8e, 0x4c, 0x01, 0x00,
    0x00, 0x83, 0xef, 0x08, 0x85, 0xc9, 0x0f, 0x84, 0x39, 0x01, 0x00, 0x00,
    0x8b, 0x5d, 0xdc, 0x89, 0xc8, 0x83, 0x45, 0xd4, 0x08, 0x51, 0x52, 0xe8,
    0x02, 0x00, 0x00, 0x00, 0xeb, 0x45, 0xb9, 0x10, 0x27, 0x00, 0x00, 0x2b,
    0xd2, 0x3b, 0xc1, 0x92, 0x72, 0x03, 0x92, 0xf7, 0xf1, 0x52, 0xe8, 0x01,
    0x00, 0x00, 0x00, 0x58, 0xb9, 0x64, 0x00, 0x00, 0x00, 0x2b, 0xd2, 0x3b,
    0xc1, 0x92, 0x72, 0x04, 0x92, 0x66, 0xf7, 0xf1, 0x52, 0xe8, 0x01, 0x00,
    0x00, 0x00, 0x58, 0xb1, 0x0a, 0x3a, 0xc1, 0x86, 0xe0, 0x72, 0x04, 0x86,
    0xe0, 0xf6, 0xf1, 0x80, 0xc4, 0x30, 0x04, 0x30, 0x88, 0x03, 0x43, 0x88,
    0x23, 0x43, 0xc3, 0x5a, 0x59, 0x32, 0xc0, 0x88, 0x03, 0x89, 0x5d, 0xdc,
    0x31, 0xc9, 0xeb, 0x89, 0x75, 0x0d, 0x81, 0x7d, 0xac, 0x00, 0x20, 0xbc,
    0xbe, 0x0f, 0x82, 0xee, 0xfe, 0xff, 0xff, 0x8b, 0x5d, 0xb0, 0x66, 0x81,
    0xfb, 0x34, 0x40, 0x73, 0x7c, 0x66, 0xc7, 0x45, 0xbc, 0x19, 0x40, 0x8d,
    0x55, 0xb4, 0x31, 0xdb, 0x8d, 0x45, 0xa8, 0x89, 0x5d, 0xb4, 0x8d, 0x5d,
    0x9c, 0xc7, 0x45, 0xb8, 0x00, 0x20, 0xbc, 0xbe, 0xdb, 0x28, 0xdb, 0x2a,
    0xde, 0xf9, 0xdb, 0x3b, 0x8d, 0x45, 0x9c, 0x8d, 0x55, 0x9c, 0x8d, 0x5d,
    0xb4, 0xdb, 0x28, 0x50, 0x50, 0x9b, 0xd9, 0x3c, 0x24, 0x9b, 0x58, 0x50,
    0x80, 0xcc, 0x0c, 0x50, 0xd9, 0x2c, 0x24, 0x58, 0xdb, 0x5c, 0x24, 0x04,
    0xd9, 0x2c, 0x24, 0x58, 0x58, 0x89, 0xc1, 0x50, 0xdb, 0x04, 0x24, 0x58,
    0xdb, 0x3a, 0x8d, 0x55, 0xb4, 0x8d, 0x45, 0x9c, 0xdb, 0x28, 0xdb, 0x2a,
    0xde, 0xc9, 0xdb, 0x3b, 0x8d, 0x5d, 0xa8, 0x8d, 0x55, 0xb4, 0x8d, 0x45,
    0xa8, 0xc7, 0x45, 0xe0, 0x08, 0x00, 0x00, 0x00, 0xdb, 0x28, 0xdb, 0x2a,
    0xde, 0xe9, 0xdb, 0x3b, 0xe9, 0x9f, 0xfe, 0xff, 0xff, 0x75, 0x1e, 0x8b,
    0x7d, 0xac, 0x81, 0xff, 0xbf, 0xc9, 0x1b, 0x8e, 0x0f, 0x82, 0x73, 0xff,
    0xff, 0xff, 0x75, 0x0d, 0x81, 0x7d, 0xa8, 0x00, 0x00, 0x00, 0x04, 0x0f,
    0x82, 0x64, 0xff, 0xff, 0xff, 0x80, 0x65, 0xe0, 0xfc, 0x8b, 0x55, 0xe0,
    0x8d, 0x45, 0xa8, 0xe9, 0x69, 0xfe, 0xff, 0xff, 0x8b, 0x3e, 0x83, 0xc7,
    0x08, 0xe9, 0x81, 0xfe, 0xff, 0xff, 0x89, 0xc7, 0xe9, 0x9d, 0xfe, 0xff,
    0xff, 0x66, 0xf7, 0x45, 0xb0, 0xff, 0x7f, 0x75, 0x19, 0x8b, 0x45, 0xd4,
    0x8d, 0x95, 0x5d, 0xff, 0xff, 0xff, 0x83, 0x45, 0xe0, 0x07, 0x80, 0x3a,
    0x30, 0x75, 0x73, 0xff, 0x4d, 0xe0, 0x48, 0x42, 0xeb, 0xf4, 0x8d, 0x45,
    0xa8, 0xdb, 0x28, 0x50, 0x50, 0x9b, 0xd9, 0x3c, 0x24, 0x9b, 0x58, 0x50,
    0x80, 0xcc, 0x0c, 0x50, 0xd9, 0x2c, 0x24, 0x58, 0xdb, 0x5c, 0x24, 0x04,
    0xd9, 0x2c, 0x24, 0x58, 0x58, 0x89, 0xc1, 0x85, 0xff, 0x0f, 0x8e, 0x7d,
    0xfe, 0xff, 0xff, 0x8d, 0x55, 0xc0, 0x8d, 0x5d, 0xa8, 0x50, 0xdb, 0x04,
    0x24, 0x58, 0xdb, 0x3a, 0x8d, 0x55, 0xc0, 0x8d, 0x45, 0xa8, 0xdb, 0x28,
    0xdb, 0x2a, 0xde, 0xe9, 0xdb, 0x3b, 0x66, 0xc7, 0x45, 0xc8, 0x19, 0x40,
    0x8d, 0x5d, 0xa8, 0x31, 0xc0, 0x8d, 0x55, 0xc0, 0x89, 0x45, 0xc0, 0x8d,
    0x45, 0xa8, 0xc7, 0x45, 0xc4, 0x00, 0x20, 0xbc, 0xbe, 0xdb, 0x28, 0xdb,
    0x2a, 0xde, 0xc9, 0xdb, 0x3b, 0xe9, 0x3a, 0xfe, 0xff, 0xff, 0x8a, 0x4e,
    0x08, 0x8b, 0x1e, 0xf6, 0xc1, 0x02, 0x74, 0x57, 0x8b, 0x7d, 0xe0, 0x8b,
    0x4e, 0x04, 0x01, 0xcf, 0x89, 0x7d, 0xe0, 0x8d, 0x4f, 0x01, 0x01, 0xcb,
    0x85, 0xdb, 0x0f, 0x8c, 0x79, 0x00, 0x00, 0x00, 0x39, 0xc3, 0x7e, 0x02,
    0x89, 0xc3, 0xb9, 0x14, 0x00, 0x00, 0x00, 0xf6, 0x46, 0x08, 0x20, 0x74,
    0x05, 0xb9, 0x17, 0x00, 0x00, 0x00, 0xf6, 0x46, 0x08, 0x40, 0x74, 0x02,
    0x01, 0xc9, 0x39, 0xcb, 0x7e, 0x02, 0x89, 0xcb, 0xc6, 0x45, 0xf0, 0x30,
    0x39, 0xd8, 0x7f, 0x30, 0x8a, 0x6d, 0xf0, 0x89, 0xdf, 0x8d, 0x04, 0x13,
    0x48, 0x8a, 0x08, 0x4f, 0x38, 0xe9, 0x75, 0x2e, 0x4b, 0xeb, 0xf5, 0xf6,
    0xc1, 0x01, 0x74, 0xb4, 0x8b, 0x7e, 0x04, 0x85, 0xff, 0x7e, 0x0d, 0x43,
    0x8b, 0x4d, 0xe0, 0x41, 0x2b, 0x4e, 0x04, 0x89, 0x4d, 0xe0, 0xeb, 0xa0,
    0x01, 0xfb, 0xeb, 0xf0, 0x8d, 0x04, 0x1a, 0x80, 0x38, 0x35, 0x7c, 0xc8,
    0xc6, 0x45, 0xf0, 0x39, 0xeb, 0xc2, 0x80, 0xfd, 0x39, 0x75, 0x06, 0x88,
    0xcd, 0xfe, 0xc5, 0x88, 0x28, 0x85, 0xff, 0x7c, 0x36, 0x85, 0xdb, 0x7e,
    0x39, 0x8a, 0x66, 0x08, 0xf6, 0xc4, 0x02, 0x75, 0x17, 0xf6, 0xc4, 0x04,
    0x74, 0x48, 0x8b, 0x4d, 0xe0, 0x83, 0xf9, 0xfc, 0x7c, 0x04, 0x3b, 0x0e,
    0x7c, 0x06, 0xf6, 0x46, 0x08, 0x08, 0x74, 0x36, 0x8b, 0x4d, 0xe4, 0x51,
    0x89, 0xf0, 0x8b, 0x4d, 0xe0, 0xe8, 0xe9, 0xf3, 0xff, 0xff, 0xe9, 0x26,
    0xfa, 0xff, 0xff, 0xff, 0x45, 0xe0, 0x4a, 0x43, 0xeb, 0xc3, 0xbb, 0x01,
    0x00, 0x00, 0x00, 0xc6, 0x85, 0x5c, 0xff, 0xff, 0xff, 0x30, 0x31, 0xc0,
    0x8d, 0x95, 0x5c, 0xff, 0xff, 0xff, 0x89, 0x45, 0xe0, 0x89, 0x46, 0x14,
    0xeb, 0xab, 0x8b, 0x45, 0xe4, 0x50, 0x8b, 0x4d, 0xe0, 0x89, 0xf0, 0xe8,
    0xde, 0xf5, 0xff, 0xff, 0xe9, 0xf0, 0xf9, 0xff, 0xff, 0x53, 0x51, 0x56,
    0x89, 0xd6, 0x8a, 0x08, 0x30, 0xdb, 0x0f, 0xb6, 0xd1, 0xf6, 0x82, 0xf1,
    0x3c, 0x01, 0x00, 0x02, 0x74, 0x05, 0x40, 0x8a, 0x08, 0xeb, 0xef, 0x8d,
    0x50, 0x01, 0x80, 0xf9, 0x2b, 0x75, 0x44, 0x89, 0xd0, 0x8a, 0x08, 0x80,
    0xf9, 0x6e, 0x75, 0x45, 0x40, 0x8a, 0x10, 0x80, 0xfa, 0x61, 0x0f, 0x85,
    0xa5, 0x00, 0x00, 0x00, 0x40, 0x8a, 0x38, 0x80, 0xff, 0x6e, 0x0f, 0x85,
    0xac, 0x00, 0x00, 0x00, 0x40, 0x80, 0xcb, 0x20, 0x80, 0x38, 0x28, 0x0f,
    0x85, 0x97, 0x00, 0x00, 0x00, 0x40, 0x89, 0xc2, 0x0f, 0xb6, 0x0a, 0xf6,
    0x81, 0xf1, 0x3c, 0x01, 0x00, 0xe0, 0x0f, 0x84, 0x97, 0x00, 0x00, 0x00,
    0x42, 0xeb, 0xed, 0x80, 0xf9, 0x2d, 0x75, 0xb9, 0x80, 0xcb, 0x01, 0xeb,
    0xb2, 0x80, 0xf9, 0x4e, 0x74, 0xb6, 0x80, 0xf9, 0x69, 0x0f, 0x85, 0x91,
    0x00, 0x00, 0x00, 0x40, 0x8a, 0x10, 0x80, 0xfa, 0x6e, 0x0f, 0x85, 0xa8,
    0x00, 0x00, 0x00, 0x40, 0x8a, 0x38, 0x80, 0xff, 0x66, 0x0f, 0x85, 0xa7,
    0x00, 0x00, 0x00, 0x8d, 0x50, 0x01, 0x8a, 0x2a, 0x80, 0xcb, 0x40, 0x80,
    0xfd, 0x69, 0x0f, 0x85, 0xa1, 0x00, 0x00, 0x00, 0x42, 0x8a, 0x0a, 0x80,
    0xf9, 0x6e, 0x0f, 0x85, 0xa0, 0x00, 0x00, 0x00, 0x42, 0x8a, 0x3a, 0x80,
    0xff, 0x69, 0x0f, 0x85, 0xa2, 0x00, 0x00, 0x00, 0x42, 0x8a, 0x2a, 0x80,
    0xfd, 0x74, 0x0f, 0x85, 0xa4, 0x00, 0x00, 0x00, 0x42, 0x8a, 0x0a, 0x80,
    0xf9, 0x79, 0x0f, 0x85, 0xa6, 0x00, 0x00, 0x00, 0x89, 0xd0, 0x40, 0xeb,
    0x0b, 0x80, 0xfa, 0x41, 0x0f, 0x84, 0x52, 0xff, 0xff, 0xff, 0xb3, 0x80,
    0x89, 0x06, 0x88, 0xd8, 0x5e, 0x59, 0x5b, 0xc3, 0x80, 0xff, 0x4e, 0x0f,
    0x84, 0x4b, 0xff, 0xff, 0xff, 0xeb, 0xeb, 0x8a, 0x0a, 0x80, 0xf9, 0x5f,
    0x0f, 0x84, 0x5e, 0xff, 0xff, 0xff, 0x80, 0xf9, 0x29, 0x75, 0xdd, 0x8d,
    0x42, 0x01, 0xeb, 0xd8, 0x80, 0xf9, 0x49, 0x0f, 0x84, 0x66, 0xff, 0xff,
    0xff, 0x80, 0xf9, 0x30, 0x75, 0xca, 0x8a, 0x48, 0x01, 0x80, 0xf9, 0x78,
    0x74, 0x05, 0x80, 0xf9, 0x58, 0x75, 0xbd, 0x80, 0xcb, 0x10, 0x83, 0xc0,
    0x02, 0xeb, 0xb5, 0x80, 0xfa, 0x4e, 0x0f, 0x84, 0x4f, 0xff, 0xff, 0xff,
    0xeb, 0xa8, 0x80, 0xff, 0x46, 0x0f, 0x84, 0x50, 0xff, 0xff, 0xff, 0xeb,
    0x9d, 0x80, 0xfd, 0x49, 0x0f, 0x84, 0x56, 0xff, 0xff, 0xff, 0xeb, 0x86,
    0x80, 0xf9, 0x4e, 0x0f, 0x84, 0x57, 0xff, 0xff, 0xff, 0xe9, 0x78, 0xff,
    0xff, 0xff, 0x80, 0xff, 0x49, 0x0f, 0x84, 0x55, 0xff, 0xff, 0xff, 0xe9,
    0x6a, 0xff, 0xff, 0xff, 0x80, 0xfd, 0x54, 0x0f, 0x84, 0x53, 0xff, 0xff,
    0xff, 0xe9, 0x5c, 0xff, 0xff, 0xff, 0x80, 0xf9, 0x59, 0x0f, 0x84, 0x51,
    0xff, 0xff, 0xff, 0xe9, 0x4e, 0xff, 0xff, 0xff, 0x56, 0x57, 0x55, 0x83,
    0xec, 0x1c, 0x88, 0x44, 0x24, 0x18, 0x89, 0x14, 0x24, 0x89, 0x5c, 0x24,
    0x04, 0x89, 0x4c, 0x24, 0x10, 0xb3, 0x30, 0x8b, 0x04, 0x24, 0x8b, 0x7c,
    0x24, 0x04, 0x30, 0xd2, 0x31, 0xc9, 0x31, 0xf6, 0x89, 0x4c, 0x24, 0x14,
    0x8a, 0x30, 0x40, 0x80, 0xfe, 0x2e, 0x75, 0x0a, 0xf6, 0xc2, 0x08, 0x75,
    0x20, 0x80, 0xca, 0x08, 0xeb, 0xee, 0x80, 0x7c, 0x24, 0x18, 0x00, 0x0f,
    0x84, 0xcd, 0x00, 0x00, 0x00, 0x0f, 0xb6, 0xee, 0xf6, 0x85, 0xf1, 0x3c,
    0x01, 0x00, 0x10, 0x0f, 0x85, 0xcd, 0x00, 0x00, 0x00, 0xf6, 0xc2, 0x04,
    0x0f, 0x84, 0x66, 0x01, 0x00, 0x00, 0x80, 0x7c, 0x24, 0x18, 0x00, 0x0f,
    0x85, 0xe5, 0x00, 0x00, 0x00, 0x80, 0xfe, 0x65, 0x0f, 0x85, 0xd3, 0x00,
    0x00, 0x00, 0x8d, 0x58, 0xff, 0x8a, 0x30, 0x89, 0x5c, 0x24, 0x0c, 0x8d,
    0x58, 0x01, 0x80, 0xfe, 0x2b, 0x0f, 0x85, 0xe6, 0x00, 0x00, 0x00, 0x89,
    0xd8, 0x80, 0xe2, 0xfb, 0x80, 0x7c, 0x24, 0x18, 0x00, 0x0f, 0x84, 0xe7,
    0x00, 0x00, 0x00, 0xbd, 0x10, 0x27, 0x00, 0x00, 0x8a, 0x30, 0x0f, 0xb6,
    0xfe, 0xf6, 0x87, 0xf1, 0x3c, 0x01, 0x00, 0x20, 0x0f, 0x85, 0xda, 0x00,
    0x00, 0x00, 0xf6, 0xc2, 0x02, 0x74, 0x02, 0xf7, 0xde, 0xf6, 0xc2, 0x04,
    0x75, 0x04, 0x8b, 0x44, 0x24, 0x0c, 0x80, 0x7c, 0x24, 0x18, 0x00, 0x0f,
    0x84, 0xd9, 0x00, 0x00, 0x00, 0xbb, 0x10, 0x00, 0x00, 0x00, 0x89, 0x5c,
    0x24, 0x08, 0x0f, 0x84, 0xd4, 0x00, 0x00, 0x00, 0xbb, 0x04, 0x00, 0x00,
    0x00, 0x8b, 0x6c, 0x24, 0x14, 0x0f, 0xaf, 0xeb, 0x29, 0xee, 0x8b, 0x6c,
    0x24, 0x08, 0x89, 0xdf, 0x39, 0xe9, 0x0f, 0x8f, 0xc2, 0x00, 0x00, 0x00,
    0x8b, 0x5c, 0x24, 0x04, 0x01, 0xcb, 0x85, 0xc9, 0x0f, 0x8e, 0xc5, 0x00,
    0x00, 0x00, 0x80, 0x7b, 0xff, 0x30, 0x0f, 0x85, 0xbb, 0x00, 0x00, 0x00,
    0x4b, 0x49, 0x01, 0xfe, 0xeb, 0xe8, 0x0f, 0xb6, 0xee, 0xf6, 0x85, 0xf1,
    0x3c, 0x01, 0x00, 0x20, 0x0f, 0x84, 0x33, 0xff, 0xff, 0xff, 0xf6, 0xc2,
    0x08, 0x74, 0x04, 0xff, 0x44, 0x24, 0x14, 0x08, 0xf3, 0x80, 0xfb, 0x30,
    0x75, 0x08, 0x80, 0xca, 0x04, 0xe9, 0xee, 0xfe, 0xff, 0xff, 0x83, 0xf9,
    0x20, 0x7d, 0x02, 0x88, 0x37, 0x47, 0x41, 0xeb, 0xed, 0x80, 0xfe, 0x45,
    0x0f, 0x84, 0x24, 0xff, 0xff, 0xff, 0x80, 0x7c, 0x24, 0x18, 0x00, 0x74,
    0x12, 0x80, 0xfe, 0x70, 0x0f, 0x84, 0x14, 0xff, 0xff, 0xff, 0x80, 0xfe,
    0x50, 0x0f, 0x84, 0x0b, 0xff, 0xff, 0xff, 0x48, 0xe9, 0x51, 0xff, 0xff,
    0xff, 0x80, 0xfe, 0x2d, 0x0f, 0x85, 0x13, 0xff, 0xff, 0xff, 0x80, 0xca,
    0x02, 0xe9, 0x09, 0xff, 0xff, 0xff, 0xbd, 0xd0, 0x07, 0x00, 0x00, 0xe9,
    0x14, 0xff, 0xff, 0xff, 0x39, 0xee, 0x7c, 0x09, 0x80, 0xca, 0x04, 0x40,
    0xe9, 0x07, 0xff, 0xff, 0xff, 0x6b, 0xf6, 0x0a, 0x0f, 0xbe, 0xde, 0x01,
    0xde, 0x83, 0xee, 0x30, 0xeb, 0xea, 0xbb, 0x13, 0x00, 0x00, 0x00, 0xe9,
    0x22, 0xff, 0xff, 0xff, 0xbb, 0x01, 0x00, 0x00, 0x00, 0xe9, 0x27, 0xff,
    0xff, 0xff, 0x0f, 0xaf, 0xdd, 0x29, 0xd9, 0x01, 0xce, 0x89, 0xe9, 0xe9,
    0x30, 0xff, 0xff, 0xff, 0x8b, 0x04, 0x24, 0x8b, 0x5c, 0x24, 0x2c, 0x89,
    0x33, 0x8b, 0x5c, 0x24, 0x30, 0x89, 0x0b, 0x8b, 0x4c, 0x24, 0x10, 0x89,
    0x01, 0x88, 0xd0, 0x83, 0xc4, 0x1c, 0x5d, 0x5f, 0x5e, 0xc2, 0x08, 0x00,
    0x55, 0x89, 0xe5, 0x51, 0x56, 0x57, 0x83, 0xec, 0x4c, 0x89, 0xd6, 0x89,
    0xdf, 0x8d, 0x55, 0xd8, 0x89, 0x45, 0xd8, 0xe8, 0x79, 0xfc, 0xff, 0xff,
    0x88, 0xc2, 0x88, 0xd6, 0x88, 0x45, 0xf0, 0x80, 0xe6, 0x10, 0x8b, 0x45,
    0xd8, 0x88, 0x75, 0xec, 0xf6, 0xc2, 0x01, 0x74, 0x51, 0xba, 0x80, 0x00,
    0x00, 0x00, 0x89, 0x55, 0xe0, 0x8a, 0x55, 0xf0, 0xf6, 0xc2, 0x60, 0x74,
    0x4c, 0x66, 0xc7, 0x46, 0x08, 0xff, 0x7f, 0xc7, 0x46, 0x04, 0x00, 0x00,
    0x00, 0x00, 0xc7, 0x06, 0x00, 0x00, 0x00, 0x00, 0xf6, 0xc2, 0x20, 0x74,
    0x2d, 0xba, 0x01, 0x00, 0x00, 0x00, 0x80, 0x4e, 0x07, 0x80, 0xf6, 0x45,
    0xf0, 0x01, 0x74, 0x04, 0x80, 0x4e, 0x09, 0x80, 0x85, 0xff, 0x74, 0x05,
    0x8b, 0x45, 0xd8, 0x89, 0x07, 0x8b, 0x45, 0xe0, 0x09, 0xd0, 0x8d, 0x65,
    0xf4, 0x5f, 0x5e, 0x59, 0x5d, 0xc3, 0x31, 0xd2, 0xeb, 0xb0, 0xba, 0x02,
    0x00, 0x00, 0x00, 0xeb, 0xd5, 0x8d, 0x55, 0xdc, 0x52, 0x8d, 0x55, 0xe4,
    0x52, 0x8b, 0x55, 0xe9, 0x8d, 0x4d, 0xd8, 0xc1, 0xfa, 0x18, 0x8d, 0x5d,
    0xa8, 0x89, 0x55, 0xe8, 0x89, 0xc2, 0x8b, 0x45, 0xe8, 0xe8, 0x72, 0xfd,
    0xff, 0xff, 0x08, 0x45, 0xf0, 0x85, 0xff, 0x74, 0x05, 0x8b, 0x45, 0xd8,
    0x89, 0x07, 0x8b, 0x45, 0xdc, 0x85, 0xc0, 0x74, 0x54, 0xc6, 0x44, 0x28,
    0xa8, 0x00, 0x80, 0x7d, 0xec, 0x00, 0x74, 0x5c, 0x8d, 0x5d, 0xe4, 0x8d,
    0x55, 0xcc, 0x8d, 0x45, 0xa8, 0xe8, 0x48, 0x0b, 0x00, 0x00, 0xf6, 0x45,
    0xf0, 0x01, 0x74, 0x04, 0x80, 0x4d, 0xd5, 0x80, 0x8b, 0x45, 0xd4, 0x66,
    0x89, 0x46, 0x08, 0x8b, 0x45, 0xd0, 0x89, 0x46, 0x04, 0x8b, 0x45, 0xcc,
    0x89, 0x06, 0x8b, 0x45, 0xe4, 0x03, 0x45, 0xdc, 0x48, 0x3d, 0x44, 0x13,
    0x00, 0x00, 0x7f, 0x40, 0x3d, 0xbc, 0xec, 0xff, 0xff, 0x7d, 0x43, 0x8b,
    0x45, 0xe0, 0x0c, 0x04, 0xe9, 0x65, 0xff, 0xff, 0xff, 0x66, 0xc7, 0x46,
    0x08, 0x00, 0x00, 0x89, 0x46, 0x04, 0x89, 0x06, 0x8b, 0x45, 0xe0, 0xe9,
    0x52, 0xff, 0xff, 0xff, 0x8d, 0x55, 0xcc, 0x8d, 0x45, 0xa8, 0xe8, 0xc1,
    0x0b, 0x00, 0x00, 0x8b, 0x55, 0xe4, 0x85, 0xd2, 0x74, 0xa0, 0x8d, 0x45,
    0xcc, 0xe8, 0xbb, 0xee, 0xff, 0xff, 0xeb, 0x96, 0x8b, 0x45, 0xe0, 0x0c,
    0x05, 0xe9, 0x2c, 0xff, 0xff, 0xff, 0xb8, 0x03, 0x00, 0x00, 0x00, 0xe9,
    0x22, 0xff, 0xff, 0xff, 0x55, 0x89, 0xe5, 0x53, 0x51, 0x83, 0xec, 0x24,
    0x89, 0xd3, 0x8d, 0x55, 0xd4, 0xe8, 0x9a, 0xfe, 0xff, 0xff, 0x89, 0xc1,
    0x80, 0xe1, 0x7f, 0x89, 0xc2, 0x85, 0xc9, 0x75, 0x13, 0x85, 0xc9, 0x0f,
    0x85, 0x77, 0x00, 0x00, 0x00, 0x89, 0x4d, 0xe0, 0x89, 0x4d, 0xe4, 0xe9,
    0x83, 0x00, 0x00, 0x00, 0x83, 0xf9, 0x01, 0x74, 0xe8, 0x83, 0xf9, 0x02,
    0x74, 0xe3, 0x8b, 0x45, 0xdc, 0x80, 0xe4, 0x7f, 0x0f, 0xb7, 0xc0, 0x3d,
    0xff, 0x43, 0x00, 0x00, 0x0f, 0x8d, 0x80, 0x00, 0x00, 0x00, 0x3d, 0xcd,
    0x3b, 0x00, 0x00, 0x0f, 0x8d, 0xad, 0x00, 0x00, 0x00, 0x83, 0xf8, 0xcc,
    0x0f, 0x8c, 0x95, 0x00, 0x00, 0x00, 0x8d, 0x55, 0xe0, 0x8d, 0x45, 0xd4,
    0xdb, 0x28, 0xdd, 0x1a, 0x8b, 0x45, 0xe0, 0x89, 0x45, 0xe8, 0x8b, 0x45,
    0xe4, 0x89, 0x45, 0xec, 0xa9, 0xff, 0xff, 0xff, 0x7f, 0x75, 0x06, 0x83,
    0x7d, 0xe0, 0x00, 0x74, 0x08, 0x66, 0xf7, 0x45, 0xee, 0xf0, 0x7f, 0x75,
    0x05, 0xe8, 0x5e, 0xe8, 0xff, 0xff, 0xdd, 0x45, 0xe0, 0x8d, 0x65, 0xf8,
    0x59, 0x5b, 0x5d, 0xc3, 0x83, 0xf9, 0x01, 0x75, 0x1c, 0x8b, 0x15, 0x8f,
    0x3f, 0x01, 0x00, 0x89, 0x55, 0xe0, 0x8b, 0x15, 0x93, 0x3f, 0x01, 0x00,
    0x89, 0x55, 0xe4, 0xa8, 0x80, 0x74, 0xdb, 0x80, 0x75, 0xe7, 0x80, 0xeb,
    0xd5, 0x8b, 0x15, 0x87, 0x3f, 0x01, 0x00, 0x89, 0x55, 0xe0, 0x8b, 0x15,
    0x8b, 0x3f, 0x01, 0x00, 0xeb, 0xe2, 0xe8, 0x1d, 0xe8, 0xff, 0xff, 0xf6,
    0xc2, 0x80, 0x74, 0x0d, 0xdd, 0x05, 0xb0, 0x3f, 0x01, 0x00, 0xd9, 0xe0,
    0xdd, 0x5d, 0xe0, 0xeb, 0xad, 0xa1, 0xb0, 0x3f, 0x01, 0x00, 0x89, 0x45,
    0xe0, 0xa1, 0xb4, 0x3f, 0x01, 0x00, 0x89, 0x45, 0xe4, 0xeb, 0x9b, 0x31,
    0xc9, 0xe8, 0xf2, 0xe7, 0xff, 0xff, 0x89, 0x4d, 0xe0, 0x89, 0x4d, 0xe4,
    0xeb, 0x8c, 0x8d, 0x55, 0xe0, 0x8d, 0x45, 0xd4, 0xdb, 0x28, 0xdd, 0x1a,
    0x83, 0xf9, 0x05, 0x0f, 0x84, 0x74, 0xff, 0xff, 0xff, 0x8b, 0x45, 0xe0,
    0x89, 0x45, 0xf0, 0x8b, 0x45, 0xe4, 0x89, 0x45, 0xf4, 0x66, 0xf7, 0x45,
    0xf6, 0xf0, 0x7f, 0x75, 0x05, 0xe8, 0xbe, 0xe7, 0xff, 0xff, 0x8b, 0x45,
    0xf4, 0x25, 0x00, 0x00, 0xf0, 0x7f, 0x3d, 0x00, 0x00, 0xf0, 0x7f, 0xe9,
    0x47, 0xff, 0xff, 0xff, 0x00, 0x00, 0x00, 0x00, 0x00, 0x00, 0x00, 0x00,
    0x00, 0x00, 0x00, 0x00, 0x51, 0x52, 0x89, 0xc2, 0xa1, 0x18, 0x03, 0x02,
    0x00, 0x31, 0xc9, 0x85, 0xc0, 0x74, 0x07, 0x39, 0xc2, 0x73, 0x4e, 0x89,
    0x50, 0x04, 0x89, 0x4a, 0x04, 0x89, 0x42, 0x08, 0x85, 0xc9, 0x74, 0x4c,
    0x89, 0x51, 0x08, 0xc7, 0x42, 0x20, 0x00, 0x00, 0x00, 0x00, 0xc7, 0x42,
    0x10, 0x00, 0x00, 0x00, 0x00, 0x8d, 0x42, 0x20, 0xc7, 0x42, 0x18, 0x00,
    0x00, 0x00, 0x00, 0x89, 0x42, 0x24, 0x89, 0x42, 0x28, 0x89, 0x42, 0x0c,
    0x8b, 0x02, 0xc7, 0x42, 0x1c, 0x00, 0x00, 0x00, 0x00, 0x83, 0xe8, 0x30,
    0x89, 0x42, 0x30, 0xc7, 0x44, 0x02, 0x30, 0xff, 0xff, 0xff, 0xff, 0x8d,
    0x42, 0x30, 0x5a, 0x59, 0xc3, 0x89, 0xc1, 0x8b, 0x40, 0x08, 0x85, 0xc0,
    0x75, 0xa5, 0xeb, 0xaa, 0x89, 0x15, 0x18, 0x03, 0x02, 0x00, 0xeb, 0xaf,
    0x8d, 0x80, 0x00, 0x00, 0x00, 0x00, 0x8d, 0x92, 0x00, 0x00, 0x00, 0x00,
    0x51, 0x52, 0x89, 0xc2, 0x8b, 0x08, 0x8d, 0x41, 0x0b, 0x24, 0xf8, 0x39,
    0xc8, 0x72, 0x25, 0x89, 0xc1, 0x83, 0xc0, 0x40, 0x39, 0xc8, 0x72, 0x1c,
    0x8b, 0x0d, 0x4c, 0x05, 0x02, 0x00, 0x39, 0xc8, 0x73, 0x04, 0x89, 0xc8,
    0x24, 0xfe, 0x89, 0xc1, 0x05, 0xff, 0xff, 0x00, 0x00, 0x66, 0x31, 0xc0,
    0x39, 0xc8, 0x73, 0x05, 0x31, 0xc0, 0x5a, 0x59, 0xc3, 0x89, 0x02, 0x85,
    0xc0, 0x0f, 0x95, 0xc0, 0x25, 0xff, 0x00, 0x00, 0x00, 0x5a, 0x59, 0xc3,
    0x8d, 0x80, 0x00, 0x00, 0x00, 0x00, 0x8b, 0xd2, 0x53, 0x51, 0x52, 0x83,
    0xec, 0x04, 0x89, 0xc2, 0xb8, 0x13, 0x00, 0x00, 0x00, 0x31, 0xdb, 0x80,
    0x3d, 0xe4, 0x03, 0x02, 0x00, 0x00, 0x74, 0x0e, 0x80, 0x3d, 0x24, 0x03,
    0x02, 0x00, 0x00, 0x74, 0x05, 0xb8, 0x13, 0x04, 0x00, 0x00, 0x50, 0x8b,
    0x02, 0x50, 0x8d, 0x44, 0x24, 0x08, 0x50, 0xe8, 0x00, 0x00, 0x00, 0x00,
    0x83, 0xc4, 0x0c, 0x85, 0xc0, 0x75, 0x03, 0x8b, 0x1c, 0x24, 0x89, 0xd8,
    0x83, 0xc4, 0x04, 0x5a, 0x59, 0x5b, 0xc3, 0x8d, 0x80, 0x00, 0x00, 0x00,
    0x00, 0x8d, 0x52, 0x00, 0x51, 0x52, 0x83, 0xec, 0x04, 0x89, 0x04, 0x24,
    0xe8, 0x43, 0x0a, 0x00, 0x00, 0x89, 0xe0, 0xe8, 0x9c, 0xff, 0xff, 0xff,
    0x89, 0xc1, 0x89, 0xc2, 0x85, 0xc0, 0x74, 0x4c, 0x8b, 0x04, 0x24, 0x83,
    0xc1, 0x2c, 0x83, 0xe8, 0x04, 0x89, 0x41, 0xd4, 0x80, 0x3d, 0xe4, 0x03,
    0x02, 0x00, 0x00, 0x74, 0x3d, 0x80, 0x3d, 0x24, 0x03, 0x02, 0x00, 0x00,
    0x74, 0x34, 0xb8, 0x01, 0x00, 0x00, 0x00, 0x83, 0xe0, 0x01, 0x80, 0x21,
    0xfe, 0x09, 0x01, 0x89, 0xd0, 0xe8, 0x92, 0xfe, 0xff, 0xff, 0x80, 0x08,
    0x01, 0xc7, 0x42, 0x14, 0x00, 0x00, 0x00, 0x00, 0x83, 0xc0, 0x04, 0xff,
    0x42, 0x18, 0xe8, 0x1d, 0x03, 0x00, 0x00, 0xb8, 0x01, 0x00, 0x00, 0x00,
    0x83, 0xc4, 0x04, 0x5a, 0x59, 0xc3, 0x31, 0xc0, 0xeb, 0xcd, 0x8d, 0x80,
    0x00, 0x00, 0x00, 0x00, 0x8d, 0x92, 0x00, 0x00, 0x00, 0x00, 0x8b, 0xc0,
    0x83, 0xec, 0x04, 0x89, 0x04, 0x24, 0xa1, 0x50, 0x05, 0x02, 0x00, 0x85,
    0xc0, 0x74, 0x0b, 0x83, 0x3d, 0x8c, 0x02, 0x02, 0x00, 0xfe, 0x75, 0x06,
    0x31, 0xc0, 0x83, 0xc4, 0x04, 0xc3, 0x89, 0xe0, 0xe8, 0xbb, 0xfe, 0xff,
    0xff, 0x85, 0xc0, 0x74, 0xf1, 0x8b, 0x04, 0x24, 0xe8, 0x4f, 0xff, 0xff,
    0xff, 0x83, 0xc4, 0x04, 0xc3, 0x8d, 0x80, 0x00, 0x00, 0x00, 0x00, 0x8d,
    0x52, 0x00, 0x8b, 0xdb, 0x51, 0x52, 0x83, 0xec, 0x04, 0x68, 0x11, 0x04,
    0x00, 0x00, 0x6a, 0x01, 0x8d, 0x44, 0x24, 0x08, 0x50, 0xc6, 0x05, 0xe4,
    0x03, 0x02, 0x00, 0x01, 0xe8, 0x00, 0x00, 0x00, 0x00, 0x83, 0xc4, 0x0c,
    0x83, 0xf8, 0x57, 0x74, 0x0a, 0x85, 0xc0, 0x74, 0x0f, 0x83, 0xc4, 0x04,
    0x5a, 0x59, 0xc3, 0xc6, 0x05, 0xe4, 0x03, 0x02, 0x00, 0x00, 0xeb, 0xf1,
    0x8b, 0x04, 0x24, 0x50, 0xe8, 0x00, 0x00, 0x00, 0x00, 0x83, 0xc4, 0x04,
    0x83, 0xc4, 0x04, 0x5a, 0x59, 0xc3, 0x00, 0x00, 0x00, 0x00, 0x00, 0x00,
    0x53, 0x51, 0x56, 0x57, 0x55, 0x89, 0xd7, 0x31, 0xed, 0x85, 0xc0, 0x74,
    0x5d, 0x8d, 0x58, 0x0b, 0x80, 0xe3, 0xf8, 0x39, 0xc3, 0x72, 0x53, 0x8b,
    0x42, 0x14, 0x83, 0xfb, 0x10, 0x73, 0x05, 0xbb, 0x10, 0x00, 0x00, 0x00,
    0x39, 0xc3, 0x77, 0x42, 0x8b, 0x4f, 0x10, 0x8b, 0x47, 0x0c, 0x39, 0xcb,
    0x76, 0x42, 0x8d, 0x77, 0x20, 0x8b, 0x10, 0x39, 0xd3, 0x77, 0x40, 0x89,
    0x4f, 0x10, 0x29, 0xda, 0xff, 0x47, 0x18, 0x83, 0xfa, 0x10, 0x72, 0x45,
    0x8d, 0x0c, 0x18, 0x89, 0x4f, 0x0c, 0x89, 0x11, 0x8b, 0x50, 0x04, 0x89,
    0x18, 0x89, 0x51, 0x04, 0x8b, 0x58, 0x08, 0x89, 0x59, 0x08, 0x89, 0x4a,
    0x08, 0x89, 0x4b, 0x04, 0x8d, 0x68, 0x04, 0x80, 0x08, 0x01, 0x89, 0xe9,
    0x89, 0xc8, 0x5d, 0x5f, 0x5e, 0x59, 0x5b, 0xc3, 0x8b, 0x47, 0x28, 0x31,
    0xc9, 0xeb, 0xb7, 0x39, 0xd1, 0x73, 0x02, 0x89, 0xd1, 0x8b, 0x40, 0x08,
    0x39, 0xf0, 0x75, 0xad, 0x89, 0x4f, 0x14, 0xeb, 0xdd, 0xff, 0x4f, 0x1c,
    0x8b, 0x50, 0x04, 0x89, 0x57, 0x0c, 0x8b, 0x48, 0x08, 0x89, 0x4a, 0x08,
    0x89, 0x51, 0x04, 0x8d, 0x68, 0x04, 0x80, 0x08, 0x01, 0x89, 0xe9, 0x89,
    0xc8, 0x5d, 0x5f, 0x5e, 0x59, 0x5b, 0xc3, 0x90, 0x53, 0x51, 0x56, 0x57,
    0x89, 0xd6, 0x85, 0xc0, 0x0f, 0x84, 0x68, 0x00, 0x00, 0x00, 0x8d, 0x48,
    0xfc, 0xf6, 0x01, 0x01, 0x74, 0x60, 0x8b, 0x11, 0x80, 0xe2, 0xfe, 0x8d,
    0x04, 0x11, 0xf6, 0x00, 0x01, 0x75, 0x58, 0x03, 0x10, 0x89, 0x11, 0x3b,
    0x46, 0x0c, 0x75, 0x03, 0x89, 0x4e, 0x0c, 0x8b, 0x50, 0x04, 0x8b, 0x40,
    0x08, 0x89, 0x42, 0x08, 0x89, 0x50, 0x04, 0xff, 0x4e, 0x1c, 0x8b, 0x50,
    0x04, 0x8b, 0x3a, 0x01, 0xd7, 0x8b, 0x19, 0x39, 0xcf, 0x0f, 0x85, 0xd1,
    0x00, 0x00, 0x00, 0x03, 0x1a, 0x89, 0x1a, 0x3b, 0x4e, 0x0c, 0x75, 0x03,
    0x89, 0x56, 0x0c, 0x89, 0xd1, 0xff, 0x4e, 0x18, 0x3b, 0x4e, 0x0c, 0x73,
    0x08, 0x3b, 0x5e, 0x10, 0x76, 0x03, 0x89, 0x5e, 0x10, 0x3b, 0x5e, 0x14,
    0x0f, 0x87, 0xbe, 0x00, 0x00, 0x00, 0x5f, 0x5e, 0x59, 0x5b, 0xc3, 0x89,
    0x11, 0x8b, 0x46, 0x0c, 0x39, 0xc1, 0x0f, 0x83, 0x75, 0x00, 0x00, 0x00,
    0x3b, 0x48, 0x04, 0x77, 0xb1, 0x8b, 0x46, 0x28, 0x39, 0xc1, 0x72, 0xaa,
    0x8b, 0x5e, 0x1c, 0x8b, 0x46, 0x18, 0x31, 0xd2, 0x8d, 0x7b, 0x01, 0xf7,
    0xf7, 0x89, 0xc2, 0x39, 0xd8, 0x73, 0x2c, 0x8b, 0x46, 0x18, 0x29, 0xd8,
    0x01, 0xd2, 0x39, 0xd8, 0x77, 0x05, 0xba, 0xff, 0xff, 0xff, 0xff, 0x8b,
    0x01, 0x01, 0xc8, 0x83, 0x38, 0xff, 0x74, 0x13, 0xf6, 0x00, 0x01, 0x0f,
    0x84, 0x75, 0xff, 0xff, 0xff, 0x8b, 0x18, 0x80, 0xe3, 0xfe, 0x01, 0xd8,
    0x4a, 0x75, 0xe8, 0x8b, 0x46, 0x0c, 0x39, 0xc1, 0x72, 0x41, 0x39, 0xc1,
    0x0f, 0x82, 0x5c, 0xff, 0xff, 0xff, 0x8b, 0x40, 0x08, 0x39, 0xc1, 0x0f,
    0x82, 0x51, 0xff, 0xff, 0xff, 0x8b, 0x40, 0x08, 0x39, 0xc1, 0x0f, 0x82,
    0x46, 0xff, 0xff, 0xff, 0x8b, 0x40, 0x08, 0xeb, 0xdd, 0x8b, 0x40, 0x08,
    0x39, 0xc1, 0x0f, 0x82, 0x36, 0xff, 0xff, 0xff, 0x8d, 0x46, 0x20, 0x8b,
    0x50, 0x04, 0x39, 0xd1, 0x0f, 0x87, 0x28, 0xff, 0xff, 0xff, 0xe9, 0x79,
    0xff, 0xff, 0xff, 0x8b, 0x46, 0x28, 0xeb, 0xba, 0xff, 0x46, 0x1c, 0x89,
    0x41, 0x08, 0x89, 0x51, 0x04, 0x89, 0x4a, 0x08, 0x89, 0x48, 0x04, 0xe9,
    0x29, 0xff, 0xff, 0xff, 0x89, 0x5e, 0x14, 0x5f, 0x5e, 0x59, 0x5b, 0xc3,
    0x00, 0x00, 0x00, 0x00, 0x31, 0xc0, 0xc3, 0x00, 0x00, 0x00, 0x00, 0x00,
    0x00, 0x00, 0x00, 0x00, 0x00, 0x00, 0x00, 0x00, 0x80, 0x3d, 0xe8, 0x03,
    0x02, 0x00, 0x00, 0x75, 0x03, 0x31, 0xc0, 0xc3, 0x81, 0xe2, 0xff, 0xff,
    0x00, 0x00, 0x52, 0x50, 0xcc, 0xeb, 0x06, 0x57, 0x56, 0x49, 0x44, 0x45,
    0x4f, 0xb8, 0x01, 0x00, 0x00, 0x00, 0x83, 0xc4, 0x08, 0xc3, 0x00, 0x00,
    0x00, 0x00, 0x00, 0x00, 0x00, 0x00, 0x00, 0x00, 0x53, 0x51, 0x52, 0x56,
    0x89, 0xc3, 0x50, 0xe8, 0x00, 0x00, 0x00, 0x00, 0x31, 0xf6, 0x83, 0xc4,
    0x04, 0x85, 0xc0, 0x75, 0x10, 0x89, 0xd8, 0x31, 0xd2, 0xe8, 0x12, 0x03,
    0x00, 0x00, 0x89, 0xf0, 0x5e, 0x5a, 0x59, 0x5b, 0xc3, 0xe8, 0xa6, 0x02,
    0x00, 0x00, 0x89, 0xc6, 0x89, 0xd8, 0x31, 0xd2, 0xe8, 0xfb, 0x02, 0x00,
    0x00, 0x89, 0xf0, 0x5e, 0x5a, 0x59, 0x5b, 0xc3, 0x00, 0x00, 0x00, 0x00,
    0x53, 0x51, 0x52, 0x89, 0xc3, 0x85, 0xc0, 0x75, 0x04, 0x5a, 0x59, 0x5b,
    0xc3, 0xff, 0x15, 0xe0, 0x02, 0x02, 0x00, 0x8b, 0x0d, 0xac, 0x07, 0x02,
    0x00, 0x85, 0xc9, 0x0f, 0x84, 0x67, 0x00, 0x00, 0x00, 0x39, 0xd9, 0x77,
    0x3b, 0x8b, 0x01, 0x01, 0xc8, 0x39, 0xc3, 0x73, 0x33, 0x89, 0xca, 0x89,
    0xd8, 0xe8, 0x0a, 0xfe, 0xff, 0xff, 0x89, 0x0d, 0xac, 0x07, 0x02, 0x00,
    0x3b, 0x0d, 0x1c, 0x03, 0x02, 0x00, 0x73, 0x12, 0xa1, 0x20, 0x03, 0x02,
    0x00, 0x8b, 0x51, 0x14, 0x39, 0xd0, 0x73, 0x06, 0x89, 0x15, 0x20, 0x03,
    0x02, 0x00, 0xff, 0x15, 0xe8, 0x02, 0x02, 0x00, 0x5a, 0x59, 0x5b, 0xc3,
    0x89, 0xc8, 0x8b, 0x49, 0x04, 0x85, 0xc9, 0x74, 0x0c, 0x39, 0xd9, 0x77,
    0x08, 0x8b, 0x11, 0x01, 0xca, 0x39, 0xd3, 0x72, 0xb8, 0x8b, 0x48, 0x08,
    0x85, 0xc9, 0x74, 0x0c, 0x39, 0xd9, 0x77, 0x08, 0x8b, 0x01, 0x01, 0xc8,
    0x39, 0xc3, 0x72, 0xa5, 0x8b, 0x0d, 0x1c, 0x03, 0x02, 0x00, 0x85, 0xc9,
    0x74, 0x3c, 0x39, 0xd9, 0x77, 0x08, 0x8b, 0x01, 0x01, 0xc8, 0x39, 0xc3,
    0x72, 0x8f, 0x89, 0xca, 0x8b, 0x49, 0x04, 0x85, 0xc9, 0x74, 0x10, 0x39,
    0xd9, 0x77, 0x0c, 0x8b, 0x01, 0x01, 0xc8, 0x39, 0xc3, 0x0f, 0x82, 0x76,
    0xff, 0xff, 0xff, 0x8b, 0x4a, 0x08, 0x85, 0xc9, 0x74, 0x10, 0x39, 0xd9,
    0x77, 0x0c, 0x8b, 0x01, 0x01, 0xc8, 0x39, 0xc3, 0x0f, 0x82, 0x5f, 0xff,
    0xff, 0xff, 0x8b, 0x0d, 0x18, 0x03, 0x02, 0x00, 0x85, 0xc9, 0x74, 0x17,
    0x39, 0xd9, 0x77, 0x0c, 0x8b, 0x01, 0x01, 0xc8, 0x39, 0xc3, 0x0f, 0x82,
    0x45, 0xff, 0xff, 0xff, 0x8b, 0x49, 0x08, 0x85, 0xc9, 0x75, 0xe9, 0xff,
    0x15, 0xe8, 0x02, 0x02, 0x00, 0x5a, 0x59, 0x5b, 0xc3, 0x00, 0x00, 0x00,
    0x00, 0x00, 0x00, 0x00, 0x51, 0x52, 0x83, 0xec, 0x08, 0x8d, 0x54, 0x24,
    0x04, 0x52, 0x8d, 0x54, 0x24, 0x04, 0x52, 0x50, 0xe8, 0x00, 0x00, 0x00,
    0x00, 0x83, 0xc4, 0x0c, 0x8b, 0x04, 0x24, 0x80, 0xe4, 0x7f, 0x83, 0xf8,
    0x01, 0x0f, 0x94, 0xc0, 0x25, 0xff, 0x00, 0x00, 0x00, 0x83, 0xc4, 0x08,
    0x5a, 0x59, 0xc3, 0x00, 0x30, 0x31, 0x32, 0x33, 0x34, 0x35, 0x36, 0x37,
    0x38, 0x39, 0x61, 0x62, 0x63, 0x64, 0x65, 0x66, 0x67, 0x68, 0x69, 0x6a,
    0x6b, 0x6c, 0x6d, 0x6e, 0x6f, 0x70, 0x71, 0x72, 0x73, 0x74, 0x75, 0x76,
    0x77, 0x78, 0x79, 0x7a, 0x00, 0x53, 0x52, 0xbb, 0x01, 0x01, 0x00, 0x00,
    0x31, 0xc0, 0x31, 0xd2, 0xa3, 0x54, 0x05, 0x02, 0x00, 0xa3, 0xec, 0x03,
    0x02, 0x00, 0xb8, 0xa0, 0x06, 0x02, 0x00, 0xe8, 0x9c, 0xda, 0xff, 0xff,
    0x5a, 0x5b, 0xc3, 0x53, 0x51, 0x52, 0x89, 0xc1, 0x66, 0x83, 0x38, 0x00,
    0x74, 0x35, 0xc7, 0x05, 0x54, 0x05, 0x02, 0x00, 0x01, 0x00, 0x00, 0x00,
    0x66, 0x8b, 0x01, 0x66, 0x85, 0xc0, 0x74, 0x23, 0x0f, 0xb7, 0xd8, 0xc1,
    0xfb, 0x08, 0x0f, 0xb6, 0xc0, 0x0f, 0xb6, 0xdb, 0xba, 0x01, 0x00, 0x00,
    0x00, 0x29, 0xc3, 0x05, 0xa0, 0x06, 0x02, 0x00, 0x43, 0x40, 0x41, 0x41,
    0xe8, 0x5b, 0xda, 0xff, 0xff, 0xeb, 0xd5, 0x5a, 0x59, 0x5b, 0xc3, 0x53,
    0x51, 0x52, 0xc8, 0x38, 0x00, 0x00, 0x89, 0xc3, 0xe8, 0x8c, 0xff, 0xff,
    0xff, 0x83, 0xfb, 0xff, 0x75, 0x04, 0x31, 0xdb, 0xeb, 0x51, 0x83, 0xfb,
    0xfe, 0x74, 0xf7, 0x83, 0xfb, 0xfd, 0x0f, 0x84, 0x9d, 0x00, 0x00, 0x00,
    0x83, 0xfb, 0xfc, 0x75, 0x3e, 0xbb, 0x1f, 0x00, 0x00, 0x00, 0xba, 0x01,
    0x00, 0x00, 0x00, 0xb8, 0x22, 0x07, 0x02, 0x00, 0xe8, 0x17, 0xda, 0xff,
    0xff, 0xbb, 0x1d, 0x00, 0x00, 0x00, 0xba, 0x01, 0x00, 0x00, 0x00, 0xb8,
    0x81, 0x07, 0x02, 0x00, 0xe8, 0x03, 0xda, 0xff, 0xff, 0xc7, 0x05, 0x54,
    0x05, 0x02, 0x00, 0x01, 0x00, 0x00, 0x00, 0xc7, 0x05, 0xec, 0x03, 0x02,
    0x00, 0xa4, 0x03, 0x00, 0x00, 0xeb, 0x5a, 0x31, 0xc0, 0x89, 0x45, 0xf4,
    0x8d, 0x45, 0xe8, 0x50, 0x8d, 0x45, 0xf4, 0x50, 0x6a, 0x0c, 0x89, 0x5d,
    0xf8, 0xe8, 0x00, 0x00, 0x00, 0x00, 0x83, 0xc4, 0x0c, 0x85, 0xc0, 0x74,
    0x0a, 0xb8, 0x01, 0x00, 0x00, 0x00, 0xc9, 0x5a, 0x59, 0x5b, 0xc3, 0x8d,
    0x45, 0xe8, 0xe8, 0x24, 0xff, 0xff, 0xff, 0x85, 0xdb, 0x75, 0x20, 0x8d,
    0x45, 0xfc, 0x50, 0x8d, 0x45, 0xc8, 0x50, 0x6a, 0x20, 0xe8, 0x00, 0x00,
    0x00, 0x00, 0x83, 0xc4, 0x0c, 0x85, 0xc0, 0x75, 0x0a, 0x8b, 0x45, 0xc8,
    0xa3, 0xec, 0x03, 0x02, 0x00, 0xeb, 0x06, 0x89, 0x1d, 0xec, 0x03, 0x02,
    0x00, 0x31, 0xc0, 0xc9, 0x5a, 0x59, 0x5b, 0xc3, 0x00, 0x00, 0x00, 0x00,
    0x00, 0x00, 0x00, 0x00, 0x00, 0x00, 0x00, 0x00, 0x52, 0x89, 0xc2, 0xe8,
    0xb8, 0x04, 0x00, 0x00, 0x81, 0xfa, 0x00, 0x01, 0x00, 0x00, 0x76, 0x05,
    0xba, 0x00, 0x01, 0x00, 0x00, 0x8b, 0x82, 0xed, 0x03, 0x02, 0x00, 0xc1,
    0xf8, 0x18, 0xe8, 0x1e, 0xe0, 0xff, 0xff, 0xb8, 0xff, 0xff, 0xff, 0xff,
    0x5a, 0xc3, 0x8d, 0x80, 0x00, 0x00, 0x00, 0x00, 0x52, 0x89, 0xc2, 0xe8,
    0xc8, 0xff, 0xff, 0xff, 0x89, 0xd0, 0x5a, 0xc3, 0x00, 0x00, 0x00, 0x00,
    0x52, 0x3b, 0x05, 0xf4, 0x04, 0x02, 0x00, 0x73, 0x0f, 0x89, 0xc2, 0xa1,
    0x48, 0x05, 0x02, 0x00, 0xc1, 0xe2, 0x02, 0x8b, 0x04, 0x02, 0x5a, 0xc3,
    0x31, 0xc0, 0x5a, 0xc3, 0x8d, 0x44, 0x20, 0x00, 0x51, 0x3b, 0x05, 0xf4,
    0x04, 0x02, 0x00, 0x72, 0x02, 0x59, 0xc3, 0x89, 0xc1, 0xa1, 0x48, 0x05,
    0x02, 0x00, 0xc1, 0xe1, 0x02, 0x89, 0x14, 0x01, 0x59, 0xc3, 0x52, 0x66,
    0x8b, 0x50, 0x08, 0x80, 0xe6, 0x7f, 0x66, 0x81, 0xfa, 0xff, 0x7f, 0x75,
    0x1c, 0x81, 0x78, 0x04, 0x00, 0x00, 0x00, 0x80, 0x75, 0x0c, 0x83, 0x38,
    0x00, 0x75, 0x07, 0xb8, 0x04, 0x00, 0x00, 0x00, 0x5a, 0xc3, 0xb8, 0x03,
    0x00, 0x00, 0x00, 0x5a, 0xc3, 0x66, 0xf7, 0x40, 0x08, 0xff, 0x7f, 0x75,
    0x16, 0x83, 0x78, 0x04, 0x00, 0x75, 0x09, 0x83, 0x38, 0x00, 0x75, 0x04,
    0x31, 0xc0, 0x5a, 0xc3, 0xb8, 0x01, 0x00, 0x00, 0x00, 0x5a, 0xc3, 0xb8,
    0x02, 0x00, 0x00, 0x00, 0x5a, 0xc3, 0x55, 0x89, 0xe5, 0x8d, 0x45, 0x08,
    0xe8, 0xa5, 0xff, 0xff, 0xff, 0x5d, 0xc2, 0x08, 0x00, 0x00, 0x00, 0x00,
    0x8b, 0xcb, 0x80, 0xe1, 0x3f, 0xf6, 0xc1, 0x20, 0x75, 0x06, 0x0f, 0xad,
    0xd0, 0xd3, 0xea, 0xc3, 0x8b, 0xc2, 0x83, 0xe9, 0x20, 0x33, 0xd2, 0xd3,
    0xe8, 0xc3, 0x8b, 0xcb, 0x80, 0xe1, 0x3f, 0xf6, 0xc1, 0x20, 0x75, 0x06,
    0x0f, 0xad, 0xd0, 0xd3, 0xfa, 0xc3, 0x8b, 0xc2, 0x80, 0xe9, 0x20, 0xc1,
    0xfa, 0x1f, 0xd3, 0xf8, 0xc3, 0x8b, 0xcb, 0x80, 0xe1, 0x3f, 0xf6, 0xc1,
    0x20, 0x75, 0x06, 0x0f, 0xa5, 0xc2, 0xd3, 0xe0, 0xc3, 0x8b, 0xd0, 0x80,
    0xe9, 0x20, 0x33, 0xc0, 0xd3, 0xe2, 0xc3, 0x00, 0x00, 0x00, 0x00, 0x00,
    0x00, 0x01, 0x01, 0x01, 0x01, 0x01, 0x01, 0x01, 0x01, 0x01, 0x03, 0x03,
    0x03, 0x03, 0x03, 0x01, 0x01, 0x01, 0x01, 0x01, 0x01, 0x01, 0x01, 0x01,
    0x01, 0x01, 0x01, 0x01, 0x01, 0x01, 0x01, 0x01, 0x01, 0x0a, 0x0c, 0x0c,
    0x0c, 0x0c, 0x0c, 0x0c, 0x0c, 0x0c, 0x0c, 0x0c, 0x0c, 0x0c, 0x0c, 0x0c,
    0x0c, 0x38, 0x38, 0x38, 0x38, 0x38, 0x38, 0x38, 0x38, 0x38, 0x38, 0x0c,
    0x0c, 0x0c, 0x0c, 0x0c, 0x0c, 0x0c, 0x58, 0x58, 0x58, 0x58, 0x58, 0x58,
    0x48, 0x48, 0x48, 0x48, 0x48, 0x48, 0x48, 0x48, 0x48, 0x48, 0x48, 0x48,
    0x48, 0x48, 0x48, 0x48, 0x48, 0x48, 0x48, 0x48, 0x0c, 0x0c, 0x0c, 0x0c,
    0x0c, 0x0c, 0x98, 0x98, 0x98, 0x98, 0x98, 0x98, 0x88, 0x88, 0x88, 0x88,
    0x88, 0x88, 0x88, 0x88, 0x88, 0x88, 0x88, 0x88, 0x88, 0x88, 0x88, 0x88,
    0x88, 0x88, 0x88, 0x88, 0x0c, 0x0c, 0x0c, 0x0c, 0x01, 0x00, 0x00, 0x00,
    0x00, 0x00, 0x00, 0x00, 0x00, 0x00, 0x00, 0x00, 0x00, 0x00, 0x00, 0x00,
    0x00, 0x00, 0x00, 0x00, 0x00, 0x00, 0x00, 0x00, 0x00, 0x00, 0x00, 0x00,
    0x00, 0x00, 0x00, 0x00, 0x00, 0x00, 0x00, 0x00, 0x00, 0x00, 0x00, 0x00,
    0x00, 0x00, 0x00, 0x00, 0x00, 0x00, 0x00, 0x00, 0x00, 0x00, 0x00, 0x00,
    0x00, 0x00, 0x00, 0x00, 0x00, 0x00, 0x00, 0x00, 0x00, 0x00, 0x00, 0x00,
    0x00, 0x00, 0x00, 0x00, 0x00, 0x00, 0x00, 0x00, 0x00, 0x00, 0x00, 0x00,
    0x00, 0x00, 0x00, 0x00, 0x00, 0x00, 0x00, 0x00, 0x00, 0x00, 0x00, 0x00,
    0x00, 0x00, 0x00, 0x00, 0x00, 0x00, 0x00, 0x00, 0x00, 0x00, 0x00, 0x00,
    0x00, 0x00, 0x00, 0x00, 0x00, 0x00, 0x00, 0x00, 0x00, 0x00, 0x00, 0x00,
    0x00, 0x00, 0x00, 0x00, 0x00, 0x00, 0x00, 0x00, 0x00, 0x00, 0x00, 0x00,
    0x00, 0x00, 0x00, 0x00, 0x00, 0x52, 0x0f, 0xbe, 0xd0, 0x8d, 0x42, 0xd0,
    0x83, 0xf8, 0x09, 0x76, 0x0b, 0x8d, 0x42, 0xc9, 0x83, 0xf8, 0x0f, 0x76,
    0x03, 0x8d, 0x42, 0xa9, 0x5a, 0xc3, 0x55, 0x89, 0xe5, 0x51, 0x56, 0x57,
    0x83, 0xec, 0x14, 0x52, 0x53, 0xc7, 0x45, 0xe4, 0x1c, 0x00, 0x00, 0x00,
    0x89, 0xc7, 0x89, 0xc2, 0x2b, 0xc9, 0x49, 0x33, 0xc0, 0xf2, 0xae, 0xf7,
    0xd1, 0x49, 0x8b, 0x33, 0x31, 0xdb, 0x89, 0xcf, 0x89, 0x5d, 0xe8, 0x85,
    0xff, 0x75, 0x2e, 0x31, 0xc9, 0xc7, 0x45, 0xe0, 0x1c, 0x00, 0x00, 0x00,
    0x89, 0x4d, 0xf0, 0x89, 0x4d, 0xec, 0x85, 0xff, 0x75, 0x41, 0xf7, 0xc3,
    0x00, 0x00, 0x00, 0x80, 0x75, 0x65, 0x01, 0xdb, 0xf6, 0x45, 0xf3, 0x80,
    0x75, 0x58, 0x8b, 0x7d, 0xf0, 0x01, 0xff, 0x4e, 0x89, 0x7d, 0xf0, 0xeb,
    0xe5, 0x8a, 0x4d, 0xe4, 0x0f, 0xbe, 0x02, 0x4f, 0xe8, 0x80, 0xff, 0xff,
    0xff, 0x83, 0xc6, 0x04, 0x83, 0x6d, 0xe4, 0x04, 0xd3, 0xe0, 0x8b, 0x4d,
    0xe8, 0x42, 0x41, 0x09, 0xc3, 0x89, 0x4d, 0xe8, 0x83, 0xf9, 0x08, 0x7c,
    0xaa, 0xeb, 0xac, 0x8a, 0x4d, 0xe0, 0x0f, 0xbe, 0x02, 0x4f, 0xe8, 0x5a,
    0xff, 0xff, 0xff, 0xd3, 0xe0, 0x83, 0xc6, 0x04, 0x09, 0x45, 0xf0, 0x8b,
    0x45, 0xec, 0x83, 0x6d, 0xe0, 0x04, 0x40, 0x42, 0x89, 0x45, 0xec, 0x83,
    0xf8, 0x08, 0x7c, 0x96, 0xeb, 0x98, 0x80, 0xcb, 0x01, 0xeb, 0xa3, 0x8b,
    0x55, 0xdc, 0x8b, 0x45, 0xf0, 0x4e, 0x89, 0x02, 0x89, 0xf0, 0x05, 0xff,
    0x3f, 0x00, 0x00, 0x66, 0x89, 0x42, 0x08, 0x8b, 0x45, 0xd8, 0x89, 0x5a,
    0x04, 0x89, 0x30, 0x8d, 0x65, 0xf4, 0x5f, 0x5e, 0x59, 0x5d, 0xc3, 0x00,
    0x55, 0x56, 0x57, 0x51, 0x53, 0x52, 0x8b, 0xe8, 0x2b, 0xd2, 0x2b, 0xc9,
    0x2b, 0xf6, 0x2b, 0xc0, 0x8a, 0x45, 0x00, 0x3c, 0x00, 0x74, 0x30, 0x8b,
    0xfa, 0x8b, 0xd9, 0x8b, 0xc6, 0x03, 0xf6, 0x13, 0xc9, 0x13, 0xd2, 0x03,
    0xf6, 0x13, 0xc9, 0x13, 0xd2, 0x03, 0xf0, 0x13, 0xcb, 0x13, 0xd7, 0x03,
    0xf6, 0x13, 0xc9, 0x13, 0xd2, 0x2b, 0xc0, 0x8a, 0x45, 0x00, 0x24, 0x0f,
    0x03, 0xf0, 0x83, 0xd1, 0x00, 0x83, 0xd2, 0x00, 0x45, 0xeb, 0xc9, 0x8b,
    0xc1, 0xbf, 0x5e, 0x40, 0x00, 0x00, 0xe8, 0x11, 0x00, 0x00, 0x00, 0x5d,
    0x89, 0x45, 0x00, 0x89, 0x55, 0x04, 0x66, 0x89, 0x75, 0x08, 0x5b, 0x59,
    0x5f, 0x5e, 0x5d, 0xc3, 0x8b, 0xe8, 0x0b, 0xea, 0x0b, 0xee, 0x74, 0x36,
    0x0b, 0xd2, 0x75, 0x09, 0x8b, 0xd0, 0x8b, 0xc6, 0x2b, 0xf6, 0x83, 0xef,
    0x20, 0x0b, 0xd2, 0x75, 0x09, 0x8b, 0xd0, 0x8b, 0xc6, 0x2b, 0xf6, 0x83,
    0xef, 0x20, 0x0b, 0xd2, 0x78, 0x09, 0x4f, 0x03, 0xf6, 0x13, 0xc0, 0x13,
    0xd2, 0xeb, 0xf3, 0x03, 0xf6, 0x83, 0xd0, 0x00, 0x83, 0xd2, 0x00, 0x73,
    0x03, 0xd1, 0xda, 0x47, 0x8b, 0xf7, 0xc3, 0x00, 0x00, 0x80, 0x7f, 0x00,
    0x00, 0xc0, 0x7f, 0x00, 0x00, 0x00, 0x00, 0x00, 0x00, 0xf0, 0x7f, 0x00,
    0x00, 0x00, 0x00, 0x00, 0x00, 0xf8, 0x7f, 0x00, 0x00, 0x00, 0x00, 0x00,
    0x00, 0xf0, 0x7f, 0x00, 0x00, 0x00, 0x00, 0x00, 0x00, 0xf8, 0x7f, 0x00,
    0x00, 0x00, 0x00, 0x00, 0x00, 0x00, 0x00, 0x00, 0x00, 0x00, 0x00, 0x00,
    0x00, 0x00, 0xf0, 0x7f, 0x00, 0x00, 0x00, 0x00, 0x00, 0x00, 0x00, 0x00,
    0x52, 0xff, 0x15, 0xe0, 0x02, 0x02, 0x00, 0xe8, 0x34, 0x00, 0x00, 0x00,
    0x89, 0xc2, 0xff, 0x15, 0xe8, 0x02, 0x02, 0x00, 0x89, 0xd0, 0x5a, 0xc3,
    0x8d, 0x80, 0x00, 0x00, 0x00, 0x00, 0x8b, 0xd2, 0x51, 0x52, 0x50, 0xe8,
    0x00, 0x00, 0x00, 0x00, 0x83, 0xc4, 0x04, 0x85, 0xc0, 0x0f, 0x94, 0xc0,
    0x25, 0xff, 0x00, 0x00, 0x00, 0x48, 0x5a, 0x59, 0xc3, 0x8d, 0x80, 0x00,
    0x00, 0x00, 0x00, 0x90, 0x53, 0x51, 0x52, 0x56, 0x8b, 0x0d, 0x18, 0x03,
    0x02, 0x00, 0x85, 0xc9, 0x74, 0x15, 0x8b, 0x11, 0x8b, 0x41, 0x24, 0x83,
    0xea, 0x30, 0x8b, 0x71, 0x08, 0x3b, 0x10, 0x74, 0x0d, 0x89, 0xf1, 0x85,
    0xf6, 0x75, 0xeb, 0x31, 0xc0, 0x5e, 0x5a, 0x59, 0x5b, 0xc3, 0x89, 0xc8,
    0x8b, 0x51, 0x04, 0xe8, 0xac, 0xff, 0xff, 0xff, 0x85, 0xc0, 0x75, 0xe5,
    0x89, 0xf3, 0x89, 0xc8, 0xe8, 0x6f, 0x00, 0x00, 0x00, 0x89, 0xf1, 0x85,
    0xf6, 0x75, 0xc7, 0x31, 0xc0, 0x5e, 0x5a, 0x59, 0x5b, 0xc3, 0x00, 0x00,
    0x51, 0x52, 0x89, 0xc1, 0xff, 0x15, 0xe0, 0x02, 0x02, 0x00, 0x8b, 0x15,
    0x50, 0x05, 0x02, 0x00, 0x89, 0x0d, 0x50, 0x05, 0x02, 0x00, 0xff, 0x15,
    0xe8, 0x02, 0x02, 0x00, 0x89, 0xd0, 0x5a, 0x59, 0xc3, 0x00, 0x00, 0x00,
    0x00, 0x00, 0x00, 0x00, 0x00, 0x00, 0x00, 0x00, 0x00, 0x00, 0x00, 0x00,
    0x52, 0x89, 0xc2, 0xff, 0x15, 0x2c, 0x03, 0x02, 0x00, 0x89, 0x50, 0x08,
    0x5a, 0xc3, 0x8b, 0xc0, 0xff, 0x15, 0x2c, 0x03, 0x02, 0x00, 0x8b, 0x40,
    0x08, 0xc3, 0x8d, 0x80, 0x00, 0x00, 0x00, 0x00, 0xff, 0x15, 0x2c, 0x03,
    0x02, 0x00, 0x83, 0xc0, 0x08, 0xc3, 0x00, 0x00, 0x00, 0x00, 0x00, 0x00,
    0x51, 0x55, 0x3b, 0x05, 0x18, 0x03, 0x02, 0x00, 0x74, 0x43, 0x3b, 0x05,
    0x1c, 0x03, 0x02, 0x00, 0x75, 0x1c, 0x89, 0x15, 0x1c, 0x03, 0x02, 0x00,
    0x85, 0xd2, 0x75, 0x12, 0x8b, 0x0d, 0x18, 0x03, 0x02, 0x00, 0x89, 0x15,
    0x20, 0x03, 0x02, 0x00, 0x89, 0x0d, 0x1c, 0x03, 0x02, 0x00, 0x8b, 0x2d,
    0xac, 0x07, 0x02, 0x00, 0x39, 0xe8, 0x75, 0x07, 0x31, 0xe8, 0xa3, 0xac,
    0x07, 0x02, 0x00, 0x85, 0xd2, 0x74, 0x03, 0x89, 0x5a, 0x08, 0x85, 0xdb,
    0x75, 0x0b, 0x5d, 0x59, 0xc3, 0x89, 0x1d, 0x18, 0x03, 0x02, 0x00, 0xeb,
    0xb5, 0x89, 0x53, 0x04, 0x5d, 0x59, 0xc3, 0x01, 0x01, 0x01, 0x00, 0x46,
    0x75, 0x6c, 0x6c, 0x20, 0x43, 0x20, 0x72, 0x75, 0x6e, 0x74, 0x69, 0x6d,
    0x65, 0x20, 0x6f, 0x6e, 0x20, 0x4f, 0x53, 0x54, 0x77, 0x6f, 0x21, 0x0a,
    0x00, 0x70, 0x72, 0x69, 0x6e, 0x74, 0x66, 0x28, 0x29, 0x20, 0x76, 0x69,
    0x61, 0x20, 0x74, 0x68, 0x65, 0x20, 0x67, 0x65, 0x6e, 0x75, 0x69, 0x6e,
    0x65, 0x20, 0x57, 0x61, 0x74, 0x63, 0x6f, 0x6d, 0x20, 0x63, 0x6c, 0x69,
    0x62, 0x20, 0x66, 0x6f, 0x72, 0x20, 0x4f, 0x53, 0x2f, 0x32, 0x2e, 0x0a,
    0x00, 0x54, 0x68, 0x65, 0x20, 0x61, 0x6e, 0x73, 0x77, 0x65, 0x72, 0x20,
    0x69, 0x73, 0x20, 0x25, 0x64, 0x20, 0x61, 0x6e, 0x64, 0x20, 0x70, 0x69,
    0x20, 0x69, 0x73, 0x20, 0x72, 0x6f, 0x75, 0x67, 0x68, 0x6c, 0x79, 0x20,
    0x25, 0x2e, 0x32, 0x66, 0x0a, 0x00, 0x00, 0x00, 0x00, 0x00, 0x00, 0x00,
    0x00, 0x00, 0x00, 0x00, 0x00, 0x00, 0x00, 0x00, 0x00, 0x00, 0x00, 0x00,
    0x00, 0x00, 0x00, 0x01, 0x00, 0x00, 0x00, 0x00, 0x00, 0x00, 0x00, 0x00,
    0x00, 0x00, 0x00, 0x00, 0x00, 0x00, 0x00, 0x00, 0x00, 0x00, 0x00, 0x00,
    0x00, 0x00, 0x00, 0x00, 0x00, 0x02, 0x00, 0x00, 0x00, 0x01, 0x00, 0x00,
    0x00, 0x00, 0x00, 0x00, 0x00, 0x00, 0x00, 0x00, 0x00, 0x00, 0x00, 0x00,
    0x00, 0x00, 0x00, 0x00, 0x00, 0x00, 0x00, 0x02, 0x00, 0x00, 0x00, 0x02,
    0x00, 0x00, 0x00, 0x00, 0x00, 0x00, 0x00, 0x00, 0x00, 0x00, 0x00, 0x00,
    0x00, 0x00, 0x00, 0x00, 0x00, 0x00, 0x00, 0x00, 0x00, 0x00, 0x00, 0x00,
    0x00, 0x00, 0x00, 0x00, 0x00, 0x00, 0x00, 0x00, 0x00, 0x00, 0x00, 0x00,
    0x00, 0x00, 0x00, 0x00, 0x00, 0x00, 0x00, 0x00, 0x00, 0x00, 0x00, 0x00,
    0x00, 0x00, 0x00, 0x00, 0x00, 0x00, 0x00, 0x00, 0x00, 0x00, 0x00, 0x00,
    0x00, 0x00, 0x00, 0x00, 0x00, 0x00, 0x00, 0x00, 0x00, 0x00, 0x00, 0x00,
    0x00, 0x00, 0x00, 0x00, 0x00, 0x00, 0x00, 0x00, 0x00, 0x00, 0x00, 0x00,
    0x00, 0x00, 0x00, 0x00, 0x00, 0x00, 0x00, 0x00, 0x00, 0x00, 0x00, 0x00,
    0x00, 0x00, 0x00, 0x00, 0x00, 0x00, 0x00, 0x00, 0x00, 0x00, 0x00, 0x00,
    0x00, 0x00, 0x00, 0x00, 0x00, 0x00, 0x00, 0x00, 0x00, 0x00, 0x00, 0x00,
    0x00, 0x00, 0x00, 0x00, 0x00, 0x00, 0x00, 0x00, 0x00, 0x00, 0x00, 0x00,
    0x00, 0x00, 0x00, 0x00, 0x00, 0x00, 0x00, 0x00, 0x00, 0x00, 0x00, 0x00,
    0x00, 0x00, 0x00, 0x00, 0x00, 0x00, 0x00, 0x00, 0x00, 0x00, 0x00, 0x00,
    0x00, 0x00, 0x00, 0x00, 0x00, 0x00, 0x00, 0x00, 0x00, 0x00, 0x00, 0x00,
    0x00, 0x00, 0x00, 0x00, 0x00, 0x00, 0x00, 0x00, 0x00, 0x00, 0x00, 0x00,
    0x00, 0x00, 0x00, 0x00, 0x00, 0x00, 0x00, 0x00, 0x00, 0x00, 0x00, 0x00,
    0x00, 0x00, 0x00, 0x00, 0x00, 0x00, 0x00, 0x00, 0x00, 0x00, 0x00, 0x00,
    0x00, 0x00, 0x00, 0x00, 0x00, 0x00, 0x00, 0x00, 0x00, 0x00, 0x00, 0x00,
    0x00, 0x00, 0x00, 0x00, 0x00, 0x00, 0x00, 0x00, 0x00, 0x00, 0x00, 0x00,
    0x00, 0x00, 0x00, 0x00, 0x00, 0x00, 0x00, 0x00, 0x00, 0x00, 0x00, 0x00,
    0x00, 0x00, 0x00, 0x00, 0x00, 0x00, 0x00, 0x00, 0x00, 0x00, 0x00, 0x00,
    0x00, 0x00, 0x00, 0x00, 0x00, 0x00, 0x00, 0x00, 0x00, 0x00, 0x00, 0x00,
    0x00, 0x00, 0x00, 0x00, 0x00, 0x00, 0x00, 0x00, 0x00, 0x00, 0x00, 0x00,
    0x00, 0x00, 0x00, 0x00, 0x00, 0x00, 0x00, 0x00, 0x00, 0x00, 0x00, 0x00,
    0x00, 0x00, 0x00, 0x00, 0x00, 0x00, 0x00, 0x00, 0x00, 0x00, 0x00, 0x00,
    0x00, 0x00, 0x00, 0x00, 0x00, 0x00, 0x00, 0x00, 0x00, 0x00, 0x00, 0x00,
    0x00, 0x00, 0x00, 0x00, 0x00, 0x00, 0x00, 0x00, 0x00, 0x00, 0x00, 0x00,
    0x00, 0x00, 0x00, 0x00, 0x00, 0x00, 0x00, 0x00, 0x00, 0x00, 0x00, 0x00,
    0x00, 0x00, 0x00, 0x00, 0x00, 0x00, 0x00, 0x00, 0x00, 0x00, 0x00, 0x00,
    0x00, 0x00, 0x00, 0x00, 0x00, 0x00, 0x00, 0x00, 0x00, 0x00, 0x00, 0x00,
    0x00, 0x00, 0x00, 0x00, 0x00, 0x00, 0x00, 0x00, 0x00, 0x00, 0x00, 0x00,
    0x00, 0x00, 0x00, 0x00, 0x00, 0x00, 0x00, 0x00, 0x00, 0x00, 0x00, 0x00,
    0x00, 0x00, 0x00, 0x00, 0x00, 0x00, 0x00, 0x00, 0x00, 0x00, 0x00, 0x00,
    0x00, 0x00, 0x00, 0x00, 0x00, 0x00, 0x00, 0x00, 0x00, 0x00, 0x00, 0x00,
    0x00, 0x00, 0x00, 0x00, 0x00, 0x00, 0x00, 0x00, 0x00, 0x00, 0x00, 0x00,
    0x00, 0x00, 0x00, 0x00, 0x00, 0x00, 0x00, 0x00, 0x00, 0x00, 0x00, 0x00,
    0x00, 0x00, 0x00, 0x00, 0x00, 0x00, 0x00, 0x00, 0x00, 0x00, 0x00, 0x00,
    0x00, 0x00, 0x00, 0x00, 0x00, 0x00, 0x00, 0x00, 0x00, 0x00, 0x00, 0x00,
    0x00, 0x00, 0x00, 0x00, 0x00, 0x00, 0x00, 0x00, 0x00, 0x00, 0x00, 0x00,
    0x00, 0x00, 0x00, 0x00, 0x00, 0x00, 0x00, 0x00, 0x00, 0x00, 0x00, 0x00,
    0x00, 0x00, 0x00, 0x00, 0x00, 0x00, 0x00, 0x00, 0x00, 0x00, 0x00, 0x00,
    0x00, 0x00, 0x00, 0x00, 0x00, 0x00, 0x00, 0x00, 0x00, 0x00, 0x00, 0x00,
    0x00, 0x00, 0x00, 0x00, 0x00, 0x00, 0x00, 0x00, 0x00, 0x00, 0x00, 0x00,
    0x00, 0x00, 0xea, 0x02, 0x01, 0x00, 0x00, 0x15, 0x05, 0x01, 0x00, 0x15,
    0x05, 0x01, 0x00, 0x15, 0x05, 0x01, 0x00, 0x15, 0x05, 0x01, 0x00, 0x15,
    0x05, 0x01, 0x00, 0x15, 0x05, 0x01, 0x00, 0x15, 0x05, 0x01, 0x00, 0x15,
    0x05, 0x01, 0x00, 0x15, 0x05, 0x01, 0x00, 0x15, 0x05, 0x01, 0x00, 0x23,
    0x05, 0x01, 0x00, 0x23, 0x05, 0x01, 0x00, 0x00, 0x00, 0x00, 0x00, 0x00,
    0x00, 0x00, 0x00, 0x00, 0x01, 0x00, 0x00, 0xd0, 0x15, 0x01, 0x00, 0xd0,
    0x15, 0x01, 0x00, 0x7f, 0x12, 0x00, 0x00, 0x00, 0x00, 0x00, 0x00, 0x00,
    0x00, 0x00, 0x00, 0x00, 0x00, 0x00, 0x00, 0x00, 0x00, 0x00, 0x00, 0x00,
    0x00, 0x00, 0x00, 0x50, 0x1c, 0x01, 0x00, 0x90, 0x20, 0x01, 0x00, 0x90,
    0x20, 0x01, 0x00, 0x00, 0x00, 0x00, 0x00, 0x00, 0x00, 0x00, 0x00, 0x00,
    0x00, 0x00, 0xa0, 0x02, 0x40, 0x00, 0x00, 0x00, 0x00, 0x00, 0x00, 0x00,
    0x00, 0x00, 0xc8, 0x05, 0x40, 0x00, 0x00, 0x00, 0x00, 0x00, 0x00, 0x00,
    0x00, 0x40, 0x9c, 0x0c, 0x40, 0x00, 0x00, 0x00, 0x00, 0x00, 0x00, 0x00,
    0x20, 0xbc, 0xbe, 0x19, 0x40, 0x00, 0x00, 0x00, 0x00, 0x00, 0x04, 0xbf,
    0xc9, 0x1b, 0x8e, 0x34, 0x40, 0x00, 0x00, 0x9e, 0xb5, 0x70, 0x2b, 0xa8,
    0xad, 0xc5, 0x9d, 0x69, 0x40, 0x00, 0x00, 0xd5, 0xa6, 0xcf, 0xff, 0x49,
    0x1f, 0x78, 0xc2, 0xd3, 0x40, 0x00, 0x00, 0xe0, 0x8c, 0xe9, 0x80, 0xc9,
    0x47, 0xba, 0x93, 0xa8, 0x41, 0x00, 0x00, 0x8e, 0xde, 0xf9, 0x9d, 0xfb,
    0xeb, 0x7e, 0xaa, 0x51, 0x43, 0x00, 0x00, 0xc7, 0x91, 0x0e, 0xa6, 0xae,
    0xa0, 0x19, 0xe3, 0xa3, 0x46, 0x00, 0x00, 0x17, 0x0c, 0x75, 0x81, 0x86,
    0x75, 0x76, 0xc9, 0x48, 0x4d, 0x00, 0x00, 0xe5, 0x5d, 0x3d, 0xc5, 0x5d,
    0x3b, 0x8b, 0x9e, 0x92, 0x5a, 0x00, 0x00, 0x9b, 0x97, 0x20, 0x8a, 0x02,
    0x52, 0x60, 0xc4, 0x25, 0x75, 0x00, 0x00, 0x00, 0x00, 0x00, 0x00, 0x00,
    0x00, 0x00, 0x80, 0xff, 0x7f, 0x00, 0x00, 0x00, 0x00, 0x00, 0x00, 0x00,
    0x00, 0x00, 0x00, 0x00, 0x00, 0x00, 0x00, 0x00, 0x09, 0x01, 0x01, 0x0b,
    0x06, 0x04, 0x05, 0x05, 0x05, 0x02, 0x03, 0x06, 0x0e, 0x05, 0x24, 0x06,
    0x08, 0x01, 0x1e, 0x1b, 0x12, 0x15, 0x15, 0x03, 0x15, 0x24, 0x15, 0x0c,
    0x15, 0x15, 0x15, 0x06, 0x06, 0x15, 0xff, 0x06, 0xff, 0x15, 0x0c, 0xff,
    0xff, 0xff, 0xff, 0xff, 0xff, 0xff, 0xff, 0xff, 0xff, 0x15, 0x15, 0x15,
    0x15, 0x15, 0x15, 0x15, 0x15, 0x15, 0x15, 0x15, 0x15, 0x0c, 0x15, 0x15,
    0x15, 0x15, 0x15, 0x15, 0x15, 0x15, 0x15, 0x15, 0x15, 0x15, 0x15, 0xff,
    0xff, 0xff, 0xff, 0x07, 0xff, 0x01, 0x15, 0x05, 0x07, 0x06, 0x09, 0x22,
    0x13, 0xff, 0xff, 0xff, 0xff, 0xff, 0xff, 0xff, 0xff, 0xff, 0x15, 0x15,
    0x1c, 0x06, 0x06, 0x15, 0x15, 0x15, 0x15, 0x06, 0x1d, 0x01, 0x23, 0x0c,
    0x0b, 0x04, 0xff, 0xff, 0x15, 0x15, 0x15, 0x26, 0x15, 0x09, 0x01, 0x09,
    0x15, 0x26, 0x26, 0x11, 0x11, 0x15, 0x1f, 0x1f, 0x01, 0x01, 0x01, 0x01,
    0x01, 0x01, 0x01, 0x01, 0x01, 0x13, 0x01, 0x01, 0x01, 0x01, 0x01, 0x13,
    0x01, 0x03, 0x15, 0x15, 0x15, 0x15, 0x05, 0x15, 0x15, 0x15, 0x22, 0x03,
    0x01, 0x15, 0xff, 0x05, 0xff, 0x15, 0x15, 0x15, 0x15, 0x13, 0xff, 0xff,
    0x06, 0x25, 0xff, 0xff, 0xff, 0xff, 0xff, 0x22, 0xff, 0x03, 0x07, 0xff,
    0xff, 0x09, 0x09, 0x03, 0x03, 0x03, 0x03, 0x03, 0x03, 0x03, 0x03, 0x03,
    0x03, 0x03, 0x03, 0x03, 0x03, 0x03, 0x03, 0xff, 0x03, 0x09, 0x03, 0x09,
    0x15, 0x15, 0xff, 0x15, 0xff, 0x03, 0x03, 0x03, 0xff, 0xff, 0xff, 0xff,
    0xff, 0xff, 0xff, 0xff, 0xff, 0xff, 0xff, 0xff, 0xff, 0x1d, 0x13, 0x1d,
    0x1d, 0x15, 0xff, 0xff, 0xff, 0xff, 0xff, 0x15, 0xff, 0xff, 0xff, 0xff,
    0xff, 0xff, 0xff, 0xff, 0xff, 0xff, 0xff, 0xff, 0xff, 0x15, 0x15, 0x15,
    0x00, 0x00, 0x00, 0x14, 0x00, 0x00, 0x00, 0x01, 0x00, 0x00, 0x00, 0x02,
    0x00, 0x00, 0x00, 0x02, 0x00, 0x00, 0x00, 0x00, 0x00, 0x00, 0x00, 0x00,
    0x00, 0x00, 0x00, 0x00, 0x00, 0x00, 0x00, 0x00, 0x00, 0x00, 0x00, 0x00,
    0x00, 0x00, 0x00, 0x00, 0x00, 0x00, 0x00, 0x00, 0x00, 0x00, 0x00, 0x00,
    0x00, 0x00, 0x00, 0x00, 0x00, 0x00, 0x00, 0x00, 0x00, 0x00, 0x00, 0x00,
    0x00, 0x00, 0x00, 0x00, 0x00, 0x00, 0x00, 0x00, 0x00, 0x00, 0x00, 0x00,
    0x00, 0x00, 0x00, 0x00, 0x00, 0x00, 0x00, 0x00, 0x00, 0x00, 0x00, 0x00,
    0x00, 0x00, 0x00, 0xf8, 0x04, 0x02, 0x00, 0x00, 0x80, 0x00, 0x00, 0x01,
    0x00, 0x00, 0x00, 0x00, 0x00, 0x00, 0x00, 0x00, 0x20, 0x50, 0x02, 0x01,
    0x00, 0x00, 0x02, 0x00, 0x01, 0x01, 0x00, 0x00, 0x05, 0xa0, 0x02, 0x01,
    0x00, 0x00, 0x20, 0x20, 0x03, 0x01, 0x00, 0x00, 0x20, 0xd0, 0x1e, 0x01,
    0x00, 0x00, 0x38, 0x70, 0x36, 0x01, 0x00, 0x00, 0x02, 0x01, 0x01, 0x01,
    0x00, 0x00, 0x20, 0x30, 0x04, 0x01, 0x00,
};
static const unsigned int hello4_bin_len = 18655;
