// Generated from userprogs/hello5.exe (C file I/O + argv test)
static const unsigned char hello5_bin[] = {
    0x4d, 0x5a, 0x80, 0x00, 0x01, 0x00, 0x00, 0x00, 0x04, 0x00, 0x00, 0x00,
    0xff, 0xff, 0x00, 0x00, 0xb8, 0x00, 0x00, 0x00, 0x00, 0x00, 0x00, 0x00,
    0x40, 0x00, 0x00, 0x00, 0x00, 0x00, 0x00, 0x00, 0x00, 0x00, 0x00, 0x00,
    0x00, 0x00, 0x00, 0x00, 0x00, 0x00, 0x00, 0x00, 0x00, 0x00, 0x00, 0x00,
    0x00, 0x00, 0x00, 0x00, 0x00, 0x00, 0x00, 0x00, 0x00, 0x00, 0x00, 0x00,
    0x80, 0x00, 0x00, 0x00, 0x0e, 0x1f, 0xba, 0x0e, 0x00, 0xb4, 0x09, 0xcd,
    0x21, 0xb8, 0x01, 0x4c, 0xcd, 0x21, 0x54, 0x68, 0x69, 0x73, 0x20, 0x69,
    0x73, 0x20, 0x61, 0x6e, 0x20, 0x4f, 0x53, 0x2f, 0x32, 0x20, 0x33, 0x32,
    0x2d, 0x62, 0x69, 0x74, 0x20, 0x65, 0x78, 0x65, 0x63, 0x75, 0x74, 0x61,
    0x62, 0x6c, 0x65, 0x0d, 0x0a, 0x24, 0x00, 0x00, 0x00, 0x00, 0x00, 0x00,
    0x00, 0x00, 0x00, 0x00, 0x00, 0x00, 0x00, 0x00, 0x4c, 0x58, 0x00, 0x00,
    0x00, 0x00, 0x00, 0x00, 0x02, 0x00, 0x01, 0x00, 0x00, 0x00, 0x00, 0x00,
    0x00, 0x02, 0x00, 0x00, 0x06, 0x00, 0x00, 0x00, 0x02, 0x00, 0x00, 0x00,
    0x12, 0x06, 0x00, 0x00, 0x03, 0x00, 0x00, 0x00, 0xe0, 0x27, 0x01, 0x00,
    0x00, 0x10, 0x00, 0x00, 0x00, 0x00, 0x00, 0x00, 0xb7, 0x01, 0x00, 0x00,
    0x00, 0x00, 0x00, 0x00, 0x83, 0x00, 0x00, 0x00, 0x00, 0x00, 0x00, 0x00,
    0xc4, 0x00, 0x00, 0x00, 0x03, 0x00, 0x00, 0x00, 0x0c, 0x01, 0x00, 0x00,
    0x00, 0x00, 0x00, 0x00, 0x3c, 0x01, 0x00, 0x00, 0x00, 0x00, 0x00, 0x00,
    0x3c, 0x01, 0x00, 0x00, 0x46, 0x01, 0x00, 0x00, 0x00, 0x00, 0x00, 0x00,
    0x00, 0x00, 0x00, 0x00, 0x47, 0x01, 0x00, 0x00, 0x63, 0x01, 0x00, 0x00,
    0xde, 0x02, 0x00, 0x00, 0x04, 0x00, 0x00, 0x00, 0xfd, 0x02, 0x00, 0x00,
    0x00, 0x00, 0x00, 0x00, 0x80, 0x03, 0x00, 0x00, 0x00, 0x00, 0x00, 0x00,
    0x00, 0x00, 0x00, 0x00, 0x00, 0x00, 0x00, 0x00, 0x00, 0x00, 0x00, 0x00,
    0x03, 0x00, 0x00, 0x00, 0x00, 0x00, 0x00, 0x00, 0x00, 0x00, 0x00, 0x00,
    0x00, 0x00, 0x00, 0x00, 0x00, 0x00, 0x00, 0x00, 0x00, 0x00, 0x00, 0x00,
    0x00, 0x20, 0x01, 0x00, 0x00, 0x00, 0x00, 0x00, 0x00, 0x00, 0x00, 0x00,
    0x00, 0x00, 0x00, 0x00, 0x00, 0x00, 0x00, 0x00, 0x00, 0x00, 0x00, 0x00,
    0x68, 0x00, 0x00, 0x00, 0x00, 0x00, 0x01, 0x00, 0x05, 0x10, 0x00, 0x00,
    0x01, 0x00, 0x00, 0x00, 0x01, 0x00, 0x00, 0x00, 0x00, 0x00, 0x00, 0x00,
    0xdb, 0x3d, 0x00, 0x00, 0x00, 0x00, 0x02, 0x00, 0x05, 0x20, 0x00, 0x00,
    0x02, 0x00, 0x00, 0x00, 0x04, 0x00, 0x00, 0x00, 0x00, 0x00, 0x00, 0x00,
    0xe0, 0x27, 0x01, 0x00, 0x00, 0x00, 0x03, 0x00, 0x03, 0x20, 0x00, 0x00,
    0x06, 0x00, 0x00, 0x00, 0x01, 0x00, 0x00, 0x00, 0x00, 0x00, 0x00, 0x00,
    0x00, 0x00, 0x00, 0x00, 0x68, 0x00, 0x00, 0x00, 0x68, 0x00, 0x00, 0x00,
    0x00, 0x10, 0x00, 0x00, 0x68, 0x10, 0x00, 0x00, 0x00, 0x10, 0x00, 0x00,
    0x68, 0x20, 0x00, 0x00, 0x00, 0x10, 0x00, 0x00, 0x68, 0x30, 0x00, 0x00,
    0xdb, 0x0d, 0x00, 0x00, 0x43, 0x3e, 0x00, 0x00, 0x96, 0x05, 0x00, 0x00,
    0x06, 0x68, 0x65, 0x6c, 0x6c, 0x6f, 0x35, 0x00, 0x00, 0x00, 0x00, 0x00,
    0x00, 0x00, 0x00, 0x2a, 0x00, 0x00, 0x00, 0x53, 0x00, 0x00, 0x00, 0x53,
    0x00, 0x00, 0x00, 0xac, 0x00, 0x00, 0x00, 0x7b, 0x01, 0x00, 0x00, 0x7b,
    0x01, 0x00, 0x00, 0x06, 0x00, 0x0b, 0x00, 0x02, 0x1b, 0x3a, 0x06, 0x00,
    0x1c, 0x00, 0x02, 0x45, 0x3b, 0x06, 0x00, 0x2e, 0x00, 0x02, 0xb9, 0x3a,
    0x06, 0x00, 0x3f, 0x00, 0x02, 0x69, 0x3a, 0x06, 0x00, 0x50, 0x00, 0x02,
    0x98, 0x3b, 0x06, 0x00, 0x62, 0x00, 0x02, 0x05, 0x3b, 0x08, 0x01, 0x40,
    0x09, 0x01, 0x11, 0x01, 0x08, 0x01, 0x59, 0x09, 0x01, 0x01, 0x01, 0x08,
    0x01, 0x41, 0x0d, 0x01, 0x5c, 0x01, 0x08, 0x81, 0xa9, 0x0d, 0x01, 0xea,
    0x08, 0x01, 0xbb, 0x0d, 0x01, 0x00, 0x01, 0x08, 0x01, 0xe8, 0x0d, 0x01,
    0x01, 0x01, 0x08, 0x01, 0x12, 0x04, 0x01, 0x3f, 0x01, 0x08, 0x01, 0x38,
    0x04, 0x01, 0x41, 0x01, 0x08, 0x01, 0x65, 0x04, 0x01, 0x41, 0x01, 0x08,
    0x01, 0x81, 0x04, 0x01, 0x41, 0x01, 0x08, 0x01, 0xbe, 0x04, 0x01, 0x41,
    0x01, 0x08, 0x81, 0x31, 0x05, 0x01, 0xe0, 0x08, 0x01, 0x55, 0x06, 0x01,
    0x7e, 0x01, 0x08, 0x81, 0x35, 0x0c, 0x01, 0xfe, 0x08, 0x01, 0x8e, 0x0c,
    0x01, 0x00, 0x01, 0x08, 0x01, 0xa2, 0x0c, 0x01, 0x1a, 0x01, 0x08, 0x01,
    0x8b, 0x0d, 0x01, 0x19, 0x01, 0x08, 0x01, 0x4c, 0x0e, 0x01, 0x1a, 0x01,
    0x08, 0x01, 0x67, 0x0e, 0x01, 0x1a, 0x01, 0x08, 0x01, 0xec, 0x01, 0x01,
    0x7e, 0x01, 0x08, 0x01, 0x90, 0x03, 0x01, 0x2b, 0x01, 0x08, 0x01, 0x89,
    0x04, 0x01, 0x2b, 0x01, 0x08, 0x01, 0xad, 0x04, 0x01, 0x30, 0x01, 0x13,
    0x81, 0xe0, 0x05, 0x02, 0x04, 0x13, 0x81, 0x78, 0x06, 0x03, 0x13, 0x08,
    0x81, 0x36, 0x08, 0x04, 0x06, 0x08, 0x01, 0x62, 0x08, 0x01, 0x23, 0x01,
    0x08, 0x01, 0xf4, 0x08, 0x01, 0x30, 0x01, 0x13, 0x00, 0x17, 0x0a, 0x01,
    0x00, 0x00, 0x13, 0x00, 0x65, 0x0a, 0x01, 0x34, 0x00, 0x13, 0x00, 0xb5,
    0x0a, 0x01, 0x22, 0x00, 0x13, 0x00, 0x01, 0x0b, 0x01, 0x56, 0x00, 0x13,
    0x00, 0x41, 0x0b, 0x01, 0x11, 0x00, 0x13, 0x00, 0x94, 0x0b, 0x01, 0x45,
    0x00, 0x08, 0x01, 0x08, 0x0a, 0x01, 0xa9, 0x01, 0x08, 0x01, 0x3a, 0x0a,
    0x01, 0xa9, 0x01, 0x08, 0x01, 0x56, 0x0a, 0x01, 0xa9, 0x01, 0x08, 0x01,
    0x9f, 0x0a, 0x01, 0xa9, 0x01, 0x08, 0x01, 0xaa, 0x0a, 0x01, 0xa9, 0x01,
    0x08, 0x01, 0xcf, 0x0a, 0x01, 0xa9, 0x01, 0x08, 0x01, 0xeb, 0x0a, 0x01,
    0xa9, 0x01, 0x08, 0x01, 0xf6, 0x0a, 0x01, 0xa9, 0x01, 0x08, 0x01, 0x32,
    0x0b, 0x01, 0xa9, 0x01, 0x08, 0x01, 0x59, 0x0b, 0x01, 0xaa, 0x01, 0x08,
    0x01, 0x69, 0x0b, 0x01, 0xa9, 0x01, 0x08, 0x01, 0x85, 0x0b, 0x01, 0xa9,
    0x01, 0x08, 0x01, 0xac, 0x0b, 0x01, 0xaa, 0x01, 0x08, 0x01, 0xb5, 0x0b,
    0x01, 0xa9, 0x01, 0x08, 0x01, 0xbe, 0x0b, 0x01, 0xaa, 0x01, 0x08, 0x44,
    0x4f, 0x53, 0x43, 0x41, 0x4c, 0x4c, 0x53, 0x08, 0x4b, 0x42, 0x44, 0x43,
    0x41, 0x4c, 0x4c, 0x53, 0x08, 0x56, 0x49, 0x4f, 0x43, 0x41, 0x4c, 0x4c,
    0x53, 0x03, 0x4e, 0x4c, 0x53, 0x00, 0x00, 0x00, 0x8c, 0xd1, 0x8e, 0xd9,
    0x8e, 0xc1, 0xff, 0x5e, 0x00, 0x66, 0xea, 0x35, 0x00, 0x00, 0x00, 0x00,
    0x00, 0x8c, 0xd1, 0x8e, 0xd9, 0x8e, 0xc1, 0xff, 0x5e, 0x00, 0x66, 0xea,
    0x5f, 0x01, 0x00, 0x00, 0x00, 0x00, 0x8c, 0xd1, 0x8e, 0xd9, 0x8e, 0xc1,
    0x50, 0xff, 0x5e, 0x00, 0x66, 0xea, 0xd3, 0x00, 0x00, 0x00, 0x00, 0x00,
    0x8c, 0xd1, 0x8e, 0xd9, 0x8e, 0xc1, 0xff, 0x5e, 0x00, 0x66, 0xea, 0x83,
    0x00, 0x00, 0x00, 0x00, 0x00, 0x8c, 0xd1, 0x8e, 0xd9, 0x8e, 0xc1, 0xff,
    0x5e, 0x00, 0x66, 0xea, 0xb2, 0x01, 0x00, 0x00, 0x00, 0x00, 0x8c, 0xd1,
    0x8e, 0xd9, 0x8e, 0xc1, 0x50, 0xff, 0x5e, 0x00, 0x66, 0xea, 0x1f, 0x01,
    0x00, 0x00, 0x00, 0x00, 0xcc, 0xeb, 0xfd, 0x90, 0x90, 0x90, 0x90, 0x00,
    0x00, 0x00, 0x00, 0x00, 0x00, 0x00, 0x00, 0x00, 0x53, 0x51, 0x56, 0x81,
    0xec, 0x80, 0x00, 0x00, 0x00, 0x89, 0xc1, 0x89, 0xd3, 0x50, 0x68, 0x04,
    0x00, 0x03, 0x00, 0xe8, 0xe8, 0x00, 0x00, 0x00, 0x83, 0xc4, 0x08, 0x31,
    0xd2, 0x39, 0xca, 0x7d, 0x17, 0x89, 0xd0, 0x8b, 0x34, 0x83, 0x56, 0x52,
    0x68, 0x0f, 0x00, 0x03, 0x00, 0xe8, 0xce, 0x00, 0x00, 0x00, 0x83, 0xc4,
    0x0c, 0x42, 0xeb, 0xe5, 0xba, 0x20, 0x00, 0x03, 0x00, 0xb8, 0x22, 0x00,
    0x03, 0x00, 0xe8, 0x19, 0x03, 0x00, 0x00, 0x89, 0xc2, 0x85, 0xc0, 0x75,
    0x17, 0x68, 0x2b, 0x00, 0x03, 0x00, 0xe8, 0xa9, 0x00, 0x00, 0x00, 0x83,
    0xc4, 0x04, 0xb8, 0x01, 0x00, 0x00, 0x00, 0xe9, 0x87, 0x00, 0x00, 0x00,
    0x68, 0x43, 0x00, 0x03, 0x00, 0x50, 0xe8, 0xe1, 0x03, 0x00, 0x00, 0x83,
    0xc4, 0x08, 0x51, 0x68, 0x6c, 0x00, 0x03, 0x00, 0x52, 0xe8, 0xd2, 0x03,
    0x00, 0x00, 0x83, 0xc4, 0x0c, 0x89, 0xd0, 0xe8, 0xb8, 0x04, 0x00, 0x00,
    0x68, 0x7a, 0x00, 0x03, 0x00, 0xe8, 0x6e, 0x00, 0x00, 0x00, 0x83, 0xc4,
    0x04, 0xba, 0xa1, 0x00, 0x03, 0x00, 0xb8, 0x22, 0x00, 0x03, 0x00, 0xe8,
    0xbc, 0x02, 0x00, 0x00, 0x89, 0xc1, 0x85, 0xc0, 0x75, 0x07, 0x68, 0xa3,
    0x00, 0x03, 0x00, 0xeb, 0xa1, 0x89, 0xcb, 0xba, 0x80, 0x00, 0x00, 0x00,
    0x89, 0xe0, 0xe8, 0xd1, 0x04, 0x00, 0x00, 0x85, 0xc0, 0x74, 0x12, 0x89,
    0xe0, 0x50, 0x68, 0xba, 0x00, 0x03, 0x00, 0xe8, 0x30, 0x00, 0x00, 0x00,
    0x83, 0xc4, 0x08, 0xeb, 0xdc, 0x89, 0xc8, 0xe8, 0x64, 0x04, 0x00, 0x00,
    0x68, 0xc8, 0x00, 0x03, 0x00, 0xe8, 0x1a, 0x00, 0x00, 0x00, 0x83, 0xc4,
    0x04, 0x31, 0xc0, 0x81, 0xc4, 0x80, 0x00, 0x00, 0x00, 0x5e, 0x59, 0x5b,
    0xc3, 0x00, 0x00, 0x00, 0x00, 0x00, 0x00, 0x00, 0x00, 0x00, 0x00, 0x00,
    0x53, 0x52, 0x8d, 0x5c, 0x24, 0x10, 0x8b, 0x54, 0x24, 0x0c, 0xb8, 0x16,
    0x01, 0x03, 0x00, 0xe8, 0xac, 0x05, 0x00, 0x00, 0x5a, 0x5b, 0xc3, 0x00,
    0x00, 0x00, 0x00, 0x00, 0x00, 0x00, 0x00, 0x00, 0x53, 0x51, 0x56, 0x83,
    0xec, 0x08, 0x89, 0xc1, 0x89, 0xd6, 0x31, 0xd2, 0x85, 0xf6, 0x74, 0x0c,
    0xa1, 0x04, 0x03, 0x03, 0x00, 0x83, 0xf8, 0x01, 0x75, 0x5a, 0x89, 0x06,
    0x8a, 0x01, 0x3c, 0x77, 0x75, 0x56, 0x80, 0xca, 0x02, 0xb4, 0x01, 0x30,
    0xdb, 0x41, 0x88, 0x1c, 0x24, 0x88, 0x5c, 0x24, 0x04, 0x80, 0x39, 0x00,
    0x74, 0x22, 0x84, 0xe4, 0x74, 0x1e, 0x8a, 0x01, 0x3c, 0x63, 0x73, 0x58,
    0x3c, 0x62, 0x0f, 0x85, 0x72, 0x00, 0x00, 0x00, 0x84, 0xdb, 0x0f, 0x84,
    0x81, 0x00, 0x00, 0x00, 0x30, 0xe4, 0x41, 0x80, 0x39, 0x00, 0x75, 0xde,
    0x84, 0xdb, 0x75, 0x0f, 0x81, 0x3d, 0x08, 0x03, 0x03, 0x00, 0x00, 0x02,
    0x00, 0x00, 0x75, 0x03, 0x80, 0xca, 0x40, 0x89, 0xd0, 0x83, 0xc4, 0x08,
    0x5e, 0x59, 0x5b, 0xc3, 0x89, 0x16, 0xeb, 0xa4, 0x3c, 0x72, 0x75, 0x05,
    0x80, 0xca, 0x01, 0xeb, 0xa4, 0x3c, 0x61, 0x75, 0x05, 0x80, 0xca, 0x82,
    0xeb, 0x9b, 0xb8, 0x09, 0x00, 0x00, 0x00, 0xe8, 0xd6, 0x05, 0x00, 0x00,
    0x31, 0xc0, 0xeb, 0xd5, 0x77, 0x09, 0x80, 0x7c, 0x24, 0x04, 0x00, 0x74,
    0x3a, 0xeb, 0xad, 0x3c, 0x74, 0x75, 0x06, 0x84, 0xdb, 0x74, 0x22, 0xeb,
    0xa3, 0x3c, 0x6e, 0x75, 0xa1, 0x80, 0x7c, 0x24, 0x04, 0x00, 0x74, 0x30,
    0xeb, 0x96, 0x3c, 0x2b, 0x75, 0x94, 0x80, 0x3c, 0x24, 0x00, 0x75, 0x8c,
    0xc6, 0x04, 0x24, 0x01, 0x80, 0xca, 0x03, 0xeb, 0x85, 0xb3, 0x01, 0xeb,
    0x81, 0xb3, 0x01, 0x80, 0xca, 0x40, 0xe9, 0x77, 0xff, 0xff, 0xff, 0xc6,
    0x44, 0x24, 0x04, 0x01, 0x80, 0x0e, 0x01, 0xe9, 0x6a, 0xff, 0xff, 0xff,
    0xc6, 0x44, 0x24, 0x04, 0x01, 0x80, 0x26, 0xfe, 0xe9, 0x5d, 0xff, 0xff,
    0xff, 0x8d, 0x80, 0x00, 0x00, 0x00, 0x00, 0x8d, 0x52, 0x00, 0x8b, 0xdb,
    0x56, 0x57, 0x89, 0xc6, 0x89, 0xcf, 0x8b, 0x4c, 0x24, 0x10, 0x31, 0xc0,
    0x88, 0xd0, 0xe8, 0x94, 0x05, 0x00, 0x00, 0x3c, 0x72, 0x0f, 0x85, 0x8d,
    0x00, 0x00, 0x00, 0x31, 0xc0, 0xf6, 0xc3, 0x02, 0x74, 0x05, 0xb8, 0x02,
    0x00, 0x00, 0x00, 0xf6, 0xc3, 0x40, 0x74, 0x77, 0x80, 0xcc, 0x02, 0x31,
    0xd2, 0x52, 0x8b, 0x54, 0x24, 0x10, 0x52, 0x50, 0x56, 0xe8, 0x52, 0x07,
    0x00, 0x00, 0x83, 0xc4, 0x10, 0x89, 0x41, 0x10, 0x83, 0xf8, 0xff, 0x0f,
    0x84, 0x93, 0x00, 0x00, 0x00, 0xc7, 0x41, 0x04, 0x00, 0x00, 0x00, 0x00,
    0xc7, 0x41, 0x14, 0x00, 0x00, 0x00, 0x00, 0x8b, 0x41, 0x08, 0x09, 0x59,
    0x0c, 0xc7, 0x40, 0x0c, 0x00, 0x00, 0x00, 0x00, 0x8b, 0x41, 0x08, 0x89,
    0x78, 0x10, 0x8b, 0x41, 0x08, 0xc7, 0x40, 0x18, 0x00, 0x00, 0x00, 0x00,
    0x8b, 0x41, 0x08, 0xc7, 0x40, 0x08, 0x00, 0x00, 0x00, 0x00, 0xf6, 0xc3,
    0x80, 0x74, 0x0e, 0xbb, 0x02, 0x00, 0x00, 0x00, 0x89, 0xc8, 0x31, 0xd2,
    0xe8, 0x6b, 0x07, 0x00, 0x00, 0x89, 0xc8, 0xe8, 0x74, 0x08, 0x00, 0x00,
    0x89, 0xc8, 0x5f, 0x5e, 0xc2, 0x08, 0x00, 0x80, 0xcc, 0x01, 0xeb, 0x87,
    0xf6, 0xc3, 0x01, 0x0f, 0x95, 0xc0, 0x25, 0xff, 0x00, 0x00, 0x00, 0x83,
    0xc0, 0x21, 0xf6, 0xc3, 0x80, 0x74, 0x14, 0x0c, 0x10, 0xf6, 0xc3, 0x40,
    0x74, 0x11, 0x80, 0xcc, 0x02, 0xba, 0x80, 0x01, 0x00, 0x00, 0xe9, 0x62,
    0xff, 0xff, 0xff, 0x0c, 0x40, 0xeb, 0xea, 0x80, 0xcc, 0x01, 0xba, 0x80,
    0x01, 0x00, 0x00, 0xe9, 0x51, 0xff, 0xff, 0xff, 0x89, 0xc8, 0xe8, 0x69,
    0x08, 0x00, 0x00, 0x31, 0xc0, 0x5f, 0x5e, 0xc2, 0x08, 0x00, 0x8b, 0xc0,
    0x51, 0x56, 0x57, 0x83, 0xec, 0x04, 0x89, 0xc6, 0x89, 0xd1, 0x89, 0xdf,
    0x89, 0xe2, 0x89, 0xc8, 0xe8, 0xfb, 0xfd, 0xff, 0xff, 0x89, 0xc3, 0x85,
    0xc0, 0x75, 0x07, 0x83, 0xc4, 0x04, 0x5f, 0x5e, 0x59, 0xc3, 0xe8, 0xa9,
    0x08, 0x00, 0x00, 0x89, 0xc2, 0x85, 0xc0, 0x74, 0x12, 0x50, 0x0f, 0xbe,
    0x11, 0x57, 0x8b, 0x4c, 0x24, 0x08, 0x89, 0xf0, 0xe8, 0xd3, 0xfe, 0xff,
    0xff, 0x89, 0xc2, 0x89, 0xd0, 0x83, 0xc4, 0x04, 0x5f, 0x5e, 0x59, 0xc3,
    0x8d, 0x80, 0x00, 0x00, 0x00, 0x00, 0x8b, 0xd2, 0x53, 0x31, 0xdb, 0xe8,
    0xa8, 0xff, 0xff, 0xff, 0x5b, 0xc3, 0x8d, 0x80, 0x00, 0x00, 0x00, 0x00,
    0x53, 0x51, 0x52, 0x89, 0xc1, 0xff, 0x15, 0x14, 0x03, 0x03, 0x00, 0xa1,
    0xac, 0x05, 0x03, 0x00, 0x85, 0xc0, 0x74, 0x0b, 0x3b, 0x48, 0x04, 0x74,
    0x1a, 0x8b, 0x00, 0x85, 0xc0, 0x75, 0xf5, 0xba, 0xb0, 0x05, 0x03, 0x00,
    0x8b, 0x02, 0x85, 0xc0, 0x74, 0x34, 0x3b, 0x48, 0x04, 0x74, 0x1c, 0x89,
    0xc2, 0xeb, 0xf1, 0xba, 0x01, 0x00, 0x00, 0x00, 0x89, 0xc8, 0xe8, 0xc1,
    0x00, 0x00, 0x00, 0xff, 0x15, 0x18, 0x03, 0x03, 0x00, 0x89, 0xc8, 0x5a,
    0x59, 0x5b, 0xc3, 0x8b, 0x18, 0x89, 0x1a, 0x8b, 0x15, 0xac, 0x05, 0x03,
    0x00, 0xa3, 0xac, 0x05, 0x03, 0x00, 0x89, 0x10, 0xeb, 0xe1, 0xb8, 0x04,
    0x00, 0x00, 0x00, 0xe8, 0xb2, 0x03, 0x00, 0x00, 0xff, 0x15, 0x18, 0x03,
    0x03, 0x00, 0x31, 0xc0, 0x5a, 0x59, 0x5b, 0xc3, 0x8d, 0x80, 0x00, 0x00,
    0x00, 0x00, 0x8d, 0x92, 0x00, 0x00, 0x00, 0x00, 0x51, 0x56, 0x57, 0x83,
    0xec, 0x04, 0x89, 0xc7, 0x89, 0xd1, 0x89, 0xe2, 0x89, 0xc8, 0xe8, 0x1d,
    0xfd, 0xff, 0xff, 0x89, 0xc2, 0x85, 0xc0, 0x75, 0x07, 0x83, 0xc4, 0x04,
    0x5f, 0x5e, 0x59, 0xc3, 0x8b, 0x73, 0x10, 0x89, 0xf0, 0xff, 0x15, 0x0c,
    0x03, 0x03, 0x00, 0x89, 0xd8, 0xe8, 0x4e, 0xff, 0xff, 0xff, 0x89, 0xc3,
    0x85, 0xc0, 0x74, 0x17, 0x50, 0x89, 0xd3, 0x6a, 0x00, 0x0f, 0xbe, 0x01,
    0x8b, 0x4c, 0x24, 0x08, 0x89, 0xc2, 0x89, 0xf8, 0xe8, 0xe3, 0xfd, 0xff,
    0xff, 0x89, 0xc3, 0x89, 0xf0, 0xff, 0x15, 0x10, 0x03, 0x03, 0x00, 0x89,
    0xd8, 0x83, 0xc4, 0x04, 0x5f, 0x5e, 0x59, 0xc3, 0x53, 0x52, 0x8b, 0x44,
    0x24, 0x0c, 0x8d, 0x5c, 0x24, 0x14, 0x8b, 0x54, 0x24, 0x10, 0xe8, 0x5d,
    0x02, 0x00, 0x00, 0x5a, 0x5b, 0xc3, 0x00, 0x00, 0x00, 0x00, 0x00, 0x00,
    0x00, 0x00, 0x00, 0x00, 0x53, 0x51, 0x56, 0x57, 0x89, 0xc1, 0x89, 0xd7,
    0xf6, 0x40, 0x0c, 0x03, 0x0f, 0x84, 0x7b, 0x00, 0x00, 0x00, 0x31, 0xf6,
    0xf6, 0x40, 0x0d, 0x10, 0x0f, 0x85, 0x7b, 0x00, 0x00, 0x00, 0x8b, 0x41,
    0x10, 0xff, 0x15, 0x0c, 0x03, 0x03, 0x00, 0x8b, 0x41, 0x04, 0x85, 0xc0,
    0x74, 0x11, 0x89, 0xc2, 0xbb, 0x01, 0x00, 0x00, 0x00, 0xf7, 0xda, 0x8b,
    0x41, 0x10, 0xe8, 0xf1, 0x08, 0x00, 0x00, 0x85, 0xff, 0x74, 0x0a, 0x8b,
    0x41, 0x10, 0xe8, 0x15, 0x09, 0x00, 0x00, 0x09, 0xc6, 0xf6, 0x41, 0x0c,
    0x08, 0x74, 0x15, 0x8b, 0x41, 0x08, 0x8b, 0x40, 0x08, 0xe8, 0x42, 0x09,
    0x00, 0x00, 0x8b, 0x41, 0x08, 0xc7, 0x40, 0x08, 0x00, 0x00, 0x00, 0x00,
    0xf6, 0x41, 0x0d, 0x08, 0x74, 0x08, 0x89, 0xc8, 0xff, 0x15, 0x98, 0x05,
    0x03, 0x00, 0x8b, 0x41, 0x10, 0x81, 0x61, 0x0c, 0x00, 0x40, 0x00, 0x00,
    0xff, 0x15, 0x10, 0x03, 0x03, 0x00, 0x89, 0xf0, 0x5f, 0x5e, 0x59, 0x5b,
    0xc3, 0xbe, 0xff, 0xff, 0xff, 0xff, 0x89, 0xf0, 0x5f, 0x5e, 0x59, 0x5b,
    0xc3, 0xe8, 0x02, 0x0a, 0x00, 0x00, 0x85, 0xc0, 0x0f, 0x84, 0x78, 0xff,
    0xff, 0xff, 0xbe, 0xff, 0xff, 0xff, 0xff, 0xe9, 0x6e, 0xff, 0xff, 0xff,
    0x51, 0x89, 0xc1, 0xe8, 0x48, 0xff, 0xff, 0xff, 0x89, 0xc2, 0x89, 0xc8,
    0xe8, 0x3f, 0x06, 0x00, 0x00, 0x89, 0xd0, 0x59, 0xc3, 0x8d, 0x80, 0x00,
    0x00, 0x00, 0x00, 0x8d, 0x52, 0x00, 0x8b, 0xdb, 0x51, 0x52, 0x89, 0xc1,
    0xff, 0x15, 0x14, 0x03, 0x03, 0x00, 0xa1, 0xac, 0x05, 0x03, 0x00, 0x85,
    0xc0, 0x74, 0x0b, 0x3b, 0x48, 0x04, 0x74, 0x14, 0x8b, 0x00, 0x85, 0xc0,
    0x75, 0xf5, 0xff, 0x15, 0x18, 0x03, 0x03, 0x00, 0xb8, 0xff, 0xff, 0xff,
    0xff, 0x5a, 0x59, 0xc3, 0xff, 0x15, 0x18, 0x03, 0x03, 0x00, 0xba, 0x01,
    0x00, 0x00, 0x00, 0x89, 0xc8, 0xe8, 0xa2, 0xff, 0xff, 0xff, 0x5a, 0x59,
    0xc3, 0x00, 0x00, 0x00, 0x00, 0x00, 0x00, 0x00, 0x00, 0x00, 0x00, 0x00,
    0x00, 0x00, 0x00, 0x00, 0x51, 0x56, 0x57, 0x55, 0x83, 0xec, 0x04, 0x89,
    0xc7, 0x89, 0xd1, 0x89, 0xde, 0x8b, 0x43, 0x10, 0xff, 0x15, 0x0c, 0x03,
    0x03, 0x00, 0x8b, 0x6b, 0x0c, 0x89, 0xfa, 0x83, 0xe5, 0x30, 0x80, 0x63,
    0x0c, 0xcf, 0x49, 0x85, 0xc9, 0x7f, 0x28, 0x83, 0x3c, 0x24, 0xff, 0x75,
    0x3f, 0x39, 0xfa, 0x74, 0x06, 0xf6, 0x46, 0x0c, 0x20, 0x74, 0x35, 0x31,
    0xff, 0x8b, 0x46, 0x10, 0x09, 0x6e, 0x0c, 0xff, 0x15, 0x10, 0x03, 0x03,
    0x00, 0x89, 0xf8, 0x83, 0xc4, 0x04, 0x5d, 0x5f, 0x5e, 0x59, 0xc3, 0x89,
    0xf0, 0xe8, 0x2a, 0x0b, 0x00, 0x00, 0x89, 0x04, 0x24, 0x83, 0xf8, 0xff,
    0x74, 0xc9, 0x42, 0x8a, 0x1c, 0x24, 0x88, 0x5a, 0xff, 0x83, 0xf8, 0x0a,
    0x74, 0xbd, 0xeb, 0xb6, 0xc6, 0x02, 0x00, 0xeb, 0xc8, 0x00, 0xe9, 0xc9,
    0x0b, 0x00, 0x00, 0x03, 0x00, 0x02, 0x00, 0x4f, 0x70, 0x65, 0x6e, 0x20,
    0x57, 0x61, 0x74, 0x63, 0x6f, 0x6d, 0x20, 0x43, 0x2f, 0x43, 0x2b, 0x2b,
    0x33, 0x32, 0x20, 0x52, 0x75, 0x6e, 0x2d, 0x54, 0x69, 0x6d, 0x65, 0x20,
    0x73, 0x79, 0x73, 0x74, 0x65, 0x6d, 0x2e, 0x20, 0x43, 0x6f, 0x70, 0x79,
    0x72, 0x69, 0x67, 0x68, 0x74, 0x20, 0x28, 0x63, 0x29, 0x20, 0x4f, 0x70,
    0x65, 0x6e, 0x20, 0x57, 0x61, 0x74, 0x63, 0x6f, 0x6d, 0x20, 0x43, 0x6f,
    0x6e, 0x74, 0x72, 0x69, 0x62, 0x75, 0x74, 0x6f, 0x72, 0x73, 0x20, 0x32,
    0x30, 0x30, 0x32, 0x2d, 0x32, 0x30, 0x32, 0x36, 0x2e, 0x20, 0x50, 0x6f,
    0x72, 0x74, 0x69, 0x6f, 0x6e, 0x73, 0x20, 0x43, 0x6f, 0x70, 0x79, 0x72,
    0x69, 0x67, 0x68, 0x74, 0x20, 0x28, 0x43, 0x29, 0x20, 0x53, 0x79, 0x62,
    0x61, 0x73, 0x65, 0x2c, 0x20, 0x49, 0x6e, 0x63, 0x2e, 0x20, 0x31, 0x39,
    0x38, 0x38, 0x2d, 0x32, 0x30, 0x30, 0x32, 0x2e, 0x00, 0x00, 0x00, 0x00,
    0x00, 0x00, 0x00, 0x00, 0x00, 0x00, 0x00, 0x00, 0x00, 0x00, 0x00, 0x00,
    0x51, 0x89, 0xc1, 0x88, 0xd0, 0x8b, 0x11, 0x25, 0xff, 0x00, 0x00, 0x00,
    0xe8, 0xdf, 0x0e, 0x00, 0x00, 0xff, 0x41, 0x10, 0x59, 0xc3, 0x8d, 0x80,
    0x00, 0x00, 0x00, 0x00, 0x8d, 0x54, 0x22, 0x00, 0x51, 0x56, 0x57, 0x55,
    0x89, 0xc6, 0x8b, 0x40, 0x10, 0xff, 0x15, 0x0c, 0x03, 0x03, 0x00, 0x8b,
    0x46, 0x08, 0x8b, 0x48, 0x0c, 0x83, 0xf9, 0x01, 0x74, 0x0f, 0x85, 0xc9,
    0x0f, 0x85, 0x81, 0x00, 0x00, 0x00, 0xc7, 0x40, 0x0c, 0x01, 0x00, 0x00,
    0x00, 0x8b, 0x6e, 0x0c, 0x8b, 0x46, 0x08, 0x80, 0x66, 0x0c, 0xcf, 0x83,
    0xe5, 0x30, 0x83, 0x78, 0x08, 0x00, 0x75, 0x07, 0x89, 0xf0, 0xe8, 0x6d,
    0x0f, 0x00, 0x00, 0x8a, 0x66, 0x0d, 0x31, 0xff, 0xf6, 0xc4, 0x04, 0x74,
    0x12, 0x88, 0xe1, 0x80, 0xe1, 0xfa, 0x88, 0xcd, 0x80, 0xcd, 0x01, 0xbf,
    0x01, 0x00, 0x00, 0x00, 0x88, 0x6e, 0x0d, 0xb9, 0xb0, 0x06, 0x02, 0x00,
    0x89, 0xf0, 0xe8, 0x65, 0x1a, 0x00, 0x00, 0x89, 0xc2, 0x85, 0xff, 0x74,
    0x14, 0x8a, 0x46, 0x0d, 0x24, 0xfa, 0x88, 0xc4, 0x80, 0xcc, 0x04, 0x88,
    0x66, 0x0d, 0x89, 0xf0, 0xe8, 0xcb, 0x07, 0x00, 0x00, 0xf6, 0x46, 0x0c,
    0x20, 0x74, 0x05, 0xba, 0xff, 0xff, 0xff, 0xff, 0x8b, 0x46, 0x10, 0x09,
    0x6e, 0x0c, 0xff, 0x15, 0x10, 0x03, 0x03, 0x00, 0x89, 0xd0, 0x5d, 0x5f,
    0x5e, 0x59, 0xc3, 0x8b, 0x46, 0x10, 0xff, 0x15, 0x10, 0x03, 0x03, 0x00,
    0x31, 0xc0, 0x5d, 0x5f, 0x5e, 0x59, 0xc3, 0x00, 0x00, 0x00, 0x00, 0x00,
    0x00, 0x00, 0x00, 0x00, 0x00, 0x00, 0x00, 0x00, 0xff, 0x15, 0x48, 0x03,
    0x03, 0x00, 0x8b, 0x40, 0x04, 0xc3, 0x52, 0x89, 0xc2, 0xff, 0x15, 0x48,
    0x03, 0x03, 0x00, 0x89, 0x50, 0x04, 0x5a, 0xc3, 0xff, 0x15, 0x48, 0x03,
    0x03, 0x00, 0xc7, 0x40, 0x04, 0x09, 0x00, 0x00, 0x00, 0xb8, 0xff, 0xff,
    0xff, 0xff, 0xc3, 0xff, 0x15, 0x48, 0x03, 0x03, 0x00, 0xc7, 0x40, 0x04,
    0x0d, 0x00, 0x00, 0x00, 0xc3, 0xff, 0x15, 0x48, 0x03, 0x03, 0x00, 0xc7,
    0x40, 0x04, 0x0e, 0x00, 0x00, 0x00, 0xc3, 0x83, 0xf8, 0x41, 0x7c, 0x08,
    0x83, 0xf8, 0x5a, 0x7f, 0x03, 0x83, 0xc0, 0x20, 0xc3, 0x00, 0x00, 0x00,
    0x00, 0x00, 0x00, 0x00, 0x00, 0x00, 0x00, 0x00, 0x56, 0x57, 0x83, 0xec,
    0x0c, 0x89, 0x54, 0x24, 0x08, 0x89, 0xde, 0x89, 0xca, 0xb9, 0x80, 0x01,
    0x00, 0x00, 0x80, 0x38, 0x20, 0x75, 0x06, 0x40, 0x80, 0x38, 0x20, 0x74,
    0xfa, 0x8a, 0x5c, 0x24, 0x08, 0xf6, 0xc3, 0x20, 0x0f, 0x84, 0xfc, 0x00,
    0x00, 0x00, 0x66, 0x8b, 0x0a, 0xf6, 0x44, 0x24, 0x09, 0x04, 0x0f, 0x84,
    0xd5, 0x00, 0x00, 0x00, 0xba, 0x10, 0x00, 0x00, 0x00, 0x8b, 0x5c, 0x24,
    0x08, 0x83, 0xe3, 0x07, 0x85, 0xf6, 0x75, 0x05, 0xbe, 0x40, 0x00, 0x00,
    0x00, 0x66, 0x8b, 0x3d, 0x4c, 0x03, 0x03, 0x00, 0xf7, 0xd7, 0x09, 0xde,
    0x21, 0xf9, 0xf6, 0xc1, 0x80, 0x0f, 0x94, 0xc1, 0x8b, 0x3d, 0x50, 0x03,
    0x03, 0x00, 0x81, 0xe1, 0xff, 0x00, 0x00, 0x00, 0x85, 0xff, 0x0f, 0x84,
    0xcb, 0x00, 0x00, 0x00, 0x6a, 0x00, 0x56, 0x52, 0x51, 0x6a, 0x00, 0x6a,
    0x00, 0x8d, 0x54, 0x24, 0x18, 0x52, 0x8d, 0x54, 0x24, 0x20, 0x52, 0x50,
    0xff, 0x15, 0x50, 0x03, 0x03, 0x00, 0x83, 0xc4, 0x24, 0x85, 0xc0, 0x0f,
    0x85, 0xc3, 0x00, 0x00, 0x00, 0x8b, 0x44, 0x24, 0x04, 0x3b, 0x05, 0x60,
    0x03, 0x03, 0x00, 0x0f, 0x83, 0xbe, 0x00, 0x00, 0x00, 0x31, 0xd2, 0x83,
    0xfb, 0x02, 0x75, 0x05, 0xba, 0x03, 0x00, 0x00, 0x00, 0x85, 0xdb, 0x75,
    0x05, 0xba, 0x01, 0x00, 0x00, 0x00, 0x83, 0xfb, 0x01, 0x75, 0x05, 0xba,
    0x02, 0x00, 0x00, 0x00, 0xf6, 0x44, 0x24, 0x08, 0x10, 0x74, 0x03, 0x80,
    0xca, 0x80, 0x89, 0xd0, 0x8a, 0x7c, 0x24, 0x09, 0x0c, 0x40, 0xf6, 0xc7,
    0x03, 0x0f, 0x84, 0xa2, 0x00, 0x00, 0x00, 0xf6, 0xc7, 0x02, 0x74, 0x02,
    0x89, 0xc2, 0x8b, 0x44, 0x24, 0x04, 0xe8, 0x3d, 0x1c, 0x00, 0x00, 0x85,
    0xc0, 0x74, 0x03, 0x80, 0xce, 0x20, 0x8b, 0x44, 0x24, 0x04, 0xe8, 0x8d,
    0x1d, 0x00, 0x00, 0x8b, 0x44, 0x24, 0x04, 0x83, 0xc4, 0x0c, 0x5f, 0x5e,
    0xc3, 0xf6, 0xc3, 0x40, 0x74, 0x0a, 0xba, 0x12, 0x00, 0x00, 0x00, 0xe9,
    0x21, 0xff, 0xff, 0xff, 0xba, 0x11, 0x00, 0x00, 0x00, 0xe9, 0x17, 0xff,
    0xff, 0xff, 0xf6, 0xc3, 0x40, 0x74, 0x0a, 0xba, 0x02, 0x00, 0x00, 0x00,
    0xe9, 0x08, 0xff, 0xff, 0xff, 0xba, 0x01, 0x00, 0x00, 0x00, 0xe9, 0xfe,
    0xfe, 0xff, 0xff, 0x57, 0x56, 0x52, 0x51, 0x57, 0x8d, 0x54, 0x24, 0x14,
    0x52, 0x8d, 0x54, 0x24, 0x1c, 0x52, 0x50, 0xe8, 0x00, 0x00, 0x00, 0x00,
    0x83, 0xc4, 0x20, 0xe9, 0x35, 0xff, 0xff, 0xff, 0xe8, 0x8f, 0x1d, 0x00,
    0x00, 0x83, 0xc4, 0x0c, 0x5f, 0x5e, 0xc3, 0x50, 0xe8, 0x00, 0x00, 0x00,
    0x00, 0x83, 0xc4, 0x04, 0xb8, 0x05, 0x00, 0x00, 0x00, 0xe8, 0x30, 0xfe,
    0xff, 0xff, 0xb8, 0xff, 0xff, 0xff, 0xff, 0x83, 0xc4, 0x0c, 0x5f, 0x5e,
    0xc3, 0x81, 0x3d, 0x08, 0x03, 0x03, 0x00, 0x00, 0x02, 0x00, 0x00, 0x0f,
    0x85, 0x55, 0xff, 0xff, 0xff, 0xe9, 0x4e, 0xff, 0xff, 0xff, 0x8d, 0x80,
    0x00, 0x00, 0x00, 0x00, 0x52, 0x8d, 0x44, 0x24, 0x10, 0x66, 0x8b, 0x00,
    0x25, 0xff, 0xff, 0x00, 0x00, 0x50, 0x6a, 0x00, 0x8b, 0x44, 0x24, 0x14,
    0x50, 0x8b, 0x54, 0x24, 0x14, 0x52, 0xe8, 0x11, 0x00, 0x00, 0x00, 0x83,
    0xc4, 0x10, 0x5a, 0xc3, 0x8d, 0x80, 0x00, 0x00, 0x00, 0x00, 0x8d, 0x92,
    0x00, 0x00, 0x00, 0x00, 0x53, 0x51, 0x52, 0x8b, 0x44, 0x24, 0x10, 0x8d,
    0x4c, 0x24, 0x1c, 0x8b, 0x5c, 0x24, 0x18, 0x8b, 0x54, 0x24, 0x14, 0xe8,
    0x18, 0xfe, 0xff, 0xff, 0x5a, 0x59, 0x5b, 0xc3, 0x00, 0x00, 0x00, 0x00,
    0x51, 0x3b, 0x42, 0x04, 0x7f, 0x0c, 0x8b, 0x4a, 0x08, 0x8b, 0x49, 0x08,
    0x2b, 0x0a, 0x39, 0xc8, 0x7d, 0x07, 0xb8, 0x01, 0x00, 0x00, 0x00, 0x59,
    0xc3, 0x80, 0x62, 0x0c, 0xef, 0x01, 0x02, 0x29, 0x42, 0x04, 0x31, 0xc0,
    0x59, 0xc3, 0x8d, 0x80, 0x00, 0x00, 0x00, 0x00, 0x8d, 0x54, 0x22, 0x00,
    0x52, 0x8b, 0x50, 0x08, 0x80, 0x60, 0x0c, 0xef, 0x8b, 0x52, 0x08, 0xc7,
    0x40, 0x04, 0x00, 0x00, 0x00, 0x00, 0x89, 0x10, 0x5a, 0xc3, 0x8d, 0x80,
    0x00, 0x00, 0x00, 0x00, 0x8d, 0x54, 0x22, 0x00, 0x51, 0x56, 0x57, 0x89,
    0xc1, 0x89, 0xd6, 0x8b, 0x40, 0x10, 0xff, 0x15, 0x0c, 0x03, 0x03, 0x00,
    0xf6, 0x41, 0x0c, 0x06, 0x74, 0x65, 0xf6, 0x41, 0x0d, 0x10, 0x75, 0x40,
    0x83, 0xfb, 0x01, 0x75, 0x03, 0x2b, 0x71, 0x04, 0x8b, 0x41, 0x08, 0x8b,
    0x40, 0x08, 0xc7, 0x41, 0x04, 0x00, 0x00, 0x00, 0x00, 0x89, 0x01, 0x89,
    0xf2, 0x8b, 0x41, 0x10, 0x80, 0x61, 0x0c, 0xeb, 0xe8, 0xaf, 0x1c, 0x00,
    0x00, 0x83, 0xf8, 0xff, 0x0f, 0x85, 0x75, 0x00, 0x00, 0x00, 0x8b, 0x41,
    0x10, 0xff, 0x15, 0x10, 0x03, 0x03, 0x00, 0xb8, 0xff, 0xff, 0xff, 0xff,
    0x5f, 0x5e, 0x59, 0xc3, 0x89, 0xc8, 0xe8, 0x8d, 0x04, 0x00, 0x00, 0x85,
    0xc0, 0x74, 0xcc, 0x85, 0xdb, 0x75, 0xdf, 0x85, 0xd2, 0x7d, 0xdb, 0xb8,
    0x09, 0x00, 0x00, 0x00, 0xe8, 0xf1, 0xfc, 0xff, 0xff, 0xeb, 0xcf, 0x83,
    0xfb, 0x02, 0x0f, 0x84, 0x7d, 0x00, 0x00, 0x00, 0x83, 0xfb, 0x01, 0x74,
    0x45, 0x85, 0xdb, 0x75, 0xe2, 0x8b, 0x41, 0x10, 0xe8, 0x8b, 0x1c, 0x00,
    0x00, 0x89, 0xd7, 0x2b, 0x41, 0x04, 0x29, 0xc7, 0x89, 0xca, 0x89, 0xf8,
    0xe8, 0x0b, 0xff, 0xff, 0xff, 0x85, 0xc0, 0x74, 0x16, 0x89, 0xf2, 0x8b,
    0x41, 0x10, 0xe8, 0x3d, 0x1c, 0x00, 0x00, 0x83, 0xf8, 0xff, 0x74, 0x92,
    0x89, 0xc8, 0xe8, 0x21, 0xff, 0xff, 0xff, 0x8b, 0x41, 0x10, 0xff, 0x15,
    0x10, 0x03, 0x03, 0x00, 0x31, 0xc0, 0x5f, 0x5e, 0x59, 0xc3, 0x89, 0xca,
    0x89, 0xf0, 0x8b, 0x79, 0x04, 0xe8, 0xd6, 0xfe, 0xff, 0xff, 0x85, 0xc0,
    0x74, 0xe1, 0x89, 0xf2, 0x8b, 0x41, 0x10, 0x29, 0xfa, 0xe8, 0x06, 0x1c,
    0x00, 0x00, 0x83, 0xf8, 0xff, 0x75, 0xc9, 0x8b, 0x41, 0x10, 0xff, 0x15,
    0x10, 0x03, 0x03, 0x00, 0xb8, 0xff, 0xff, 0xff, 0xff, 0x5f, 0x5e, 0x59,
    0xc3, 0x89, 0xc8, 0xe8, 0xd8, 0xfe, 0xff, 0xff, 0x8b, 0x41, 0x10, 0xe9,
    0x2c, 0xff, 0xff, 0xff, 0x53, 0x52, 0x89, 0xc2, 0xf6, 0x40, 0x0d, 0x20,
    0x74, 0x03, 0x5a, 0x5b, 0xc3, 0x8b, 0x40, 0x10, 0xe8, 0xcb, 0x19, 0x00,
    0x00, 0x85, 0xc0, 0x74, 0xf1, 0x8a, 0x62, 0x0d, 0x80, 0xcc, 0x20, 0x88,
    0x62, 0x0d, 0xf6, 0xc4, 0x07, 0x75, 0xe3, 0x88, 0xe7, 0x80, 0xcf, 0x02,
    0x88, 0x7a, 0x0d, 0x5a, 0x5b, 0xc3, 0x00, 0x00, 0x00, 0x00, 0x00, 0x00,
    0x00, 0x00, 0x00, 0x00, 0x00, 0x00, 0x00, 0x00, 0x51, 0x52, 0x89, 0xc1,
    0xff, 0x15, 0x14, 0x03, 0x03, 0x00, 0xba, 0xac, 0x05, 0x03, 0x00, 0x8b,
    0x02, 0x85, 0xc0, 0x74, 0x1a, 0x3b, 0x48, 0x04, 0x74, 0x04, 0x89, 0xc2,
    0xeb, 0xf1, 0x8b, 0x08, 0x89, 0x0a, 0x8b, 0x15, 0xb0, 0x05, 0x03, 0x00,
    0xa3, 0xb0, 0x05, 0x03, 0x00, 0x89, 0x10, 0xff, 0x15, 0x18, 0x03, 0x03,
    0x00, 0x5a, 0x59, 0xc3, 0x8d, 0x80, 0x00, 0x00, 0x00, 0x00, 0x8b, 0xd2,
    0x52, 0xff, 0x15, 0x14, 0x03, 0x03, 0x00, 0xa1, 0xb0, 0x05, 0x03, 0x00,
    0x85, 0xc0, 0x75, 0x08, 0xff, 0x15, 0x18, 0x03, 0x03, 0x00, 0x5a, 0xc3,
    0x8b, 0x10, 0x89, 0x15, 0xb0, 0x05, 0x03, 0x00, 0xe8, 0x3b, 0x02, 0x00,
    0x00, 0xeb, 0xe0, 0x00, 0x00, 0x00, 0x00, 0x00, 0x00, 0x00, 0x00, 0x00,
    0x53, 0x51, 0x52, 0x56, 0x57, 0xff, 0x15, 0x14, 0x03, 0x03, 0x00, 0x8b,
    0x35, 0xb0, 0x05, 0x03, 0x00, 0x85, 0xf6, 0x75, 0x57, 0xb9, 0xfc, 0x00,
    0x03, 0x00, 0x81, 0xf9, 0x04, 0x03, 0x03, 0x00, 0x73, 0x64, 0xf6, 0x41,
    0x0c, 0x03, 0x75, 0x53, 0xb8, 0x20, 0x00, 0x00, 0x00, 0xe8, 0xee, 0x1b,
    0x00, 0x00, 0x89, 0xc6, 0x85, 0xc0, 0x74, 0x68, 0x31, 0xff, 0xbb, 0x1a,
    0x00, 0x00, 0x00, 0x89, 0xc8, 0x31, 0xd2, 0xe8, 0x18, 0x1d, 0x00, 0x00,
    0x89, 0x79, 0x0c, 0x89, 0x4e, 0x04, 0xa1, 0xac, 0x05, 0x03, 0x00, 0x89,
    0x71, 0x08, 0x89, 0x35, 0xac, 0x05, 0x03, 0x00, 0x89, 0x06, 0xff, 0x15,
    0x18, 0x03, 0x03, 0x00, 0x89, 0xc8, 0x5f, 0x5e, 0x5a, 0x59, 0x5b, 0xc3,
    0x8b, 0x06, 0x8b, 0x4e, 0x04, 0xa3, 0xb0, 0x05, 0x03, 0x00, 0x8b, 0x79,
    0x0c, 0xeb, 0xbf, 0x83, 0xc1, 0x1a, 0x81, 0xf9, 0x04, 0x03, 0x03, 0x00,
    0x72, 0x9c, 0xb8, 0x3a, 0x00, 0x00, 0x00, 0xe8, 0x90, 0x1b, 0x00, 0x00,
    0x89, 0xc6, 0x85, 0xc0, 0x74, 0x0a, 0xbf, 0x00, 0x40, 0x00, 0x00, 0x8d,
    0x48, 0x20, 0xeb, 0x9a, 0xb8, 0x05, 0x00, 0x00, 0x00, 0xe8, 0x00, 0xfb,
    0xff, 0xff, 0xff, 0x15, 0x18, 0x03, 0x03, 0x00, 0x31, 0xc0, 0x5f, 0x5e,
    0x5a, 0x59, 0x5b, 0xc3, 0xc3, 0x64, 0xa1, 0x04, 0x00, 0x00, 0x00, 0xc3,
    0x64, 0xa1, 0x0c, 0x00, 0x00, 0x00, 0xc3, 0x56, 0x57, 0x55, 0x89, 0xe5,
    0x50, 0x89, 0xde, 0x8b, 0x45, 0x10, 0x8d, 0x78, 0x01, 0x80, 0x38, 0x00,
    0x74, 0x04, 0x89, 0xf8, 0xeb, 0xf4, 0x8b, 0x45, 0x10, 0x89, 0x0d, 0x09,
    0x05, 0x03, 0x00, 0x89, 0x3d, 0xd4, 0x04, 0x03, 0x00, 0x48, 0x48, 0x80,
    0x38, 0x00, 0x74, 0x03, 0x48, 0xeb, 0xf8, 0x40, 0xa3, 0xd8, 0x04, 0x03,
    0x00, 0x31, 0xc0, 0x89, 0x35, 0xc8, 0x06, 0x03, 0x00, 0xe8, 0x2c, 0x00,
    0x00, 0x00, 0xb8, 0x20, 0x00, 0x00, 0x00, 0x8b, 0x55, 0xfc, 0xe8, 0x89,
    0x1c, 0x00, 0x00, 0xff, 0x15, 0x48, 0x03, 0x03, 0x00, 0x89, 0x50, 0x54,
    0xff, 0x15, 0x34, 0x03, 0x03, 0x00, 0xb8, 0xff, 0x00, 0x00, 0x00, 0xe8,
    0x70, 0x1c, 0x00, 0x00, 0xc9, 0x5f, 0x5e, 0xc2, 0x04, 0x00, 0x51, 0xc8,
    0x08, 0x00, 0x00, 0x6a, 0x08, 0xa3, 0xb4, 0x05, 0x03, 0x00, 0x8d, 0x45,
    0xf8, 0x50, 0x6a, 0x0c, 0x6a, 0x0b, 0x89, 0x15, 0x44, 0x03, 0x03, 0x00,
    0xe8, 0x00, 0x00, 0x00, 0x00, 0x8a, 0x45, 0xf8, 0xa2, 0x0d, 0x05, 0x03,
    0x00, 0x8a, 0x45, 0xfc, 0x83, 0xc4, 0x10, 0xa2, 0x0e, 0x05, 0x03, 0x00,
    0x66, 0x8c, 0xc8, 0x66, 0xa3, 0xb8, 0x05, 0x03, 0x00, 0xc9, 0x59, 0xc3,
    0x31, 0xc0, 0xa3, 0x44, 0x03, 0x03, 0x00, 0xc3, 0x89, 0xc1, 0x31, 0xc0,
    0xa3, 0x44, 0x03, 0x03, 0x00, 0xa1, 0xb4, 0x05, 0x03, 0x00, 0x85, 0xc0,
    0x74, 0x18, 0x83, 0x3d, 0x40, 0x03, 0x03, 0x00, 0x00, 0x74, 0x1e, 0xba,
    0x0f, 0x00, 0x00, 0x00, 0x31, 0xc0, 0xff, 0x15, 0x40, 0x03, 0x03, 0x00,
    0xeb, 0x0f, 0xba, 0x0f, 0x00, 0x00, 0x00, 0xe8, 0x40, 0x1c, 0x00, 0x00,
    0xe8, 0x2b, 0x16, 0x00, 0x00, 0x51, 0x6a, 0x01, 0xe8, 0x00, 0x00, 0x00,
    0x00, 0x00, 0x00, 0x00, 0x51, 0x83, 0xec, 0x04, 0x89, 0xe1, 0x51, 0x53,
    0x52, 0x50, 0xe8, 0x00, 0x00, 0x00, 0x00, 0x83, 0xc4, 0x10, 0x85, 0xc0,
    0x75, 0x08, 0x8b, 0x04, 0x24, 0x83, 0xc4, 0x04, 0x59, 0xc3, 0xe8, 0x0d,
    0x19, 0x00, 0x00, 0x83, 0xc4, 0x04, 0x59, 0xc3, 0x00, 0x00, 0x00, 0x00,
    0x00, 0x00, 0x00, 0x00, 0x53, 0x51, 0x52, 0x56, 0x89, 0xc3, 0x50, 0xe8,
    0x00, 0x00, 0x00, 0x00, 0x31, 0xf6, 0x83, 0xc4, 0x04, 0x85, 0xc0, 0x75,
    0x10, 0x89, 0xd8, 0x31, 0xd2, 0xe8, 0x02, 0x17, 0x00, 0x00, 0x89, 0xf0,
    0x5e, 0x5a, 0x59, 0x5b, 0xc3, 0xe8, 0xd6, 0x18, 0x00, 0x00, 0x89, 0xc6,
    0x89, 0xd8, 0x31, 0xd2, 0xe8, 0xeb, 0x16, 0x00, 0x00, 0x89, 0xf0, 0x5e,
    0x5a, 0x59, 0x5b, 0xc3, 0x00, 0x00, 0x00, 0x00, 0x53, 0x51, 0x52, 0x89,
    0xc3, 0x85, 0xc0, 0x75, 0x04, 0x5a, 0x59, 0x5b, 0xc3, 0xff, 0x15, 0x1c,
    0x03, 0x03, 0x00, 0x8b, 0x0d, 0xbc, 0x05, 0x03, 0x00, 0x85, 0xc9, 0x0f,
    0x84, 0x67, 0x00, 0x00, 0x00, 0x39, 0xd9, 0x77, 0x3b, 0x8b, 0x01, 0x01,
    0xc8, 0x39, 0xc3, 0x73, 0x33, 0x89, 0xca, 0x89, 0xd8, 0xe8, 0x9a, 0x1c,
    0x00, 0x00, 0x89, 0x0d, 0xbc, 0x05, 0x03, 0x00, 0x3b, 0x0d, 0xc0, 0x04,
    0x03, 0x00, 0x73, 0x12, 0xa1, 0xc4, 0x04, 0x03, 0x00, 0x8b, 0x51, 0x14,
    0x39, 0xd0, 0x73, 0x06, 0x89, 0x15, 0xc4, 0x04, 0x03, 0x00, 0xff, 0x15,
    0x24, 0x03, 0x03, 0x00, 0x5a, 0x59, 0x5b, 0xc3, 0x89, 0xc8, 0x8b, 0x49,
    0x04, 0x85, 0xc9, 0x74, 0x0c, 0x39, 0xd9, 0x77, 0x08, 0x8b, 0x11, 0x01,
    0xca, 0x39, 0xd3, 0x72, 0xb8, 0x8b, 0x48, 0x08, 0x85, 0xc9, 0x74, 0x0c,
    0x39, 0xd9, 0x77, 0x08, 0x8b, 0x01, 0x01, 0xc8, 0x39, 0xc3, 0x72, 0xa5,
    0x8b, 0x0d, 0xc0, 0x04, 0x03, 0x00, 0x85, 0xc9, 0x74, 0x3c, 0x39, 0xd9,
    0x77, 0x08, 0x8b, 0x01, 0x01, 0xc8, 0x39, 0xc3, 0x72, 0x8f, 0x89, 0xca,
    0x8b, 0x49, 0x04, 0x85, 0xc9, 0x74, 0x10, 0x39, 0xd9, 0x77, 0x0c, 0x8b,
    0x01, 0x01, 0xc8, 0x39, 0xc3, 0x0f, 0x82, 0x76, 0xff, 0xff, 0xff, 0x8b,
    0x4a, 0x08, 0x85, 0xc9, 0x74, 0x10, 0x39, 0xd9, 0x77, 0x0c, 0x8b, 0x01,
    0x01, 0xc8, 0x39, 0xc3, 0x0f, 0x82, 0x5f, 0xff, 0xff, 0xff, 0x8b, 0x0d,
    0xbc, 0x04, 0x03, 0x00, 0x85, 0xc9, 0x74, 0x17, 0x39, 0xd9, 0x77, 0x0c,
    0x8b, 0x01, 0x01, 0xc8, 0x39, 0xc3, 0x0f, 0x82, 0x45, 0xff, 0xff, 0xff,
    0x8b, 0x49, 0x08, 0x85, 0xc9, 0x75, 0xe9, 0xff, 0x15, 0x24, 0x03, 0x03,
    0x00, 0x5a, 0x59, 0x5b, 0xc3, 0x00, 0x00, 0x00, 0x00, 0x00, 0x00, 0x00,
    0x53, 0x51, 0x52, 0x56, 0x57, 0x55, 0x89, 0xc1, 0x8b, 0x40, 0x10, 0xff,
    0x15, 0x0c, 0x03, 0x03, 0x00, 0x8a, 0x41, 0x0d, 0x31, 0xed, 0xa8, 0x10,
    0x0f, 0x85, 0x73, 0x00, 0x00, 0x00, 0x8b, 0x41, 0x08, 0x83, 0x78, 0x08,
    0x00, 0x74, 0x2d, 0x80, 0x61, 0x0c, 0xef, 0xf6, 0x41, 0x0d, 0x20, 0x75,
    0x23, 0x8b, 0x41, 0x04, 0x85, 0xc0, 0x74, 0x11, 0x89, 0xc2, 0xbb, 0x01,
    0x00, 0x00, 0x00, 0xf7, 0xda, 0x8b, 0x41, 0x10, 0xe8, 0x47, 0xfe, 0xff,
    0xff, 0x83, 0xf8, 0xff, 0x75, 0x06, 0x89, 0xc5, 0x80, 0x49, 0x0c, 0x20,
    0x8b, 0x41, 0x08, 0x8b, 0x40, 0x08, 0xc7, 0x41, 0x04, 0x00, 0x00, 0x00,
    0x00, 0x89, 0x01, 0x85, 0xed, 0x75, 0x18, 0x8b, 0x41, 0x08, 0xf6, 0x40,
    0x10, 0x01, 0x74, 0x0f, 0x8b, 0x41, 0x10, 0xe8, 0x98, 0x1c, 0x00, 0x00,
    0x83, 0xf8, 0xff, 0x75, 0x02, 0x89, 0xc5, 0x8b, 0x41, 0x10, 0xff, 0x15,
    0x10, 0x03, 0x03, 0x00, 0x89, 0xe8, 0x5d, 0x5f, 0x5e, 0x5a, 0x59, 0x5b,
    0xc3, 0x88, 0xc3, 0x80, 0xe3, 0xef, 0x88, 0x59, 0x0d, 0xf6, 0x41, 0x0c,
    0x02, 0x74, 0xb5, 0x8b, 0x79, 0x08, 0x8b, 0x5f, 0x08, 0x85, 0xdb, 0x74,
    0xab, 0x8b, 0x71, 0x04, 0x89, 0xdf, 0x85, 0xf6, 0x74, 0xa2, 0x85, 0xed,
    0x75, 0x9e, 0x89, 0xf3, 0x89, 0xfa, 0x8b, 0x41, 0x10, 0xe8, 0x7e, 0x1c,
    0x00, 0x00, 0x89, 0xc2, 0x83, 0xf8, 0xff, 0x75, 0x11, 0x89, 0xc5, 0x80,
    0x49, 0x0c, 0x20, 0x01, 0xd7, 0x29, 0xd6, 0x75, 0xdd, 0xe9, 0x7a, 0xff,
    0xff, 0xff, 0x85, 0xc0, 0x75, 0xf1, 0xb8, 0x0c, 0x00, 0x00, 0x00, 0xbd,
    0xff, 0xff, 0xff, 0xff, 0xe8, 0x8d, 0xf7, 0xff, 0xff, 0x80, 0x49, 0x0c,
    0x20, 0x01, 0xd7, 0x29, 0xd6, 0x75, 0xbb, 0xe9, 0x58, 0xff, 0xff, 0xff,
    0x00, 0x00, 0x00, 0x00, 0x53, 0x51, 0x52, 0x56, 0x89, 0xc1, 0x8b, 0x40,
    0x08, 0x83, 0x78, 0x08, 0x00, 0x74, 0x55, 0x8a, 0x41, 0x0d, 0xa8, 0x20,
    0x74, 0x0e, 0xa8, 0x06, 0x74, 0x0a, 0xb8, 0x00, 0x20, 0x00, 0x00, 0xe8,
    0xbc, 0x1c, 0x00, 0x00, 0x8b, 0x41, 0x08, 0x80, 0x61, 0x0c, 0xfb, 0x8b,
    0x40, 0x08, 0x89, 0x01, 0x8b, 0x41, 0x0c, 0x25, 0x00, 0x24, 0x00, 0x00,
    0x3d, 0x00, 0x24, 0x00, 0x00, 0x75, 0x3b, 0x8b, 0x59, 0x10, 0x85, 0xdb,
    0x75, 0x34, 0x89, 0x59, 0x04, 0xe8, 0xe2, 0x1c, 0x00, 0x00, 0x89, 0xc2,
    0x83, 0xf8, 0xff, 0x75, 0x18, 0x8b, 0x71, 0x04, 0x85, 0xf6, 0x7e, 0x4a,
    0x8b, 0x41, 0x04, 0x5e, 0x5a, 0x59, 0x5b, 0xc3, 0x89, 0xc8, 0xe8, 0xf5,
    0x05, 0x00, 0x00, 0xeb, 0xa2, 0x8b, 0x01, 0x88, 0x10, 0xc7, 0x41, 0x04,
    0x01, 0x00, 0x00, 0x00, 0xeb, 0xe2, 0xf6, 0x41, 0x0d, 0x04, 0x74, 0x21,
    0xbb, 0x01, 0x00, 0x00, 0x00, 0x8b, 0x11, 0x8b, 0x41, 0x10, 0xe8, 0xd1,
    0x1c, 0x00, 0x00, 0x89, 0x41, 0x04, 0x8b, 0x71, 0x04, 0x85, 0xf6, 0x7e,
    0x0d, 0x8b, 0x41, 0x04, 0x5e, 0x5a, 0x59, 0x5b, 0xc3, 0x8b, 0x59, 0x14,
    0xeb, 0xdf, 0x75, 0x0c, 0x80, 0x49, 0x0c, 0x10, 0x8b, 0x41, 0x04, 0x5e,
    0x5a, 0x59, 0x5b, 0xc3, 0xc7, 0x41, 0x04, 0x00, 0x00, 0x00, 0x00, 0x80,
    0x49, 0x0c, 0x20, 0x8b, 0x41, 0x04, 0x5e, 0x5a, 0x59, 0x5b, 0xc3, 0x8d,
    0x80, 0x00, 0x00, 0x00, 0x00, 0x8d, 0x52, 0x00, 0x51, 0x52, 0x89, 0xc2,
    0xe8, 0x27, 0xff, 0xff, 0xff, 0x85, 0xc0, 0x75, 0x08, 0xb8, 0xff, 0xff,
    0xff, 0xff, 0x5a, 0x59, 0xc3, 0x8b, 0x0a, 0xff, 0x4a, 0x04, 0x41, 0x89,
    0x0a, 0x8a, 0x41, 0xff, 0x25, 0xff, 0x00, 0x00, 0x00, 0x5a, 0x59, 0xc3,
    0x8d, 0x80, 0x00, 0x00, 0x00, 0x00, 0x8b, 0xd2, 0x51, 0x52, 0x56, 0x55,
    0x89, 0xc2, 0x8b, 0x40, 0x10, 0xff, 0x15, 0x0c, 0x03, 0x03, 0x00, 0x8b,
    0x42, 0x08, 0x8b, 0x48, 0x0c, 0x83, 0xf9, 0x01, 0x74, 0x0b, 0x85, 0xc9,
    0x75, 0x5e, 0xc7, 0x40, 0x0c, 0x01, 0x00, 0x00, 0x00, 0xf6, 0x42, 0x0c,
    0x01, 0x75, 0x64, 0xb8, 0x04, 0x00, 0x00, 0x00, 0xb9, 0xff, 0xff, 0xff,
    0xff, 0xe8, 0x40, 0xf6, 0xff, 0xff, 0x80, 0x4a, 0x0c, 0x20, 0xf6, 0x42,
    0x0c, 0x40, 0x75, 0x28, 0x83, 0xf9, 0x0d, 0x75, 0x15, 0x8b, 0x6a, 0x04,
    0x4d, 0x89, 0x6a, 0x04, 0x85, 0xed, 0x7c, 0x5d, 0x8b, 0x02, 0x40, 0x31,
    0xc9, 0x8a, 0x48, 0xff, 0x89, 0x02, 0x83, 0xf9, 0x1a, 0x75, 0x09, 0xb9,
    0xff, 0xff, 0xff, 0xff, 0x80, 0x4a, 0x0c, 0x10, 0x8b, 0x42, 0x10, 0xff,
    0x15, 0x10, 0x03, 0x03, 0x00, 0x89, 0xc8, 0x5d, 0x5e, 0x5a, 0x59, 0xc3,
    0x8b, 0x42, 0x10, 0xff, 0x15, 0x10, 0x03, 0x03, 0x00, 0xb8, 0xff, 0xff,
    0xff, 0xff, 0x5d, 0x5e, 0x5a, 0x59, 0xc3, 0x8b, 0x72, 0x04, 0x4e, 0x89,
    0x72, 0x04, 0x85, 0xf6, 0x7c, 0x0c, 0x8b, 0x02, 0x40, 0x31, 0xc9, 0x8a,
    0x48, 0xff, 0x89, 0x02, 0xeb, 0x98, 0x89, 0xd0, 0xe8, 0x23, 0xff, 0xff,
    0xff, 0x89, 0xc1, 0xeb, 0x8d, 0x89, 0xd0, 0xe8, 0x18, 0xff, 0xff, 0xff,
    0x89, 0xc1, 0xeb, 0xa2, 0x00, 0x00, 0x00, 0x00, 0x55, 0x89, 0xe5, 0x83,
    0xec, 0x08, 0xb8, 0x01, 0x00, 0x00, 0x00, 0xe8, 0xa0, 0x17, 0x00, 0x00,
    0xa1, 0x14, 0x05, 0x03, 0x00, 0x83, 0xc0, 0x03, 0x24, 0xfc, 0x31, 0xd2,
    0x2b, 0xe0, 0x89, 0xe6, 0x8b, 0x1d, 0x14, 0x05, 0x03, 0x00, 0x89, 0xf0,
    0xe8, 0x43, 0x17, 0x00, 0x00, 0xa1, 0x14, 0x05, 0x03, 0x00, 0x89, 0x86,
    0xfc, 0x00, 0x00, 0x00, 0x89, 0xf0, 0x8b, 0x4d, 0x0c, 0xe8, 0x8e, 0x1b,
    0x00, 0x00, 0x8b, 0x45, 0x10, 0x8b, 0x5d, 0x04, 0x50, 0x89, 0xf2, 0x8d,
    0x45, 0xf8, 0xe8, 0x84, 0xfa, 0xff, 0xff, 0xe9, 0x98, 0x1b, 0x00, 0x00,
    0x00, 0x00, 0x00, 0x00, 0x00, 0x00, 0x00, 0x00, 0x56, 0x57, 0x55, 0x83,
    0xec, 0x08, 0x89, 0xc6, 0x89, 0x4c, 0x24, 0x04, 0x31, 0xff, 0x8a, 0x02,
    0x3c, 0x20, 0x75, 0x03, 0x42, 0xeb, 0xf7, 0x3c, 0x09, 0x74, 0xf9, 0x84,
    0xc0, 0x0f, 0x84, 0xb4, 0x00, 0x00, 0x00, 0x30, 0xc0, 0x80, 0x3a, 0x22,
    0x74, 0x17, 0x89, 0x14, 0x24, 0x89, 0xd1, 0x80, 0x3a, 0x22, 0x75, 0x3b,
    0x85, 0xf6, 0x75, 0x12, 0x42, 0x84, 0xc0, 0x75, 0x09, 0xb0, 0x02, 0xeb,
    0xee, 0xb0, 0x01, 0x42, 0xeb, 0xe4, 0x30, 0xc0, 0xeb, 0xe5, 0x3c, 0x01,
    0x75, 0x21, 0x85, 0xdb, 0x0f, 0x84, 0x90, 0x00, 0x00, 0x00, 0x89, 0xf8,
    0x8b, 0x2c, 0x24, 0x89, 0x2c, 0x83, 0x8a, 0x02, 0x47, 0x84, 0xc0, 0x0f,
    0x84, 0x6c, 0x00, 0x00, 0x00, 0x42, 0xc6, 0x01, 0x00, 0xeb, 0x9f, 0x8a,
    0x22, 0x80, 0xfc, 0x20, 0x75, 0x26, 0x84, 0xc0, 0x74, 0xd4, 0x8a, 0x22,
    0x84, 0xe4, 0x74, 0xce, 0x80, 0xfc, 0x5c, 0x75, 0x10, 0x85, 0xf6, 0x75,
    0x1a, 0x80, 0x7a, 0x01, 0x22, 0x75, 0x06, 0x42, 0x3a, 0x62, 0xfe, 0x74,
    0x9a, 0x85, 0xdb, 0x75, 0x30, 0x42, 0xeb, 0x93, 0x80, 0xfc, 0x09, 0x74,
    0xd5, 0xeb, 0xd7, 0x8a, 0x62, 0x01, 0x80, 0xfc, 0x22, 0x75, 0x0b, 0x42,
    0x85, 0xdb, 0x75, 0x19, 0x42, 0xe9, 0x79, 0xff, 0xff, 0xff, 0x80, 0xfc,
    0x5c, 0x75, 0xda, 0x3c, 0x01, 0x74, 0xec, 0x85, 0xdb, 0x75, 0x06, 0x42,
    0xe9, 0x66, 0xff, 0xff, 0xff, 0x41, 0x8a, 0x22, 0x88, 0x61, 0xff, 0x42,
    0xe9, 0x5a, 0xff, 0xff, 0xff, 0x88, 0x01, 0x8b, 0x44, 0x24, 0x04, 0x89,
    0x10, 0x89, 0xf8, 0x83, 0xc4, 0x08, 0x5d, 0x5f, 0x5e, 0xc3, 0x47, 0x80,
    0x3a, 0x00, 0x74, 0xeb, 0x42, 0xe9, 0x1c, 0xff, 0xff, 0xff, 0x8d, 0x80,
    0x00, 0x00, 0x00, 0x00, 0x8d, 0x92, 0x00, 0x00, 0x00, 0x00, 0x8b, 0xc0,
    0x56, 0x57, 0x55, 0x83, 0xec, 0x14, 0x89, 0xc5, 0x89, 0x54, 0x24, 0x08,
    0x89, 0xdf, 0x89, 0x4c, 0x24, 0x04, 0x89, 0xe1, 0x89, 0xfa, 0x31, 0xdb,
    0xe8, 0xe3, 0xfe, 0xff, 0xff, 0x8b, 0x0c, 0x24, 0x29, 0xf9, 0x40, 0x8d,
    0x59, 0x01, 0xc1, 0xe0, 0x02, 0x83, 0xc1, 0x04, 0x83, 0xc0, 0x04, 0x80,
    0xe1, 0xfc, 0x01, 0xc8, 0x83, 0xc0, 0x03, 0x24, 0xfc, 0xe8, 0x92, 0x14,
    0x00, 0x00, 0x89, 0xc6, 0x89, 0x44, 0x24, 0x0c, 0x31, 0xc0, 0x89, 0x44,
    0x24, 0x10, 0x85, 0xf6, 0x75, 0x1d, 0x8b, 0x4c, 0x24, 0x04, 0x89, 0x01,
    0x8b, 0x44, 0x24, 0x24, 0x8b, 0x4c, 0x24, 0x10, 0x89, 0x08, 0x8b, 0x44,
    0x24, 0x0c, 0x83, 0xc4, 0x14, 0x5d, 0x5f, 0x5e, 0xc2, 0x04, 0x00, 0x89,
    0xfa, 0x89, 0xf0, 0xe8, 0x5c, 0x1a, 0x00, 0x00, 0x89, 0xf0, 0x01, 0xc8,
    0x89, 0x44, 0x24, 0x10, 0x89, 0xf2, 0x8b, 0x4c, 0x24, 0x10, 0x8b, 0x44,
    0x24, 0x08, 0x8d, 0x59, 0x04, 0x89, 0x01, 0x89, 0xe1, 0x89, 0xe8, 0xe8,
    0x6c, 0xfe, 0xff, 0xff, 0x40, 0x89, 0xc1, 0xc1, 0xe1, 0x02, 0x03, 0x4c,
    0x24, 0x10, 0xc7, 0x01, 0x00, 0x00, 0x00, 0x00, 0xeb, 0xa8, 0x8d, 0x80,
    0x00, 0x00, 0x00, 0x00, 0x8d, 0x54, 0x22, 0x00, 0x53, 0x51, 0x52, 0x68,
    0xa0, 0x05, 0x03, 0x00, 0xb9, 0x9c, 0x05, 0x03, 0x00, 0x8b, 0x1d, 0xd4,
    0x04, 0x03, 0x00, 0x8b, 0x15, 0xd8, 0x04, 0x03, 0x00, 0xa1, 0xcc, 0x06,
    0x03, 0x00, 0xe8, 0x2d, 0xff, 0xff, 0xff, 0xa3, 0xc0, 0x05, 0x03, 0x00,
    0xa1, 0x9c, 0x05, 0x03, 0x00, 0xa3, 0xa4, 0x05, 0x03, 0x00, 0xa3, 0xd0,
    0x06, 0x03, 0x00, 0xa1, 0xa0, 0x05, 0x03, 0x00, 0xa3, 0xa8, 0x05, 0x03,
    0x00, 0xa3, 0xd4, 0x06, 0x03, 0x00, 0x5a, 0x59, 0x5b, 0xc3, 0x8d, 0x80,
    0x00, 0x00, 0x00, 0x00, 0xa1, 0xc0, 0x05, 0x03, 0x00, 0x85, 0xc0, 0x0f,
    0x85, 0xd3, 0xf9, 0xff, 0xff, 0xc3, 0x00, 0x00, 0x4e, 0x6f, 0x74, 0x20,
    0x65, 0x6e, 0x6f, 0x75, 0x67, 0x68, 0x20, 0x6d, 0x65, 0x6d, 0x6f, 0x72,
    0x79, 0x20, 0x74, 0x6f, 0x20, 0x61, 0x6c, 0x6c, 0x6f, 0x63, 0x61, 0x74,
    0x65, 0x20, 0x66, 0x69, 0x6c, 0x65, 0x20, 0x73, 0x74, 0x72, 0x75, 0x63,
    0x74, 0x75, 0x72, 0x65, 0x73, 0x00, 0x8b, 0xc0, 0x53, 0x51, 0x52, 0xa0,
    0x3d, 0x01, 0x03, 0x00, 0x24, 0xf8, 0x88, 0xc4, 0x80, 0xcc, 0x04, 0xb9,
    0xfc, 0x00, 0x03, 0x00, 0x88, 0x25, 0x3d, 0x01, 0x03, 0x00, 0x83, 0x3d,
    0x08, 0x01, 0x03, 0x00, 0x00, 0x74, 0x44, 0xb8, 0x20, 0x00, 0x00, 0x00,
    0xe8, 0x63, 0x13, 0x00, 0x00, 0x89, 0xc3, 0x85, 0xc0, 0x74, 0x40, 0xa1,
    0xac, 0x05, 0x03, 0x00, 0x89, 0x4b, 0x04, 0x89, 0x03, 0x89, 0x59, 0x08,
    0xc7, 0x43, 0x08, 0x00, 0x00, 0x00, 0x00, 0x8b, 0x41, 0x08, 0xc6, 0x40,
    0x14, 0x00, 0x8b, 0x41, 0x08, 0x83, 0xc1, 0x1a, 0xc7, 0x40, 0x0c, 0x00,
    0x00, 0x00, 0x00, 0x89, 0x1d, 0xac, 0x05, 0x03, 0x00, 0x83, 0x79, 0x0c,
    0x00, 0x75, 0xbc, 0x31, 0xc9, 0x89, 0x0d, 0xb0, 0x05, 0x03, 0x00, 0x5a,
    0x59, 0x5b, 0xc3, 0xba, 0x01, 0x00, 0x00, 0x00, 0xb8, 0x50, 0x14, 0x02,
    0x00, 0xe9, 0x7e, 0x19, 0x00, 0x00, 0x00, 0x00, 0x00, 0x00, 0x00, 0x00,
    0x00, 0x00, 0x00, 0x00, 0x00, 0x00, 0x00, 0x00, 0x53, 0x51, 0x52, 0x56,
    0x57, 0x6b, 0xc0, 0x1a, 0xbf, 0xfc, 0x00, 0x03, 0x00, 0x31, 0xdb, 0x01,
    0xc7, 0xa1, 0xac, 0x05, 0x03, 0x00, 0x31, 0xc9, 0x85, 0xc0, 0x74, 0x1e,
    0x8b, 0x30, 0x8b, 0x40, 0x04, 0xba, 0x01, 0x00, 0x00, 0x00, 0xf6, 0x40,
    0x0d, 0x40, 0x74, 0x1d, 0xe8, 0xef, 0xef, 0xff, 0xff, 0x43, 0x09, 0xc1,
    0x89, 0xf0, 0x85, 0xf6, 0x75, 0xe2, 0x85, 0xc9, 0x74, 0x20, 0xb8, 0xff,
    0xff, 0xff, 0xff, 0x5f, 0x5e, 0x5a, 0x59, 0x5b, 0xc3, 0xf6, 0x40, 0x0d,
    0x08, 0x75, 0xdd, 0x39, 0xf8, 0x72, 0xe1, 0x3d, 0x4a, 0x01, 0x03, 0x00,
    0x73, 0xd2, 0x31, 0xd2, 0xeb, 0xce, 0x89, 0xd8, 0x5f, 0x5e, 0x5a, 0x59,
    0x5b, 0xc3, 0x8d, 0x80, 0x00, 0x00, 0x00, 0x00, 0x8d, 0x54, 0x22, 0x00,
    0xb8, 0x03, 0x00, 0x00, 0x00, 0xeb, 0x89, 0x8d, 0x80, 0x00, 0x00, 0x00,
    0x00, 0x8d, 0x52, 0x00, 0x31, 0xc0, 0xe8, 0x79, 0xff, 0xff, 0xff, 0xe9,
    0x24, 0xf6, 0xff, 0xff, 0x00, 0x00, 0x00, 0x00, 0x53, 0x51, 0x55, 0x89,
    0xc1, 0x8b, 0x42, 0x10, 0xff, 0x15, 0x0c, 0x03, 0x03, 0x00, 0x8b, 0x42,
    0x08, 0x8b, 0x58, 0x0c, 0x83, 0xfb, 0x01, 0x74, 0x0f, 0x85, 0xdb, 0x0f,
    0x85, 0x7e, 0x00, 0x00, 0x00, 0xc7, 0x40, 0x0c, 0x01, 0x00, 0x00, 0x00,
    0xf6, 0x42, 0x0c, 0x02, 0x0f, 0x84, 0x7f, 0x00, 0x00, 0x00, 0x8b, 0x42,
    0x08, 0x83, 0x78, 0x08, 0x00, 0x75, 0x07, 0x89, 0xd0, 0xe8, 0x9e, 0x00,
    0x00, 0x00, 0xbb, 0x00, 0x04, 0x00, 0x00, 0x83, 0xf9, 0x0a, 0x75, 0x2d,
    0xbb, 0x00, 0x06, 0x00, 0x00, 0xf6, 0x42, 0x0c, 0x40, 0x75, 0x22, 0x8b,
    0x02, 0x80, 0x4a, 0x0d, 0x10, 0xc6, 0x00, 0x0d, 0x8b, 0x42, 0x04, 0xff,
    0x02, 0x40, 0x89, 0x42, 0x04, 0x3b, 0x42, 0x14, 0x75, 0x0b, 0x89, 0xd0,
    0xe8, 0x0b, 0xf9, 0xff, 0xff, 0x85, 0xc0, 0x75, 0x26, 0x8b, 0x02, 0x80,
    0x4a, 0x0d, 0x10, 0x88, 0x08, 0x8b, 0x6a, 0x04, 0xff, 0x02, 0x45, 0x89,
    0x6a, 0x04, 0x85, 0x5a, 0x0c, 0x75, 0x05, 0x3b, 0x6a, 0x14, 0x75, 0x30,
    0x89, 0xd0, 0xe8, 0xe5, 0xf8, 0xff, 0xff, 0x85, 0xc0, 0x74, 0x25, 0x8b,
    0x42, 0x10, 0xff, 0x15, 0x10, 0x03, 0x03, 0x00, 0xb8, 0xff, 0xff, 0xff,
    0xff, 0x5d, 0x59, 0x5b, 0xc3, 0xb8, 0x04, 0x00, 0x00, 0x00, 0xe8, 0x3f,
    0xf1, 0xff, 0xff, 0x8b, 0x42, 0x10, 0x80, 0x4a, 0x0c, 0x20, 0xeb, 0xde,
    0x8b, 0x42, 0x10, 0xff, 0x15, 0x10, 0x03, 0x03, 0x00, 0x31, 0xc0, 0x88,
    0xc8, 0x5d, 0x59, 0x5b, 0xc3, 0x00, 0x00, 0x00, 0x00, 0x00, 0x00, 0x00,
    0x00, 0x00, 0x00, 0x00, 0x53, 0x51, 0x52, 0x89, 0xc2, 0xe8, 0xb6, 0xf4,
    0xff, 0xff, 0x83, 0x7a, 0x14, 0x00, 0x75, 0x0e, 0x8a, 0x42, 0x0d, 0xa8,
    0x02, 0x74, 0x52, 0xc7, 0x42, 0x14, 0x86, 0x00, 0x00, 0x00, 0x8b, 0x42,
    0x14, 0xe8, 0x6a, 0x11, 0x00, 0x00, 0x8b, 0x4a, 0x08, 0x89, 0x41, 0x08,
    0x8b, 0x42, 0x08, 0x83, 0x78, 0x08, 0x00, 0x75, 0x4a, 0x8a, 0x7a, 0x0d,
    0x80, 0xe7, 0xf8, 0x88, 0xf9, 0x88, 0x7a, 0x0d, 0x80, 0xc9, 0x04, 0x8b,
    0x42, 0x08, 0x88, 0x4a, 0x0d, 0x8d, 0x4a, 0x18, 0x89, 0x48, 0x08, 0xc7,
    0x42, 0x14, 0x01, 0x00, 0x00, 0x00, 0x8b, 0x42, 0x08, 0x8b, 0x40, 0x08,
    0xc7, 0x42, 0x04, 0x00, 0x00, 0x00, 0x00, 0x89, 0x02, 0x5a, 0x59, 0x5b,
    0xc3, 0xa8, 0x04, 0x74, 0x09, 0xc7, 0x42, 0x14, 0x40, 0x00, 0x00, 0x00,
    0xeb, 0xa8, 0xc7, 0x42, 0x14, 0x00, 0x10, 0x00, 0x00, 0xeb, 0x9f, 0x80,
    0x4a, 0x0c, 0x08, 0x8b, 0x42, 0x08, 0x8b, 0x40, 0x08, 0xc7, 0x42, 0x04,
    0x00, 0x00, 0x00, 0x00, 0x89, 0x02, 0x5a, 0x59, 0x5b, 0xc3, 0x00, 0x00,
    0x00, 0x00, 0x00, 0x00, 0x00, 0x00, 0x00, 0x00, 0x53, 0x51, 0x66, 0xc7,
    0x42, 0x04, 0x00, 0x00, 0x8a, 0x18, 0x80, 0xfb, 0x2d, 0x74, 0x0c, 0x80,
    0xfb, 0x23, 0x75, 0x0d, 0x80, 0x4a, 0x04, 0x01, 0x40, 0xeb, 0xed, 0x80,
    0x4a, 0x04, 0x08, 0xeb, 0xf7, 0x80, 0xfb, 0x2b, 0x75, 0x11, 0x8a, 0x6a,
    0x04, 0x80, 0xcd, 0x04, 0x88, 0xeb, 0x80, 0xe3, 0xfd, 0x88, 0x5a, 0x04,
    0x40, 0xeb, 0xd1, 0x80, 0xfb, 0x20, 0x75, 0x13, 0x8a, 0x7a, 0x04, 0xf6,
    0xc7, 0x04, 0x75, 0xd4, 0x88, 0xf9, 0x80, 0xc9, 0x02, 0x88, 0x4a, 0x04,
    0x40, 0xeb, 0xb9, 0x80, 0xfb, 0x30, 0x75, 0x06, 0x88, 0x5a, 0x2d, 0x40,
    0xeb, 0xae, 0x59, 0x5b, 0xc3, 0x8d, 0x40, 0x00, 0x51, 0x56, 0x57, 0x89,
    0xd6, 0x89, 0xda, 0xc6, 0x43, 0x2d, 0x20, 0xe8, 0x90, 0xff, 0xff, 0xff,
    0xc7, 0x43, 0x08, 0x00, 0x00, 0x00, 0x00, 0x80, 0x38, 0x2a, 0x74, 0x1e,
    0x8a, 0x10, 0x80, 0xfa, 0x30, 0x7c, 0x29, 0x80, 0xfa, 0x39, 0x7f, 0x24,
    0x6b, 0x4b, 0x08, 0x0a, 0x0f, 0xbe, 0xd2, 0x83, 0xea, 0x30, 0x01, 0xd1,
    0x40, 0x89, 0x4b, 0x08, 0xeb, 0xe2, 0x8b, 0x16, 0x83, 0xc2, 0x04, 0x89,
    0x16, 0x8b, 0x52, 0xfc, 0x89, 0x53, 0x08, 0x85, 0xd2, 0x7c, 0x38, 0x40,
    0xc7, 0x43, 0x0c, 0xff, 0xff, 0xff, 0xff, 0x80, 0x38, 0x2e, 0x75, 0x4a,
    0x40, 0xc7, 0x43, 0x0c, 0x00, 0x00, 0x00, 0x00, 0x80, 0x38, 0x2a, 0x74,
    0x2b, 0x8a, 0x10, 0x80, 0xfa, 0x30, 0x7c, 0x36, 0x80, 0xfa, 0x39, 0x7f,
    0x31, 0x6b, 0x4b, 0x0c, 0x0a, 0x0f, 0xbe, 0xd2, 0x83, 0xea, 0x30, 0x01,
    0xd1, 0x40, 0x89, 0x4b, 0x0c, 0xeb, 0xe2, 0x89, 0xd7, 0x80, 0x4b, 0x04,
    0x08, 0xf7, 0xdf, 0x89, 0x7b, 0x08, 0xeb, 0xbb, 0x8b, 0x16, 0x83, 0xc2,
    0x04, 0x89, 0x16, 0x8b, 0x52, 0xfc, 0x89, 0x53, 0x0c, 0x85, 0xd2, 0x7c,
    0x2d, 0x40, 0x8a, 0x10, 0x8d, 0x48, 0x01, 0x80, 0xfa, 0x68, 0x73, 0x2b,
    0x80, 0xfa, 0x4c, 0x0f, 0x83, 0x78, 0x00, 0x00, 0x00, 0x80, 0xfa, 0x49,
    0x75, 0x10, 0x80, 0x78, 0x01, 0x36, 0x75, 0x0a, 0x80, 0x78, 0x02, 0x34,
    0x0f, 0x84, 0x83, 0x00, 0x00, 0x00, 0x5f, 0x5e, 0x59, 0xc3, 0xc7, 0x43,
    0x0c, 0xff, 0xff, 0xff, 0xff, 0xeb, 0xca, 0x8d, 0x70, 0x02, 0x77, 0x14,
    0x80, 0x78, 0x01, 0x68, 0x0f, 0x85, 0x5d, 0x00, 0x00, 0x00, 0x89, 0xf0,
    0x80, 0x4b, 0x04, 0x10, 0x5f, 0x5e, 0x59, 0xc3, 0x80, 0xfa, 0x74, 0x73,
    0x14, 0x80, 0xfa, 0x6c, 0x75, 0x24, 0x3a, 0x50, 0x01, 0x75, 0x16, 0x89,
    0xf0, 0x80, 0x4b, 0x04, 0x80, 0x5f, 0x5e, 0x59, 0xc3, 0x76, 0x61, 0x80,
    0xfa, 0x7a, 0x74, 0x5c, 0x80, 0xfa, 0x77, 0x75, 0xb5, 0x40, 0x80, 0x4b,
    0x04, 0x40, 0x5f, 0x5e, 0x59, 0xc3, 0x80, 0xfa, 0x6a, 0x75, 0xa7, 0x89,
    0xc8, 0x80, 0x4b, 0x04, 0x80, 0x5f, 0x5e, 0x59, 0xc3, 0x76, 0x29, 0x80,
    0xfa, 0x57, 0x74, 0x2e, 0x80, 0xfa, 0x4e, 0x75, 0x91, 0x89, 0xc8, 0x80,
    0x4b, 0x05, 0x02, 0x5f, 0x5e, 0x59, 0xc3, 0x89, 0xc8, 0x80, 0x4b, 0x04,
    0x20, 0x5f, 0x5e, 0x59, 0xc3, 0x83, 0xc0, 0x03, 0x80, 0x4b, 0x04, 0x80,
    0x5f, 0x5e, 0x59, 0xc3, 0x89, 0xc8, 0x80, 0x4b, 0x05, 0x01, 0x5f, 0x5e,
    0x59, 0xc3, 0x89, 0xc8, 0x80, 0x4b, 0x05, 0x04, 0x5f, 0x5e, 0x59, 0xc3,
    0x40, 0x5f, 0x5e, 0x59, 0xc3, 0x8d, 0x80, 0x00, 0x00, 0x00, 0x00, 0x8d,
    0x92, 0x00, 0x00, 0x00, 0x00, 0x8d, 0x40, 0x00, 0x51, 0x56, 0x89, 0xc1,
    0x89, 0xd6, 0x31, 0xc0, 0x85, 0xd2, 0x74, 0x0d, 0x89, 0xca, 0x41, 0x80,
    0x3a, 0x00, 0x74, 0x05, 0x40, 0x39, 0xf0, 0x75, 0xf3, 0x5e, 0x59, 0xc3,
    0x8d, 0x44, 0x20, 0x00, 0x53, 0x51, 0x56, 0x83, 0xec, 0x04, 0x89, 0xd6,
    0x89, 0xc1, 0x31, 0xdb, 0x83, 0xfa, 0xff, 0x75, 0x27, 0x66, 0x83, 0x39,
    0x00, 0x74, 0x18, 0x31, 0xd2, 0x89, 0xe0, 0x66, 0x8b, 0x11, 0x83, 0xc1,
    0x02, 0xe8, 0x5a, 0x15, 0x00, 0x00, 0x83, 0xf8, 0xff, 0x74, 0xe6, 0x01,
    0xc3, 0xeb, 0xe2, 0x89, 0xd8, 0x83, 0xc4, 0x04, 0x5e, 0x59, 0x5b, 0xc3,
    0x66, 0x8b, 0x01, 0x66, 0x85, 0xc0, 0x74, 0x1c, 0x39, 0xf3, 0x7f, 0x18,
    0x31, 0xd2, 0x66, 0x89, 0xc2, 0x89, 0xe0, 0x83, 0xc1, 0x02, 0xe8, 0x2d,
    0x15, 0x00, 0x00, 0x83, 0xf8, 0xff, 0x74, 0xe0, 0x01, 0xc3, 0xeb, 0xdc,
    0x39, 0xf3, 0x7e, 0xcf, 0x89, 0xf0, 0x83, 0xc4, 0x04, 0x5e, 0x59, 0x5b,
    0xc3, 0x8d, 0x80, 0x00, 0x00, 0x00, 0x00, 0x90, 0x51, 0x56, 0x57, 0x83,
    0xec, 0x0c, 0x89, 0xd7, 0x89, 0xde, 0xbb, 0x10, 0x00, 0x00, 0x00, 0x89,
    0xe2, 0xe8, 0x7a, 0x15, 0x00, 0x00, 0x89, 0xe0, 0xe8, 0xa3, 0x15, 0x00,
    0x00, 0x89, 0xc2, 0x89, 0xf0, 0x8d, 0x0c, 0x3e, 0x89, 0xd3, 0x4a, 0x85,
    0xdb, 0x7e, 0x0f, 0x89, 0xc3, 0x49, 0x48, 0x85, 0xdb, 0x7e, 0x07, 0x8a,
    0x1c, 0x14, 0x88, 0x19, 0xeb, 0xea, 0x8d, 0x14, 0x38, 0x89, 0xc1, 0x4a,
    0x48, 0x85, 0xc9, 0x7e, 0x05, 0xc6, 0x02, 0x30, 0xeb, 0xf3, 0xc6, 0x04,
    0x37, 0x00, 0x83, 0xc4, 0x0c, 0x5f, 0x5e, 0x59, 0xc3, 0x8d, 0x80, 0x00,
    0x00, 0x00, 0x00, 0x8d, 0x52, 0x00, 0x8b, 0xdb, 0x51, 0x56, 0x83, 0xec,
    0x04, 0x89, 0xc1, 0x89, 0xde, 0x89, 0x14, 0x24, 0x85, 0xd2, 0x0f, 0x8c,
    0x7e, 0x00, 0x00, 0x00, 0x83, 0x7e, 0x0c, 0xff, 0x75, 0x07, 0xc7, 0x46,
    0x0c, 0x04, 0x00, 0x00, 0x00, 0xbb, 0x0a, 0x00, 0x00, 0x00, 0x31, 0xc0,
    0x89, 0xca, 0x66, 0x8b, 0x44, 0x24, 0x02, 0xe8, 0xfc, 0x14, 0x00, 0x00,
    0x89, 0xcb, 0x80, 0x39, 0x00, 0x74, 0x06, 0x41, 0x80, 0x39, 0x00, 0x75,
    0xfa, 0x83, 0x7e, 0x0c, 0x00, 0x74, 0x2d, 0xc6, 0x01, 0x2e, 0x31, 0xc0,
    0x41, 0x83, 0x7e, 0x0c, 0x00, 0x7e, 0x1e, 0x31, 0xd2, 0x66, 0x89, 0x54,
    0x24, 0x02, 0x6b, 0x14, 0x24, 0x0a, 0x89, 0x14, 0x24, 0x8a, 0x54, 0x24,
    0x02, 0x80, 0xc2, 0x30, 0x40, 0x88, 0x11, 0x41, 0x3b, 0x46, 0x0c, 0x7c,
    0xe2, 0xc6, 0x01, 0x00, 0xf6, 0x44, 0x24, 0x01, 0x80, 0x74, 0x57, 0x39,
    0xd9, 0x74, 0x23, 0x49, 0x80, 0x39, 0x2e, 0x75, 0x01, 0x49, 0x8a, 0x11,
    0x80, 0xfa, 0x39, 0x75, 0x4b, 0xc6, 0x01, 0x30, 0xeb, 0xe9, 0x89, 0xd0,
    0xc6, 0x01, 0x2d, 0xf7, 0xd8, 0x41, 0x89, 0x04, 0x24, 0xe9, 0x72, 0xff,
    0xff, 0xff, 0x8d, 0x4b, 0x01, 0xc6, 0x03, 0x31, 0x80, 0x39, 0x30, 0x75,
    0x06, 0x41, 0x80, 0x39, 0x30, 0x74, 0xfa, 0x8a, 0x01, 0x3c, 0x2e, 0x75,
    0x14, 0xc6, 0x01, 0x30, 0x83, 0xc1, 0x02, 0x88, 0x41, 0xff, 0x80, 0x39,
    0x30, 0x75, 0x06, 0x41, 0x80, 0x39, 0x30, 0x74, 0xfa, 0x66, 0xc7, 0x01,
    0x30, 0x00, 0x83, 0xc4, 0x04, 0x5e, 0x59, 0xc3, 0x88, 0xd6, 0xfe, 0xc6,
    0x88, 0x31, 0x83, 0xc4, 0x04, 0x5e, 0x59, 0xc3, 0x8d, 0x80, 0x00, 0x00,
    0x00, 0x00, 0x8d, 0x92, 0x00, 0x00, 0x00, 0x00, 0x53, 0x52, 0xf6, 0x40,
    0x04, 0x08, 0x75, 0x26, 0x80, 0x78, 0x2d, 0x30, 0x75, 0x20, 0x8b, 0x50,
    0x08, 0x8b, 0x58, 0x18, 0x2b, 0x50, 0x14, 0x29, 0xda, 0x2b, 0x50, 0x1c,
    0x2b, 0x50, 0x20, 0x2b, 0x50, 0x24, 0x2b, 0x50, 0x28, 0x85, 0xd2, 0x7e,
    0x05, 0x01, 0xd3, 0x89, 0x58, 0x18, 0x5a, 0x5b, 0xc3, 0x8d, 0x80, 0x00,
    0x00, 0x00, 0x00, 0x8d, 0x92, 0x00, 0x00, 0x00, 0x00, 0x8d, 0x40, 0x00,
    0x51, 0x56, 0x57, 0x55, 0x83, 0xec, 0x04, 0x89, 0xc7, 0x89, 0xd1, 0x89,
    0xdd, 0x83, 0x7a, 0x1c, 0x00, 0x7e, 0x36, 0x31, 0xd2, 0x89, 0xe0, 0x66,
    0x8b, 0x17, 0x83, 0xc7, 0x02, 0xe8, 0x5e, 0x13, 0x00, 0x00, 0x89, 0xc3,
    0x83, 0xf8, 0xff, 0x74, 0x1a, 0x3b, 0x41, 0x1c, 0x7f, 0x23, 0x89, 0xe6,
    0x4b, 0x83, 0xfb, 0xff, 0x74, 0x0d, 0x89, 0xc8, 0x0f, 0xbe, 0x16, 0x46,
    0xff, 0xd5, 0xff, 0x49, 0x1c, 0xeb, 0xed, 0x83, 0x79, 0x1c, 0x00, 0x7f,
    0xca, 0x83, 0xc4, 0x04, 0x5d, 0x5f, 0x5e, 0x59, 0xc3, 0xc7, 0x41, 0x1c,
    0x00, 0x00, 0x00, 0x00, 0x83, 0xc4, 0x04, 0x5d, 0x5f, 0x5e, 0x59, 0xc3,
    0x56, 0x57, 0x55, 0x83, 0xec, 0x10, 0x89, 0xc7, 0x89, 0xde, 0x89, 0xd0,
    0xc7, 0x43, 0x28, 0x00, 0x00, 0x00, 0x00, 0x8b, 0x53, 0x28, 0x89, 0x53,
    0x24, 0x89, 0x53, 0x20, 0x89, 0x53, 0x1c, 0x89, 0x53, 0x18, 0x89, 0x53,
    0x14, 0x8a, 0x53, 0x2c, 0x89, 0xfd, 0x80, 0xfa, 0x69, 0x0f, 0x83, 0xc5,
    0x00, 0x00, 0x00, 0x80, 0xfa, 0x64, 0x0f, 0x85, 0xf3, 0x00, 0x00, 0x00,
    0x8a, 0x56, 0x04, 0xf6, 0xc2, 0x80, 0x0f, 0x84, 0x3b, 0x01, 0x00, 0x00,
    0x8b, 0x18, 0x83, 0xc3, 0x08, 0x89, 0x18, 0x89, 0xda, 0x8b, 0x5b, 0xf8,
    0x8b, 0x52, 0xfc, 0x89, 0x5c, 0x24, 0x04, 0x89, 0x54, 0x24, 0x08, 0x30,
    0xd2, 0xf6, 0x46, 0x04, 0x80, 0x0f, 0x84, 0x57, 0x01, 0x00, 0x00, 0x8b,
    0x5c, 0x24, 0x08, 0x85, 0xdb, 0x7c, 0x08, 0x84, 0xd2, 0x0f, 0x84, 0x55,
    0x01, 0x00, 0x00, 0x8b, 0x56, 0x14, 0x8d, 0x5a, 0x01, 0x89, 0x5e, 0x14,
    0xc6, 0x04, 0x3a, 0x2d, 0xf6, 0x46, 0x04, 0x80, 0x0f, 0x84, 0x37, 0x01,
    0x00, 0x00, 0x8b, 0x54, 0x24, 0x08, 0xf7, 0xda, 0x89, 0x54, 0x24, 0x08,
    0xf7, 0x5c, 0x24, 0x04, 0x83, 0xda, 0x00, 0x89, 0x54, 0x24, 0x08, 0x8a,
    0x56, 0x2c, 0xc7, 0x04, 0x24, 0x0a, 0x00, 0x00, 0x00, 0x80, 0xfa, 0x63,
    0x0f, 0x83, 0x4b, 0x01, 0x00, 0x00, 0x80, 0xfa, 0x47, 0x0f, 0x83, 0x8b,
    0x03, 0x00, 0x00, 0x80, 0xfa, 0x43, 0x0f, 0x83, 0xdd, 0x03, 0x00, 0x00,
    0x80, 0xfa, 0x41, 0x0f, 0x84, 0xb7, 0x03, 0x00, 0x00, 0xc7, 0x46, 0x08,
    0x00, 0x00, 0x00, 0x00, 0x8a, 0x46, 0x2c, 0x88, 0x07, 0xc7, 0x46, 0x14,
    0x01, 0x00, 0x00, 0x00, 0x89, 0xf0, 0xe8, 0x71, 0xfe, 0xff, 0xff, 0x89,
    0xe8, 0x83, 0xc4, 0x10, 0x5d, 0x5f, 0x5e, 0xc3, 0x0f, 0x86, 0x3e, 0xff,
    0xff, 0xff, 0x80, 0xfa, 0x78, 0x75, 0x1d, 0x8a, 0x56, 0x04, 0xf6, 0xc2,
    0x80, 0x74, 0x33, 0x8b, 0x18, 0x83, 0xc3, 0x08, 0x89, 0x18, 0x89, 0xda,
    0x8b, 0x5b, 0xf8, 0x8b, 0x52, 0xfc, 0x89, 0x5c, 0x24, 0x04, 0xeb, 0x83,
    0x80, 0xfa, 0x75, 0x74, 0xde, 0x80, 0xfa, 0x6f, 0x74, 0xd9, 0xe9, 0x78,
    0xff, 0xff, 0xff, 0x80, 0xfa, 0x62, 0x74, 0xcf, 0x80, 0xfa, 0x58, 0x74,
    0xca, 0xe9, 0x69, 0xff, 0xff, 0xff, 0xf6, 0xc2, 0x40, 0x74, 0x0f, 0x8b,
    0x08, 0x83, 0xc1, 0x04, 0x89, 0x08, 0x8b, 0x49, 0xfc, 0xe9, 0x55, 0xff,
    0xff, 0xff, 0x8b, 0x10, 0x83, 0xc2, 0x04, 0x89, 0x10, 0x8a, 0x5e, 0x04,
    0x8b, 0x4a, 0xfc, 0xf6, 0xc3, 0x20, 0x74, 0x0b, 0x81, 0xe1, 0xff, 0xff,
    0x00, 0x00, 0xe9, 0x38, 0xff, 0xff, 0xff, 0xf6, 0xc3, 0x10, 0x0f, 0x84,
    0x2f, 0xff, 0xff, 0xff, 0x81, 0xe1, 0xff, 0x00, 0x00, 0x00, 0xe9, 0x24,
    0xff, 0xff, 0xff, 0xf6, 0xc2, 0x40, 0x74, 0x0f, 0x8b, 0x08, 0x83, 0xc1,
    0x04, 0x89, 0x08, 0x8b, 0x49, 0xfc, 0xe9, 0xc8, 0xfe, 0xff, 0xff, 0x8b,
    0x10, 0x83, 0xc2, 0x04, 0x89, 0x10, 0x8a, 0x5e, 0x04, 0x8b, 0x4a, 0xfc,
    0xf6, 0xc3, 0x20, 0x74, 0x08, 0x0f, 0xbf, 0xc9, 0xe9, 0xae, 0xfe, 0xff,
    0xff, 0xf6, 0xc3, 0x10, 0x0f, 0x84, 0xa5, 0xfe, 0xff, 0xff, 0x0f, 0xbe,
    0xc9, 0xe9, 0x9d, 0xfe, 0xff, 0xff, 0x85, 0xc9, 0xe9, 0xa8, 0xfe, 0xff,
    0xff, 0xf7, 0xd9, 0xe9, 0xd7, 0xfe, 0xff, 0xff, 0x8a, 0x5e, 0x04, 0xf6,
    0xc3, 0x04, 0x74, 0x12, 0x8b, 0x56, 0x14, 0x8d, 0x5a, 0x01, 0x89, 0x5e,
    0x14, 0xc6, 0x04, 0x3a, 0x2b, 0xe9, 0xbd, 0xfe, 0xff, 0xff, 0xf6, 0xc3,
    0x02, 0x0f, 0x84, 0xb4, 0xfe, 0xff, 0xff, 0x8b, 0x56, 0x14, 0x8d, 0x5a,
    0x01, 0x89, 0x5e, 0x14, 0xc6, 0x04, 0x3a, 0x20, 0xe9, 0xa2, 0xfe, 0xff,
    0xff, 0x77, 0x2d, 0xc7, 0x46, 0x1c, 0x01, 0x00, 0x00, 0x00, 0xf6, 0x46,
    0x04, 0x40, 0x0f, 0x85, 0x62, 0x03, 0x00, 0x00, 0x8b, 0x10, 0x83, 0xc2,
    0x04, 0x89, 0x10, 0x8a, 0x42, 0xfc, 0x88, 0x07, 0x89, 0xf0, 0xe8, 0x35,
    0xfd, 0xff, 0xff, 0x89, 0xe8, 0x83, 0xc4, 0x10, 0x5d, 0x5f, 0x5e, 0xc3,
    0x80, 0xfa, 0x69, 0x0f, 0x83, 0x8d, 0x00, 0x00, 0x00, 0x80, 0xfa, 0x65,
    0x0f, 0x83, 0xb8, 0x01, 0x00, 0x00, 0x83, 0x7e, 0x0c, 0xff, 0x74, 0x04,
    0xc6, 0x46, 0x2d, 0x20, 0x8b, 0x6e, 0x14, 0x01, 0xfd, 0xf6, 0x46, 0x04,
    0x80, 0x0f, 0x84, 0xc3, 0x02, 0x00, 0x00, 0x83, 0x7e, 0x0c, 0x00, 0x0f,
    0x85, 0x86, 0x02, 0x00, 0x00, 0x83, 0x7c, 0x24, 0x08, 0x00, 0x0f, 0x85,
    0x7b, 0x02, 0x00, 0x00, 0x83, 0x7c, 0x24, 0x04, 0x00, 0x0f, 0x85, 0x70,
    0x02, 0x00, 0x00, 0xc6, 0x45, 0x00, 0x00, 0x31, 0xc0, 0x89, 0xc2, 0x8b,
    0x7e, 0x0c, 0x89, 0x46, 0x1c, 0x39, 0xf8, 0x0f, 0x8c, 0xce, 0x02, 0x00,
    0x00, 0xf6, 0x46, 0x04, 0x01, 0x0f, 0x84, 0x49, 0xfe, 0xff, 0xff, 0x83,
    0x3c, 0x24, 0x0a, 0x0f, 0x8d, 0x3f, 0xfe, 0xff, 0xff, 0x85, 0xc0, 0x74,
    0x0a, 0x80, 0x7d, 0x00, 0x30, 0x0f, 0x84, 0x31, 0xfe, 0xff, 0xff, 0xff,
    0x46, 0x18, 0x89, 0xf0, 0xe8, 0x9f, 0xfc, 0xff, 0xff, 0x89, 0xe8, 0x83,
    0xc4, 0x10, 0x5d, 0x5f, 0x5e, 0xc3, 0x0f, 0x86, 0x76, 0xff, 0xff, 0xff,
    0x80, 0xfa, 0x73, 0x73, 0x5c, 0x80, 0xfa, 0x70, 0x0f, 0x85, 0x0b, 0x01,
    0x00, 0x00, 0x83, 0x7e, 0x08, 0x00, 0x75, 0x07, 0xc7, 0x46, 0x08, 0x08,
    0x00, 0x00, 0x00, 0x80, 0x66, 0x04, 0xf9, 0x8b, 0x10, 0x83, 0xc2, 0x04,
    0x89, 0x10, 0xbb, 0x08, 0x00, 0x00, 0x00, 0x8b, 0x42, 0xfc, 0x89, 0xfa,
    0xe8, 0x0b, 0xfb, 0xff, 0xff, 0x80, 0x7e, 0x2c, 0x50, 0x75, 0x07, 0x89,
    0xf8, 0xe8, 0xde, 0x10, 0x00, 0x00, 0xba, 0xff, 0xff, 0xff, 0xff, 0x89,
    0xe8, 0xe8, 0x62, 0xfa, 0xff, 0xff, 0x89, 0x46, 0x14, 0x89, 0xf0, 0xe8,
    0x38, 0xfc, 0xff, 0xff, 0x89, 0xe8, 0x83, 0xc4, 0x10, 0x5d, 0x5f, 0x5e,
    0xc3, 0x77, 0x5a, 0xc6, 0x07, 0x00, 0x8b, 0x08, 0x83, 0xc1, 0x04, 0x89,
    0x08, 0x8b, 0x41, 0xfc, 0x85, 0xc0, 0x74, 0x02, 0x89, 0xc5, 0x80, 0x7e,
    0x2c, 0x53, 0x0f, 0x85, 0x7f, 0x01, 0x00, 0x00, 0xf6, 0x46, 0x04, 0x20,
    0x0f, 0x84, 0x66, 0x01, 0x00, 0x00, 0x89, 0xe8, 0x8b, 0x56, 0x0c, 0xe8,
    0x1c, 0xfa, 0xff, 0xff, 0x8b, 0x5e, 0x0c, 0x89, 0x46, 0x1c, 0x85, 0xdb,
    0x0f, 0x8c, 0x76, 0xfd, 0xff, 0xff, 0x39, 0xd8, 0x0f, 0x8e, 0x6e, 0xfd,
    0xff, 0xff, 0x89, 0x5e, 0x1c, 0x89, 0xf0, 0xe8, 0xdc, 0xfb, 0xff, 0xff,
    0x89, 0xe8, 0x83, 0xc4, 0x10, 0x5d, 0x5f, 0x5e, 0xc3, 0x80, 0xfa, 0x78,
    0x75, 0x49, 0x8a, 0x5e, 0x04, 0xf6, 0xc3, 0x01, 0x74, 0x35, 0xf6, 0xc3,
    0x80, 0x0f, 0x84, 0x45, 0x01, 0x00, 0x00, 0x83, 0x7c, 0x24, 0x08, 0x00,
    0x75, 0x07, 0x83, 0x7c, 0x24, 0x04, 0x00, 0x74, 0x1e, 0x8b, 0x46, 0x14,
    0x8d, 0x50, 0x01, 0x89, 0x56, 0x14, 0xc6, 0x04, 0x07, 0x30, 0x8b, 0x46,
    0x14, 0x8d, 0x50, 0x01, 0x89, 0x56, 0x14, 0x8d, 0x14, 0x07, 0x8a, 0x46,
    0x2c, 0x88, 0x02, 0xc7, 0x04, 0x24, 0x10, 0x00, 0x00, 0x00, 0xe9, 0x6b,
    0xfe, 0xff, 0xff, 0x80, 0xfa, 0x75, 0x0f, 0x84, 0x62, 0xfe, 0xff, 0xff,
    0xe9, 0xec, 0xfc, 0xff, 0xff, 0x80, 0xfa, 0x6f, 0x0f, 0x85, 0xe3, 0xfc,
    0xff, 0xff, 0xc7, 0x04, 0x24, 0x08, 0x00, 0x00, 0x00, 0xe9, 0x48, 0xfe,
    0xff, 0xff, 0x0f, 0x86, 0x88, 0x00, 0x00, 0x00, 0x80, 0xfa, 0x67, 0x0f,
    0x84, 0x7f, 0x00, 0x00, 0x00, 0x80, 0xfa, 0x66, 0x0f, 0x85, 0xbf, 0xfc,
    0xff, 0xff, 0xf6, 0x46, 0x04, 0x20, 0x74, 0x70, 0x8b, 0x10, 0x83, 0xc2,
    0x04, 0x89, 0xf3, 0x89, 0x10, 0x89, 0xf8, 0x8b, 0x52, 0xfc, 0xe8, 0x41,
    0xfa, 0xff, 0xff, 0xba, 0xff, 0xff, 0xff, 0xff, 0x89, 0xf8, 0xe8, 0x45,
    0xf9, 0xff, 0xff, 0x89, 0x46, 0x1c, 0x89, 0xf0, 0xe8, 0x1b, 0xfb, 0xff,
    0xff, 0x89, 0xe8, 0x83, 0xc4, 0x10, 0x5d, 0x5f, 0x5e, 0xc3, 0x76, 0x3c,
    0x80, 0xfa, 0x58, 0x73, 0x17, 0x80, 0xfa, 0x53, 0x0f, 0x84, 0xd5, 0xfe,
    0xff, 0xff, 0x80, 0xfa, 0x50, 0x0f, 0x84, 0x77, 0xfe, 0xff, 0xff, 0xe9,
    0x69, 0xfc, 0xff, 0xff, 0x0f, 0x86, 0x20, 0xff, 0xff, 0xff, 0x80, 0xfa,
    0x62, 0x75, 0x0c, 0xc7, 0x04, 0x24, 0x02, 0x00, 0x00, 0x00, 0xe9, 0xc3,
    0xfd, 0xff, 0xff, 0x80, 0xfa, 0x61, 0x0f, 0x85, 0x49, 0xfc, 0xff, 0xff,
    0x89, 0xf3, 0x89, 0xc2, 0x89, 0xf8, 0x45, 0xff, 0x15, 0x18, 0x05, 0x03,
    0x00, 0x89, 0xf0, 0xe8, 0xc0, 0xfa, 0xff, 0xff, 0x89, 0xe8, 0x83, 0xc4,
    0x10, 0x5d, 0x5f, 0x5e, 0xc3, 0x0f, 0x86, 0x20, 0x01, 0x00, 0x00, 0x80,
    0xfa, 0x46, 0x0f, 0x84, 0x5e, 0xff, 0xff, 0xff, 0x80, 0xfa, 0x45, 0xe9,
    0x0f, 0xfc, 0xff, 0xff, 0x89, 0xe8, 0x8b, 0x56, 0x0c, 0xe8, 0xd6, 0xf8,
    0xff, 0xff, 0xe9, 0x95, 0xfe, 0xff, 0xff, 0xf6, 0x46, 0x04, 0x40, 0x0f,
    0x84, 0x81, 0xfe, 0xff, 0xff, 0x89, 0xe8, 0x8b, 0x56, 0x0c, 0xe8, 0xbd,
    0xf8, 0xff, 0xff, 0xe9, 0x7c, 0xfe, 0xff, 0xff, 0x85, 0xc9, 0xe9, 0xc0,
    0xfe, 0xff, 0xff, 0x8b, 0x0c, 0x24, 0x8b, 0x44, 0x24, 0x04, 0x8b, 0x5e,
    0x14, 0x8b, 0x54, 0x24, 0x08, 0x01, 0xfb, 0xe8, 0x4c, 0x0f, 0x00, 0x00,
    0x80, 0x7e, 0x2c, 0x58, 0x75, 0x07, 0x89, 0xf8, 0xe8, 0xdf, 0x0e, 0x00,
    0x00, 0xba, 0xff, 0xff, 0xff, 0xff, 0x89, 0xe8, 0xe8, 0x63, 0xf8, 0xff,
    0xff, 0xe9, 0x63, 0xfd, 0xff, 0xff, 0x8b, 0x46, 0x0c, 0x85, 0xc0, 0x75,
    0x0d, 0x85, 0xc9, 0x75, 0x09, 0xc6, 0x45, 0x00, 0x00, 0xe9, 0x4f, 0xfd,
    0xff, 0xff, 0x8b, 0x1c, 0x24, 0x8b, 0x56, 0x14, 0x89, 0xc8, 0x01, 0xfa,
    0xe8, 0x9b, 0x0f, 0x00, 0x00, 0x80, 0x7e, 0x2c, 0x58, 0x75, 0x07, 0x89,
    0xf8, 0xe8, 0x9e, 0x0e, 0x00, 0x00, 0xba, 0xff, 0xff, 0xff, 0xff, 0x89,
    0xe8, 0xe8, 0x22, 0xf8, 0xff, 0xff, 0xe9, 0x22, 0xfd, 0xff, 0xff, 0x89,
    0xf8, 0x29, 0xd0, 0x89, 0x46, 0x18, 0x89, 0xf0, 0xe8, 0xef, 0xf9, 0xff,
    0xff, 0x89, 0xe8, 0x83, 0xc4, 0x10, 0x5d, 0x5f, 0x5e, 0xc3, 0x8b, 0x08,
    0x83, 0xc1, 0x04, 0x89, 0x08, 0x31, 0xd2, 0x66, 0x8b, 0x41, 0xfc, 0x66,
    0x89, 0xc2, 0x8d, 0x44, 0x24, 0x0c, 0xe8, 0x8d, 0x0d, 0x00, 0x00, 0x83,
    0xf8, 0xff, 0x0f, 0x84, 0x4c, 0xfb, 0xff, 0xff, 0x8a, 0x44, 0x24, 0x0c,
    0x88, 0x07, 0x31, 0xc0, 0x8a, 0x44, 0x24, 0x0c, 0xe8, 0xb3, 0x0f, 0x00,
    0x00, 0x85, 0xc0, 0x0f, 0x84, 0x33, 0xfb, 0xff, 0xff, 0x8a, 0x44, 0x24,
    0x0d, 0x88, 0x47, 0x01, 0xff, 0x46, 0x14, 0x89, 0xf0, 0xe8, 0x9a, 0xf9,
    0xff, 0xff, 0x89, 0xe8, 0x83, 0xc4, 0x10, 0x5d, 0x5f, 0x5e, 0xc3, 0x8b,
    0x08, 0x83, 0xc1, 0x04, 0x89, 0x08, 0x66, 0x8b, 0x51, 0xfc, 0x81, 0xe2,
    0xff, 0xff, 0x00, 0x00, 0x89, 0xf8, 0xe8, 0x39, 0x0d, 0x00, 0x00, 0x83,
    0xf8, 0xff, 0x74, 0x13, 0x89, 0x46, 0x1c, 0x89, 0xf0, 0xe8, 0x6a, 0xf9,
    0xff, 0xff, 0x89, 0xe8, 0x83, 0xc4, 0x10, 0x5d, 0x5f, 0x5e, 0xc3, 0xc7,
    0x46, 0x1c, 0x00, 0x00, 0x00, 0x00, 0x89, 0xf0, 0xe8, 0x53, 0xf9, 0xff,
    0xff, 0x89, 0xe8, 0x83, 0xc4, 0x10, 0x5d, 0x5f, 0x5e, 0xc3, 0x8d, 0x80,
    0x00, 0x00, 0x00, 0x00, 0x8d, 0x54, 0x22, 0x00, 0x56, 0x57, 0x81, 0xec,
    0x80, 0x00, 0x00, 0x00, 0x89, 0x5c, 0x24, 0x78, 0x89, 0xce, 0x89, 0x44,
    0x24, 0x48, 0x31, 0xc0, 0xc6, 0x44, 0x24, 0x7c, 0x00, 0x66, 0x89, 0x44,
    0x24, 0x4c, 0x31, 0xc0, 0x66, 0xc7, 0x44, 0x24, 0x4e, 0xc8, 0x00, 0x89,
    0x44, 0x24, 0x58, 0x89, 0xd7, 0x80, 0x3a, 0x00, 0x74, 0x1a, 0x8a, 0x2f,
    0x8d, 0x47, 0x01, 0x80, 0xfd, 0x25, 0x74, 0x1d, 0x0f, 0xbe, 0xd5, 0x89,
    0xc7, 0x8d, 0x44, 0x24, 0x48, 0xff, 0xd6, 0x80, 0x3f, 0x00, 0x75, 0xe6,
    0x8b, 0x44, 0x24, 0x58, 0x81, 0xc4, 0x80, 0x00, 0x00, 0x00, 0x5f, 0x5e,
    0xc3, 0x8d, 0x5c, 0x24, 0x48, 0x8d, 0x54, 0x24, 0x78, 0xe8, 0x7a, 0xf5,
    0xff, 0xff, 0x89, 0xc7, 0x8a, 0x00, 0x47, 0x88, 0x44, 0x24, 0x74, 0x84,
    0xc0, 0x74, 0xd9, 0x3c, 0x6e, 0x75, 0x4d, 0x8b, 0x44, 0x24, 0x78, 0x83,
    0xc0, 0x04, 0x89, 0x44, 0x24, 0x78, 0x8a, 0x5c, 0x24, 0x4c, 0x8b, 0x48,
    0xfc, 0xf6, 0xc3, 0x10, 0x74, 0x08, 0x8a, 0x44, 0x24, 0x58, 0x88, 0x01,
    0xeb, 0xb1, 0xf6, 0xc3, 0x20, 0x74, 0x09, 0x8b, 0x44, 0x24, 0x58, 0x66,
    0x89, 0x01, 0xeb, 0xa3, 0xf6, 0xc3, 0x40, 0x74, 0x08, 0x8b, 0x44, 0x24,
    0x58, 0x89, 0x01, 0xeb, 0x96, 0xf6, 0xc3, 0x80, 0x74, 0xf3, 0x8b, 0x44,
    0x24, 0x58, 0x89, 0x01, 0xc1, 0xf8, 0x1f, 0x89, 0x41, 0x04, 0xeb, 0x83,
    0x8d, 0x4c, 0x24, 0x7c, 0x8d, 0x5c, 0x24, 0x48, 0x8d, 0x54, 0x24, 0x78,
    0x89, 0xe0, 0xe8, 0x09, 0xf9, 0xff, 0xff, 0x89, 0xc1, 0x8b, 0x44, 0x24,
    0x5c, 0x03, 0x44, 0x24, 0x60, 0x03, 0x44, 0x24, 0x64, 0x03, 0x44, 0x24,
    0x68, 0x03, 0x44, 0x24, 0x6c, 0x03, 0x44, 0x24, 0x70, 0x29, 0x44, 0x24,
    0x50, 0xf6, 0x44, 0x24, 0x4c, 0x08, 0x75, 0x1f, 0x80, 0x7c, 0x24, 0x75,
    0x20, 0x75, 0x18, 0x83, 0x7c, 0x24, 0x50, 0x00, 0x7e, 0x11, 0xba, 0x20,
    0x00, 0x00, 0x00, 0x8d, 0x44, 0x24, 0x48, 0xff, 0xd6, 0xff, 0x4c, 0x24,
    0x50, 0xeb, 0xe8, 0x89, 0xe3, 0x83, 0x7c, 0x24, 0x5c, 0x00, 0x7e, 0x17,
    0x8d, 0x44, 0x24, 0x48, 0x0f, 0xbe, 0x13, 0xff, 0xd6, 0x8b, 0x44, 0x24,
    0x5c, 0x48, 0x43, 0x89, 0x44, 0x24, 0x5c, 0x85, 0xc0, 0x7f, 0xe9, 0x83,
    0x7c, 0x24, 0x60, 0x00, 0x7e, 0x11, 0xba, 0x30, 0x00, 0x00, 0x00, 0x8d,
    0x44, 0x24, 0x48, 0xff, 0xd6, 0xff, 0x4c, 0x24, 0x60, 0xeb, 0xe8, 0x8a,
    0x54, 0x24, 0x74, 0x80, 0xfa, 0x73, 0x75, 0x43, 0xf6, 0x44, 0x24, 0x4c,
    0x40, 0x75, 0x17, 0x83, 0x7c, 0x24, 0x64, 0x00, 0x7e, 0x1d, 0x8d, 0x44,
    0x24, 0x48, 0x0f, 0xbe, 0x11, 0x41, 0xff, 0xd6, 0xff, 0x4c, 0x24, 0x64,
    0xeb, 0xe9, 0x8d, 0x54, 0x24, 0x48, 0x89, 0xf3, 0x89, 0xc8, 0xe8, 0xf9,
    0xf7, 0xff, 0xff, 0x83, 0x7c, 0x24, 0x68, 0x00, 0x7e, 0x2d, 0xba, 0x30,
    0x00, 0x00, 0x00, 0x8d, 0x44, 0x24, 0x48, 0xff, 0xd6, 0xff, 0x4c, 0x24,
    0x68, 0xeb, 0xe8, 0x80, 0xfa, 0x53, 0x74, 0xd6, 0x83, 0x7c, 0x24, 0x64,
    0x00, 0x7e, 0xdc, 0x8d, 0x44, 0x24, 0x48, 0x0f, 0xbe, 0x11, 0x41, 0xff,
    0xd6, 0xff, 0x4c, 0x24, 0x64, 0xeb, 0xe9, 0x83, 0x7c, 0x24, 0x6c, 0x00,
    0x7e, 0x10, 0x8d, 0x44, 0x24, 0x48, 0x0f, 0xbe, 0x11, 0x41, 0xff, 0xd6,
    0xff, 0x4c, 0x24, 0x6c, 0xeb, 0xe9, 0x83, 0x7c, 0x24, 0x70, 0x00, 0x7e,
    0x11, 0xba, 0x30, 0x00, 0x00, 0x00, 0x8d, 0x44, 0x24, 0x48, 0xff, 0xd6,
    0xff, 0x4c, 0x24, 0x70, 0xeb, 0xe8, 0xf6, 0x44, 0x24, 0x4c, 0x08, 0x0f,
    0x84, 0x52, 0xfe, 0xff, 0xff, 0x83, 0x7c, 0x24, 0x50, 0x00, 0x0f, 0x8e,
    0x47, 0xfe, 0xff, 0xff, 0xba, 0x20, 0x00, 0x00, 0x00, 0x8d, 0x44, 0x24,
    0x48, 0xff, 0xd6, 0xff, 0x4c, 0x24, 0x50, 0xeb, 0xe4, 0x00, 0x00, 0x00,
    0x00, 0x00, 0x00, 0x00, 0x00, 0x00, 0x00, 0x00, 0x00, 0x00, 0x00, 0x00,
    0xa1, 0x44, 0x03, 0x03, 0x00, 0xc3, 0x8d, 0x80, 0x00, 0x00, 0x00, 0x00,
    0x8d, 0x54, 0x22, 0x00, 0xc7, 0x05, 0x48, 0x03, 0x03, 0x00, 0xc0, 0x23,
    0x02, 0x00, 0xc7, 0x05, 0x44, 0x03, 0x03, 0x00, 0xc4, 0x05, 0x03, 0x00,
    0xc3, 0x00, 0x00, 0x00, 0x00, 0x00, 0x00, 0x00, 0x00, 0x00, 0x00, 0x00,
    0x44, 0x4f, 0x53, 0x43, 0x41, 0x4c, 0x4c, 0x53, 0x00, 0x8d, 0x80, 0x00,
    0x00, 0x00, 0x00, 0x90, 0x53, 0x51, 0x52, 0x56, 0x57, 0x55, 0x83, 0xec,
    0x04, 0x89, 0xe0, 0x50, 0x68, 0xf0, 0x23, 0x02, 0x00, 0xe8, 0x00, 0x00,
    0x00, 0x00, 0x83, 0xc4, 0x08, 0x85, 0xc0, 0x74, 0x0a, 0x83, 0xc4, 0x04,
    0x5d, 0x5f, 0x5e, 0x5a, 0x59, 0x5b, 0xc3, 0x68, 0x50, 0x03, 0x03, 0x00,
    0x50, 0x68, 0xd5, 0x03, 0x00, 0x00, 0x8b, 0x44, 0x24, 0x0c, 0x50, 0xe8,
    0x00, 0x00, 0x00, 0x00, 0x83, 0xc4, 0x10, 0x85, 0xc0, 0x74, 0x11, 0x31,
    0xc0, 0xa3, 0x50, 0x03, 0x03, 0x00, 0x83, 0xc4, 0x04, 0x5d, 0x5f, 0x5e,
    0x5a, 0x59, 0x5b, 0xc3, 0x68, 0x5c, 0x03, 0x03, 0x00, 0x50, 0x68, 0xda,
    0x03, 0x00, 0x00, 0x8b, 0x54, 0x24, 0x0c, 0x52, 0xe8, 0x00, 0x00, 0x00,
    0x00, 0x83, 0xc4, 0x10, 0x85, 0xc0, 0x75, 0x24, 0x68, 0x54, 0x03, 0x03,
    0x00, 0x50, 0x68, 0xdc, 0x03, 0x00, 0x00, 0x8b, 0x4c, 0x24, 0x0c, 0x51,
    0xe8, 0x00, 0x00, 0x00, 0x00, 0x83, 0xc4, 0x10, 0x85, 0xc0, 0x74, 0x21,
    0x31, 0xff, 0x89, 0x3d, 0x54, 0x03, 0x03, 0x00, 0x31, 0xed, 0x89, 0x2d,
    0x5c, 0x03, 0x03, 0x00, 0x31, 0xc0, 0xa3, 0x50, 0x03, 0x03, 0x00, 0x83,
    0xc4, 0x04, 0x5d, 0x5f, 0x5e, 0x5a, 0x59, 0x5b, 0xc3, 0x68, 0x58, 0x03,
    0x03, 0x00, 0x50, 0x68, 0xdd, 0x03, 0x00, 0x00, 0x8b, 0x5c, 0x24, 0x0c,
    0x53, 0xe8, 0x00, 0x00, 0x00, 0x00, 0x83, 0xc4, 0x10, 0x85, 0xc0, 0x0f,
    0x84, 0x50, 0xff, 0xff, 0xff, 0x31, 0xf6, 0x89, 0x35, 0x58, 0x03, 0x03,
    0x00, 0xeb, 0xb5, 0x00, 0x00, 0x00, 0x00, 0x00, 0x00, 0x00, 0x00, 0x00,
    0x52, 0x3b, 0x05, 0x60, 0x03, 0x03, 0x00, 0x73, 0x0f, 0x89, 0xc2, 0xa1,
    0xb4, 0x03, 0x03, 0x00, 0xc1, 0xe2, 0x02, 0x8b, 0x04, 0x02, 0x5a, 0xc3,
    0x31, 0xc0, 0x5a, 0xc3, 0x8d, 0x44, 0x20, 0x00, 0x51, 0x3b, 0x05, 0x60,
    0x03, 0x03, 0x00, 0x72, 0x02, 0x59, 0xc3, 0x89, 0xc1, 0xa1, 0xb4, 0x03,
    0x03, 0x00, 0xc1, 0xe1, 0x02, 0x89, 0x14, 0x01, 0x59, 0xc3, 0x00, 0x00,
    0x00, 0x00, 0x00, 0x00, 0x51, 0x52, 0x83, 0xec, 0x08, 0x8d, 0x54, 0x24,
    0x04, 0x52, 0x8d, 0x54, 0x24, 0x04, 0x52, 0x50, 0xe8, 0x00, 0x00, 0x00,
    0x00, 0x83, 0xc4, 0x0c, 0x8b, 0x04, 0x24, 0x80, 0xe4, 0x7f, 0x83, 0xf8,
    0x01, 0x0f, 0x94, 0xc0, 0x25, 0xff, 0x00, 0x00, 0x00, 0x83, 0xc4, 0x08,
    0x5a, 0x59, 0xc3, 0x00, 0x53, 0x51, 0x52, 0x56, 0x57, 0x89, 0xc6, 0xff,
    0x15, 0x14, 0x03, 0x03, 0x00, 0x89, 0xf0, 0x8b, 0x15, 0xb4, 0x03, 0x03,
    0x00, 0xc1, 0xe0, 0x02, 0x81, 0xfa, 0x64, 0x03, 0x03, 0x00, 0x74, 0x27,
    0x89, 0xd1, 0x89, 0xc2, 0x89, 0xc8, 0xe8, 0x85, 0x0b, 0x00, 0x00, 0x89,
    0xc1, 0x85, 0xc9, 0x75, 0x3d, 0xb8, 0x05, 0x00, 0x00, 0x00, 0xe8, 0x0f,
    0xe2, 0xff, 0xff, 0xff, 0x15, 0x18, 0x03, 0x03, 0x00, 0x5f, 0x5e, 0x5a,
    0x59, 0x5b, 0xc3, 0x8b, 0x0d, 0x60, 0x03, 0x03, 0x00, 0x89, 0x0d, 0xc4,
    0x06, 0x03, 0x00, 0xe8, 0x68, 0x02, 0x00, 0x00, 0x89, 0xc1, 0x85, 0xc0,
    0x74, 0xcf, 0x8b, 0x1d, 0x60, 0x03, 0x03, 0x00, 0xc1, 0xe3, 0x02, 0xe8,
    0x54, 0x08, 0x00, 0x00, 0xeb, 0xbf, 0x8b, 0x3d, 0x60, 0x03, 0x03, 0x00,
    0x89, 0xf3, 0x31, 0xd2, 0x89, 0xf8, 0x29, 0xfb, 0xc1, 0xe0, 0x02, 0xc1,
    0xe3, 0x02, 0x01, 0xc8, 0xe8, 0x77, 0x03, 0x00, 0x00, 0x89, 0x0d, 0xb4,
    0x03, 0x03, 0x00, 0x89, 0x35, 0x60, 0x03, 0x03, 0x00, 0xff, 0x15, 0x18,
    0x03, 0x03, 0x00, 0x5f, 0x5e, 0x5a, 0x59, 0x5b, 0xc3, 0x8d, 0x80, 0x00,
    0x00, 0x00, 0x00, 0x8d, 0x92, 0x00, 0x00, 0x00, 0x00, 0x8d, 0x40, 0x00,
    0xff, 0x15, 0x14, 0x03, 0x03, 0x00, 0xa1, 0xb4, 0x03, 0x03, 0x00, 0x3d,
    0x64, 0x03, 0x03, 0x00, 0x75, 0x07, 0xff, 0x15, 0x18, 0x03, 0x03, 0x00,
    0xc3, 0xe8, 0x02, 0xe8, 0xff, 0xff, 0xa1, 0xc4, 0x06, 0x03, 0x00, 0xc7,
    0x05, 0xb4, 0x03, 0x03, 0x00, 0x64, 0x03, 0x03, 0x00, 0xa3, 0x60, 0x03,
    0x03, 0x00, 0xff, 0x15, 0x18, 0x03, 0x03, 0x00, 0xc3, 0x8d, 0x80, 0x00,
    0x00, 0x00, 0x00, 0x90, 0x51, 0x52, 0x83, 0xec, 0x08, 0x31, 0xc0, 0x89,
    0x04, 0x24, 0x8d, 0x44, 0x24, 0x04, 0x50, 0x8d, 0x44, 0x24, 0x04, 0x50,
    0xe8, 0x00, 0x00, 0x00, 0x00, 0x83, 0xc4, 0x08, 0x85, 0xc0, 0x74, 0x06,
    0x83, 0xc4, 0x08, 0x5a, 0x59, 0xc3, 0x8b, 0x44, 0x24, 0x04, 0xe8, 0xe1,
    0xfe, 0xff, 0xff, 0x8b, 0x44, 0x24, 0x04, 0xa3, 0x20, 0x05, 0x03, 0x00,
    0x83, 0xc4, 0x08, 0x5a, 0x59, 0xc3, 0x8b, 0xc0, 0x53, 0x51, 0x89, 0xc1,
    0xa1, 0x60, 0x03, 0x03, 0x00, 0x39, 0xc1, 0x73, 0x28, 0x3b, 0x0d, 0x60,
    0x03, 0x03, 0x00, 0x73, 0x2e, 0x89, 0xcb, 0xc1, 0xe3, 0x02, 0x85, 0xd2,
    0x74, 0x2f, 0x89, 0xc8, 0xe8, 0x7b, 0x0b, 0x00, 0x00, 0xa1, 0xb4, 0x03,
    0x03, 0x00, 0x80, 0xce, 0x40, 0x89, 0x14, 0x03, 0x89, 0xc8, 0x59, 0x5b,
    0xc3, 0x89, 0xc3, 0xd1, 0xfb, 0x01, 0xd8, 0x40, 0xe8, 0x8f, 0xfe, 0xff,
    0xff, 0xeb, 0xca, 0xb9, 0xff, 0xff, 0xff, 0xff, 0x89, 0xc8, 0x59, 0x5b,
    0xc3, 0xa1, 0xb4, 0x03, 0x03, 0x00, 0x89, 0x14, 0x03, 0x89, 0xc8, 0x59,
    0x5b, 0xc3, 0x00, 0x00, 0x00, 0x00, 0x00, 0x00, 0x52, 0x89, 0xc2, 0xe8,
    0x78, 0x0b, 0x00, 0x00, 0x81, 0xfa, 0x00, 0x01, 0x00, 0x00, 0x76, 0x05,
    0xba, 0x00, 0x01, 0x00, 0x00, 0x8b, 0x82, 0xb5, 0x03, 0x03, 0x00, 0xc1,
    0xf8, 0x18, 0xe8, 0x97, 0xe0, 0xff, 0xff, 0xb8, 0xff, 0xff, 0xff, 0xff,
    0x5a, 0xc3, 0x8d, 0x80, 0x00, 0x00, 0x00, 0x00, 0x52, 0x89, 0xc2, 0xe8,
    0xc8, 0xff, 0xff, 0xff, 0x89, 0xd0, 0x5a, 0xc3, 0x00, 0x00, 0x00, 0x00,
    0x51, 0x56, 0x89, 0xc1, 0x89, 0xd6, 0xe8, 0xb5, 0xfd, 0xff, 0xff, 0x85,
    0xd2, 0x7e, 0x10, 0xa8, 0x80, 0x75, 0x0c, 0x80, 0xcc, 0x80, 0x89, 0xc2,
    0x89, 0xc8, 0xe8, 0xc1, 0xfd, 0xff, 0xff, 0x89, 0xf2, 0x89, 0xc8, 0xe8,
    0x68, 0xe6, 0xff, 0xff, 0x5e, 0x59, 0xc3, 0x00, 0x00, 0x00, 0x00, 0x00,
    0x53, 0x52, 0xbb, 0x01, 0x00, 0x00, 0x00, 0x31, 0xd2, 0xe8, 0x52, 0xe6,
    0xff, 0xff, 0x5a, 0x5b, 0xc3, 0x00, 0x00, 0x00, 0x00, 0x00, 0x00, 0x00,
    0x00, 0x00, 0x00, 0x00, 0x00, 0x00, 0x00, 0x00, 0x51, 0x52, 0x89, 0xc2,
    0x31, 0xc9, 0xff, 0x15, 0x1c, 0x03, 0x03, 0x00, 0x8a, 0x0d, 0xc8, 0x04,
    0x03, 0x00, 0x85, 0xd2, 0x0f, 0x95, 0xc2, 0x88, 0x15, 0xc8, 0x04, 0x03,
    0x00, 0xff, 0x15, 0x24, 0x03, 0x03, 0x00, 0x89, 0xc8, 0x5a, 0x59, 0xc3,
    0x8d, 0x80, 0x00, 0x00, 0x00, 0x00, 0x8b, 0xd2, 0x51, 0x52, 0x89, 0xc1,
    0xff, 0x15, 0x1c, 0x03, 0x03, 0x00, 0x31, 0xc0, 0xe8, 0xbf, 0xff, 0xff,
    0xff, 0x89, 0xc2, 0x89, 0xc8, 0xe8, 0x56, 0x00, 0x00, 0x00, 0x89, 0xc1,
    0x89, 0xd0, 0xe8, 0xad, 0xff, 0xff, 0xff, 0xff, 0x15, 0x24, 0x03, 0x03,
    0x00, 0x89, 0xc8, 0x5a, 0x59, 0xc3, 0x8b, 0xc0, 0x51, 0x52, 0x89, 0xc1,
    0xff, 0x15, 0x1c, 0x03, 0x03, 0x00, 0xb8, 0x01, 0x00, 0x00, 0x00, 0xe8,
    0x8c, 0xff, 0xff, 0xff, 0x89, 0xc2, 0x89, 0xc8, 0xe8, 0x23, 0x00, 0x00,
    0x00, 0x89, 0xc1, 0x89, 0xd0, 0xe8, 0x7a, 0xff, 0xff, 0xff, 0xff, 0x15,
    0x24, 0x03, 0x03, 0x00, 0x89, 0xc8, 0x5a, 0x59, 0xc3, 0x8d, 0x80, 0x00,
    0x00, 0x00, 0x00, 0x8d, 0x92, 0x00, 0x00, 0x00, 0x00, 0x8d, 0x40, 0x00,
    0x53, 0x51, 0x52, 0x56, 0x57, 0x55, 0x83, 0xec, 0x08, 0x89, 0xc6, 0x85,
    0xc0, 0x0f, 0x84, 0xa5, 0x00, 0x00, 0x00, 0x83, 0xf8, 0xd0, 0x0f, 0x87,
    0x9c, 0x00, 0x00, 0x00, 0x8d, 0x68, 0x0b, 0x83, 0xe5, 0xf8, 0x83, 0xfd,
    0x10, 0x73, 0x05, 0xbd, 0x10, 0x00, 0x00, 0x00, 0xff, 0x15, 0x1c, 0x03,
    0x03, 0x00, 0xc6, 0x44, 0x24, 0x04, 0x00, 0x31, 0xff, 0x80, 0x3d, 0x24,
    0x05, 0x03, 0x00, 0x00, 0x0f, 0x84, 0x7e, 0x00, 0x00, 0x00, 0x80, 0x3d,
    0xc8, 0x04, 0x03, 0x00, 0x00, 0x0f, 0x84, 0x71, 0x00, 0x00, 0x00, 0xb0,
    0x01, 0x88, 0x04, 0x24, 0x3b, 0x2d, 0xc4, 0x04, 0x03, 0x00, 0x0f, 0x86,
    0x72, 0x00, 0x00, 0x00, 0x8b, 0x0d, 0xc0, 0x04, 0x03, 0x00, 0x85, 0xc9,
    0x74, 0x5a, 0x85, 0xc9, 0x0f, 0x84, 0x7e, 0x00, 0x00, 0x00, 0x89, 0x0d,
    0xc0, 0x04, 0x03, 0x00, 0x8b, 0x59, 0x14, 0xf6, 0x41, 0x2c, 0x01, 0x0f,
    0x95, 0xc0, 0x31, 0xd2, 0x25, 0xff, 0x00, 0x00, 0x00, 0x8a, 0x14, 0x24,
    0x39, 0xc2, 0x75, 0x17, 0x39, 0xf3, 0x72, 0x13, 0x89, 0xca, 0x89, 0xf0,
    0xe8, 0x8f, 0x01, 0x00, 0x00, 0x89, 0xc7, 0x85, 0xc0, 0x0f, 0x85, 0x7a,
    0x00, 0x00, 0x00, 0x3b, 0x1d, 0xc4, 0x04, 0x03, 0x00, 0x77, 0x33, 0x8b,
    0x49, 0x08, 0xeb, 0xb6, 0x31, 0xc0, 0x83, 0xc4, 0x08, 0x5d, 0x5f, 0x5e,
    0x5a, 0x59, 0x5b, 0xc3, 0x30, 0xc0, 0xeb, 0x8d, 0x89, 0x0d, 0xc4, 0x04,
    0x03, 0x00, 0x8b, 0x0d, 0xbc, 0x04, 0x03, 0x00, 0xeb, 0x98, 0x31, 0xd2,
    0x8b, 0x0d, 0xbc, 0x04, 0x03, 0x00, 0x89, 0x15, 0xc4, 0x04, 0x03, 0x00,
    0xeb, 0x88, 0x89, 0x1d, 0xc4, 0x04, 0x03, 0x00, 0x8b, 0x49, 0x08, 0xe9,
    0x7a, 0xff, 0xff, 0xff, 0x80, 0x7c, 0x24, 0x04, 0x00, 0x74, 0x15, 0x89,
    0xf0, 0xe8, 0xae, 0x0b, 0x00, 0x00, 0x85, 0xc0, 0x74, 0x1f, 0xc6, 0x44,
    0x24, 0x04, 0x00, 0xe9, 0x29, 0xff, 0xff, 0xff, 0x89, 0xf0, 0xe8, 0x09,
    0x0b, 0x00, 0x00, 0x85, 0xc0, 0x74, 0xe0, 0xc6, 0x44, 0x24, 0x04, 0x01,
    0xe9, 0x14, 0xff, 0xff, 0xff, 0xff, 0x15, 0x24, 0x03, 0x03, 0x00, 0x89,
    0xf8, 0x83, 0xc4, 0x08, 0x5d, 0x5f, 0x5e, 0x5a, 0x59, 0x5b, 0xc3, 0x00,
    0x00, 0x00, 0x00, 0x00, 0x00, 0x00, 0x00, 0x00, 0x51, 0x89, 0xd9, 0x50,
    0x8a, 0xf2, 0xc1, 0xe2, 0x08, 0x8a, 0xd6, 0xc1, 0xe2, 0x08, 0x8a, 0xd6,
    0xe8, 0x6b, 0x0b, 0x00, 0x00, 0x58, 0x59, 0xc3, 0xc3, 0x00, 0x00, 0x00,
    0x00, 0x00, 0x00, 0x00, 0xc3, 0x00, 0x00, 0x00, 0x00, 0x00, 0x00, 0x00,
    0x00, 0x00, 0x00, 0x00, 0x00, 0x00, 0x00, 0x00, 0x83, 0x38, 0x00, 0x75,
    0x01, 0xc3, 0xff, 0x10, 0xc3, 0x8d, 0x80, 0x00, 0x00, 0x00, 0x00, 0x90,
    0x53, 0x51, 0x52, 0x56, 0x88, 0xc6, 0xbe, 0x84, 0x05, 0x03, 0x00, 0xb8,
    0x54, 0x05, 0x03, 0x00, 0x89, 0xf1, 0x88, 0xf2, 0x39, 0xc6, 0x76, 0x1a,
    0x80, 0x38, 0x02, 0x74, 0x0b, 0x8a, 0x78, 0x01, 0x38, 0xfa, 0x72, 0x04,
    0x89, 0xc1, 0x88, 0xfa, 0x83, 0xc0, 0x06, 0x3d, 0x84, 0x05, 0x03, 0x00,
    0x72, 0xe6, 0x81, 0xf9, 0x84, 0x05, 0x03, 0x00, 0x75, 0x05, 0x5e, 0x5a,
    0x59, 0x5b, 0xc3, 0x8d, 0x41, 0x02, 0xe8, 0xa9, 0xff, 0xff, 0xff, 0xc6,
    0x01, 0x02, 0xeb, 0xbf, 0x8d, 0x44, 0x20, 0x00, 0x53, 0x51, 0x56, 0x88,
    0xc3, 0x88, 0xd6, 0xbe, 0x96, 0x05, 0x03, 0x00, 0xb8, 0x84, 0x05, 0x03,
    0x00, 0x89, 0xf1, 0x88, 0xda, 0x39, 0xc6, 0x76, 0x1a, 0x80, 0x38, 0x02,
    0x74, 0x0b, 0x8a, 0x78, 0x01, 0x38, 0xfa, 0x77, 0x04, 0x89, 0xc1, 0x88,
    0xfa, 0x83, 0xc0, 0x06, 0x3d, 0x96, 0x05, 0x03, 0x00, 0x72, 0xe6, 0x81,
    0xf9, 0x96, 0x05, 0x03, 0x00, 0x74, 0x14, 0x3a, 0x71, 0x01, 0x73, 0x05,
    0xc6, 0x01, 0x02, 0xeb, 0xc7, 0x8d, 0x41, 0x02, 0xe8, 0x53, 0xff, 0xff,
    0xff, 0xeb, 0xf1, 0x5e, 0x59, 0x5b, 0xc3, 0x00, 0x00, 0x00, 0x00, 0x00,
    0x00, 0x00, 0x00, 0x00, 0x00, 0x00, 0x00, 0x00, 0x53, 0x51, 0x56, 0x57,
    0x55, 0x89, 0xd7, 0x31, 0xed, 0x85, 0xc0, 0x74, 0x5d, 0x8d, 0x58, 0x0b,
    0x80, 0xe3, 0xf8, 0x39, 0xc3, 0x72, 0x53, 0x8b, 0x42, 0x14, 0x83, 0xfb,
    0x10, 0x73, 0x05, 0xbb, 0x10, 0x00, 0x00, 0x00, 0x39, 0xc3, 0x77, 0x42,
    0x8b, 0x4f, 0x10, 0x8b, 0x47, 0x0c, 0x39, 0xcb, 0x76, 0x42, 0x8d, 0x77,
    0x20, 0x8b, 0x10, 0x39, 0xd3, 0x77, 0x40, 0x89, 0x4f, 0x10, 0x29, 0xda,
    0xff, 0x47, 0x18, 0x83, 0xfa, 0x10, 0x72, 0x45, 0x8d, 0x0c, 0x18, 0x89,
    0x4f, 0x0c, 0x89, 0x11, 0x8b, 0x50, 0x04, 0x89, 0x18, 0x89, 0x51, 0x04,
    0x8b, 0x58, 0x08, 0x89, 0x59, 0x08, 0x89, 0x4a, 0x08, 0x89, 0x4b, 0x04,
    0x8d, 0x68, 0x04, 0x80, 0x08, 0x01, 0x89, 0xe9, 0x89, 0xc8, 0x5d, 0x5f,
    0x5e, 0x59, 0x5b, 0xc3, 0x8b, 0x47, 0x28, 0x31, 0xc9, 0xeb, 0xb7, 0x39,
    0xd1, 0x73, 0x02, 0x89, 0xd1, 0x8b, 0x40, 0x08, 0x39, 0xf0, 0x75, 0xad,
    0x89, 0x4f, 0x14, 0xeb, 0xdd, 0xff, 0x4f, 0x1c, 0x8b, 0x50, 0x04, 0x89,
    0x57, 0x0c, 0x8b, 0x48, 0x08, 0x89, 0x4a, 0x08, 0x89, 0x51, 0x04, 0x8d,
    0x68, 0x04, 0x80, 0x08, 0x01, 0x89, 0xe9, 0x89, 0xc8, 0x5d, 0x5f, 0x5e,
    0x59, 0x5b, 0xc3, 0x90, 0x53, 0x51, 0x56, 0x57, 0x89, 0xd6, 0x85, 0xc0,
    0x0f, 0x84, 0x68, 0x00, 0x00, 0x00, 0x8d, 0x48, 0xfc, 0xf6, 0x01, 0x01,
    0x74, 0x60, 0x8b, 0x11, 0x80, 0xe2, 0xfe, 0x8d, 0x04, 0x11, 0xf6, 0x00,
    0x01, 0x75, 0x58, 0x03, 0x10, 0x89, 0x11, 0x3b, 0x46, 0x0c, 0x75, 0x03,
    0x89, 0x4e, 0x0c, 0x8b, 0x50, 0x04, 0x8b, 0x40, 0x08, 0x89, 0x42, 0x08,
    0x89, 0x50, 0x04, 0xff, 0x4e, 0x1c, 0x8b, 0x50, 0x04, 0x8b, 0x3a, 0x01,
    0xd7, 0x8b, 0x19, 0x39, 0xcf, 0x0f, 0x85, 0xd1, 0x00, 0x00, 0x00, 0x03,
    0x1a, 0x89, 0x1a, 0x3b, 0x4e, 0x0c, 0x75, 0x03, 0x89, 0x56, 0x0c, 0x89,
    0xd1, 0xff, 0x4e, 0x18, 0x3b, 0x4e, 0x0c, 0x73, 0x08, 0x3b, 0x5e, 0x10,
    0x76, 0x03, 0x89, 0x5e, 0x10, 0x3b, 0x5e, 0x14, 0x0f, 0x87, 0xbe, 0x00,
    0x00, 0x00, 0x5f, 0x5e, 0x59, 0x5b, 0xc3, 0x89, 0x11, 0x8b, 0x46, 0x0c,
    0x39, 0xc1, 0x0f, 0x83, 0x75, 0x00, 0x00, 0x00, 0x3b, 0x48, 0x04, 0x77,
    0xb1, 0x8b, 0x46, 0x28, 0x39, 0xc1, 0x72, 0xaa, 0x8b, 0x5e, 0x1c, 0x8b,
    0x46, 0x18, 0x31, 0xd2, 0x8d, 0x7b, 0x01, 0xf7, 0xf7, 0x89, 0xc2, 0x39,
    0xd8, 0x73, 0x2c, 0x8b, 0x46, 0x18, 0x29, 0xd8, 0x01, 0xd2, 0x39, 0xd8,
    0x77, 0x05, 0xba, 0xff, 0xff, 0xff, 0xff, 0x8b, 0x01, 0x01, 0xc8, 0x83,
    0x38, 0xff, 0x74, 0x13, 0xf6, 0x00, 0x01, 0x0f, 0x84, 0x75, 0xff, 0xff,
    0xff, 0x8b, 0x18, 0x80, 0xe3, 0xfe, 0x01, 0xd8, 0x4a, 0x75, 0xe8, 0x8b,
    0x46, 0x0c, 0x39, 0xc1, 0x72, 0x41, 0x39, 0xc1, 0x0f, 0x82, 0x5c, 0xff,
    0xff, 0xff, 0x8b, 0x40, 0x08, 0x39, 0xc1, 0x0f, 0x82, 0x51, 0xff, 0xff,
    0xff, 0x8b, 0x40, 0x08, 0x39, 0xc1, 0x0f, 0x82, 0x46, 0xff, 0xff, 0xff,
    0x8b, 0x40, 0x08, 0xeb, 0xdd, 0x8b, 0x40, 0x08, 0x39, 0xc1, 0x0f, 0x82,
    0x36, 0xff, 0xff, 0xff, 0x8d, 0x46, 0x20, 0x8b, 0x50, 0x04, 0x39, 0xd1,
    0x0f, 0x87, 0x28, 0xff, 0xff, 0xff, 0xe9, 0x79, 0xff, 0xff, 0xff, 0x8b,
    0x46, 0x28, 0xeb, 0xba, 0xff, 0x46, 0x1c, 0x89, 0x41, 0x08, 0x89, 0x51,
    0x04, 0x89, 0x4a, 0x08, 0x89, 0x48, 0x04, 0xe9, 0x29, 0xff, 0xff, 0xff,
    0x89, 0x5e, 0x14, 0x5f, 0x5e, 0x59, 0x5b, 0xc3, 0x00, 0x00, 0x00, 0x00,
    0x53, 0x51, 0x52, 0x50, 0xe8, 0x00, 0x00, 0x00, 0x00, 0x31, 0xdb, 0x83,
    0xc4, 0x04, 0x85, 0xc0, 0x75, 0x06, 0x89, 0xd8, 0x5a, 0x59, 0x5b, 0xc3,
    0xb8, 0x04, 0x00, 0x00, 0x00, 0xbb, 0xff, 0xff, 0xff, 0xff, 0xe8, 0x43,
    0xdb, 0xff, 0xff, 0x89, 0xd8, 0x5a, 0x59, 0x5b, 0xc3, 0x00, 0x00, 0x00,
    0x51, 0x56, 0x57, 0x55, 0x83, 0xec, 0x08, 0x89, 0xc6, 0x89, 0xd5, 0xe8,
    0x70, 0xf8, 0xff, 0xff, 0x31, 0xff, 0xa8, 0x80, 0x74, 0x25, 0x89, 0xf0,
    0xff, 0x15, 0x0c, 0x03, 0x03, 0x00, 0x8d, 0x44, 0x24, 0x04, 0x50, 0x6a,
    0x02, 0x6a, 0x00, 0x56, 0xbf, 0x01, 0x00, 0x00, 0x00, 0xe8, 0x00, 0x00,
    0x00, 0x00, 0x89, 0xc2, 0x83, 0xc4, 0x10, 0x85, 0xc0, 0x75, 0x19, 0x89,
    0xe0, 0x50, 0x53, 0x55, 0x56, 0xe8, 0x00, 0x00, 0x00, 0x00, 0x83, 0xc4,
    0x10, 0x89, 0xc2, 0x85, 0xc0, 0x74, 0x1c, 0x83, 0xff, 0x01, 0x75, 0x08,
    0x89, 0xf0, 0xff, 0x15, 0x10, 0x03, 0x03, 0x00, 0x89, 0xd0, 0xe8, 0x1d,
    0xfa, 0xff, 0xff, 0x83, 0xc4, 0x08, 0x5d, 0x5f, 0x5e, 0x59, 0xc3, 0x3b,
    0x1c, 0x24, 0x74, 0x0a, 0xb8, 0x0c, 0x00, 0x00, 0x00, 0xe8, 0xc0, 0xda,
    0xff, 0xff, 0x83, 0xff, 0x01, 0x75, 0x08, 0x89, 0xf0, 0xff, 0x15, 0x10,
    0x03, 0x03, 0x00, 0x8b, 0x04, 0x24, 0x83, 0xc4, 0x08, 0x5d, 0x5f, 0x5e,
    0x59, 0xc3, 0x00, 0x00, 0x00, 0x00, 0x00, 0x00, 0x00, 0x00, 0x00, 0x00,
    0x00, 0x00, 0x00, 0x00, 0x53, 0x51, 0x52, 0x89, 0xc3, 0xff, 0x15, 0x14,
    0x03, 0x03, 0x00, 0x8b, 0x15, 0xac, 0x05, 0x03, 0x00, 0x31, 0xc9, 0x85,
    0xd2, 0x74, 0x1a, 0x8b, 0x42, 0x04, 0x85, 0x58, 0x0c, 0x74, 0x0c, 0x41,
    0xf6, 0x40, 0x0d, 0x10, 0x74, 0x05, 0xe8, 0xf5, 0xe1, 0xff, 0xff, 0x8b,
    0x12, 0x85, 0xd2, 0x75, 0xe6, 0xff, 0x15, 0x18, 0x03, 0x03, 0x00, 0x89,
    0xc8, 0x5a, 0x59, 0x5b, 0xc3, 0x8d, 0x40, 0x00, 0xb8, 0xff, 0xff, 0xff,
    0xff, 0xeb, 0xb9, 0x00, 0x00, 0x00, 0x00, 0x00, 0x00, 0x00, 0x00, 0x00,
    0x51, 0x52, 0x8b, 0x0d, 0xfc, 0x04, 0x03, 0x00, 0xe8, 0x23, 0x08, 0x00,
    0x00, 0x89, 0xc2, 0x83, 0xf8, 0xff, 0x74, 0x04, 0x85, 0xc9, 0x74, 0x05,
    0x89, 0xd0, 0x5a, 0x59, 0xc3, 0xe8, 0xce, 0x08, 0x00, 0x00, 0x89, 0xd0,
    0x5a, 0x59, 0xc3, 0x00, 0x00, 0x00, 0x00, 0x00, 0x00, 0x00, 0x00, 0x00,
    0x51, 0x83, 0xec, 0x04, 0x89, 0xe1, 0x51, 0x53, 0x52, 0x50, 0xe8, 0x00,
    0x00, 0x00, 0x00, 0x83, 0xc4, 0x10, 0x85, 0xc0, 0x75, 0x08, 0x8b, 0x04,
    0x24, 0x83, 0xc4, 0x04, 0x59, 0xc3, 0xe8, 0x3d, 0xf9, 0xff, 0xff, 0x83,
    0xc4, 0x04, 0x59, 0xc3, 0x00, 0x00, 0x00, 0x00, 0x00, 0x00, 0x00, 0x00,
    0x52, 0x89, 0xc2, 0x85, 0xc0, 0x75, 0x02, 0x5a, 0xc3, 0xc7, 0x40, 0x0c,
    0x01, 0x00, 0x00, 0x00, 0xe8, 0xe4, 0xde, 0xff, 0xff, 0x05, 0x00, 0x10,
    0x00, 0x00, 0x89, 0x02, 0x5a, 0xc3, 0x00, 0x00, 0x55, 0x89, 0xe5, 0xa1,
    0xf4, 0x04, 0x03, 0x00, 0x83, 0xc0, 0x03, 0x24, 0xfc, 0x8b, 0x15, 0xf4,
    0x04, 0x03, 0x00, 0x2b, 0xe0, 0x89, 0xe0, 0x01, 0xd0, 0xa3, 0xf8, 0x04,
    0x03, 0x00, 0xe8, 0x7d, 0xfb, 0xff, 0xff, 0x8b, 0x15, 0xd4, 0x06, 0x03,
    0x00, 0xa1, 0xd0, 0x06, 0x03, 0x00, 0xe8, 0x0d, 0xd2, 0xff, 0xff, 0xe9,
    0x89, 0x08, 0x00, 0x00, 0x00, 0x00, 0x00, 0x00, 0x00, 0x00, 0x00, 0x00,
    0x51, 0x56, 0x57, 0x89, 0xd9, 0x89, 0xd6, 0x89, 0xc7, 0x57, 0x8b, 0xc1,
    0xc1, 0xe9, 0x02, 0xf3, 0xa5, 0x8a, 0xc8, 0x80, 0xe1, 0x03, 0xf3, 0xa4,
    0x5f, 0x89, 0xf8, 0x5f, 0x5e, 0x59, 0xc3, 0x00, 0x83, 0xec, 0x08, 0x89,
    0xc6, 0x89, 0xd7, 0x31, 0xd2, 0x89, 0xc1, 0x40, 0x80, 0x39, 0x00, 0x74,
    0x03, 0x42, 0xeb, 0xf5, 0x89, 0xe0, 0x50, 0x52, 0x56, 0x6a, 0x02, 0xe8,
    0x00, 0x00, 0x00, 0x00, 0x83, 0xc4, 0x10, 0x89, 0xe0, 0x50, 0x6a, 0x02,
    0x8d, 0x44, 0x24, 0x0c, 0x50, 0x6a, 0x02, 0x66, 0xc7, 0x44, 0x24, 0x14,
    0x0d, 0x0a, 0xe8, 0x00, 0x00, 0x00, 0x00, 0x83, 0xc4, 0x10, 0x89, 0xf8,
    0xe9, 0xf7, 0xde, 0xff, 0xff, 0x8d, 0x80, 0x00, 0x00, 0x00, 0x00, 0x8d,
    0x52, 0x00, 0x8b, 0xdb, 0x89, 0xc3, 0x89, 0xd1, 0x8c, 0xda, 0xe8, 0x75,
    0x08, 0x00, 0x00, 0x85, 0xc0, 0x75, 0x06, 0x89, 0xca, 0x89, 0xd8, 0xeb,
    0x9b, 0x89, 0xc8, 0xe9, 0xd0, 0xde, 0xff, 0xff, 0x00, 0x00, 0x00, 0x00,
    0x53, 0x85, 0xc0, 0x74, 0x1c, 0xf6, 0xc6, 0xff, 0x74, 0x19, 0x89, 0xd3,
    0x30, 0xd3, 0x81, 0xe3, 0xff, 0xff, 0x00, 0x00, 0x88, 0x50, 0x01, 0xc1,
    0xfb, 0x08, 0x88, 0x18, 0xb8, 0x02, 0x00, 0x00, 0x00, 0x5b, 0xc3, 0x88,
    0x10, 0xb8, 0x01, 0x00, 0x00, 0x00, 0x5b, 0xc3, 0x00, 0x00, 0x00, 0x00,
    0x51, 0x56, 0x57, 0x55, 0x83, 0xec, 0x28, 0x89, 0xd5, 0x89, 0xdf, 0xc6,
    0x04, 0x24, 0x00, 0x8d, 0x4c, 0x24, 0x01, 0x89, 0xd6, 0x8d, 0x5c, 0x24,
    0x24, 0x89, 0x7c, 0x24, 0x24, 0x33, 0xd2, 0xf7, 0x33, 0x89, 0x03, 0x8a,
    0x82, 0x30, 0x37, 0x02, 0x00, 0x88, 0x01, 0x8b, 0x44, 0x24, 0x24, 0x41,
    0x85, 0xc0, 0x75, 0xe1, 0x46, 0x8a, 0x41, 0xff, 0x49, 0x88, 0x46, 0xff,
    0x84, 0xc0, 0x75, 0xf4, 0x89, 0xe8, 0x83, 0xc4, 0x28, 0x5d, 0x5f, 0x5e,
    0x59, 0xc3, 0x8d, 0x80, 0x00, 0x00, 0x00, 0x00, 0x51, 0x89, 0xd1, 0x83,
    0xfb, 0x0a, 0x75, 0x04, 0x85, 0xc0, 0x7c, 0x09, 0xe8, 0x9f, 0xff, 0xff,
    0xff, 0x89, 0xc8, 0x59, 0xc3, 0xf7, 0xd8, 0xc6, 0x02, 0x2d, 0x42, 0xe8,
    0x90, 0xff, 0xff, 0xff, 0x89, 0xc8, 0x59, 0xc3, 0x00, 0x00, 0x00, 0x00,
    0x00, 0x00, 0x00, 0x00, 0x00, 0x00, 0x00, 0x00, 0x51, 0x57, 0x89, 0xc7,
    0x2b, 0xc9, 0x49, 0x33, 0xc0, 0xf2, 0xae, 0xf7, 0xd1, 0x49, 0x89, 0xc8,
    0x5f, 0x59, 0xc3, 0x00, 0x00, 0x00, 0x00, 0x00, 0x00, 0x00, 0x00, 0x00,
    0x00, 0x00, 0x00, 0x00, 0x51, 0x52, 0x89, 0xc1, 0x89, 0xc2, 0x8a, 0x02,
    0x84, 0xc0, 0x74, 0x0f, 0x2c, 0x61, 0x3c, 0x19, 0x76, 0x03, 0x42, 0xeb,
    0xf1, 0x04, 0x41, 0x88, 0x02, 0xeb, 0xf7, 0x89, 0xc8, 0x5a, 0x59, 0xc3,
    0x46, 0x6c, 0x6f, 0x61, 0x74, 0x69, 0x6e, 0x67, 0x2d, 0x70, 0x6f, 0x69,
    0x6e, 0x74, 0x20, 0x73, 0x75, 0x70, 0x70, 0x6f, 0x72, 0x74, 0x20, 0x6e,
    0x6f, 0x74, 0x20, 0x6c, 0x6f, 0x61, 0x64, 0x65, 0x64, 0x00, 0x8d, 0x80,
    0x00, 0x00, 0x00, 0x00, 0x8d, 0x92, 0x00, 0x00, 0x00, 0x00, 0x8b, 0xc0,
    0x52, 0xba, 0x01, 0x00, 0x00, 0x00, 0xb8, 0x90, 0x2f, 0x02, 0x00, 0xe9,
    0xb0, 0xfe, 0xff, 0xff, 0x56, 0x57, 0x55, 0x83, 0xec, 0x4c, 0x89, 0x5c,
    0x24, 0x48, 0x89, 0xcd, 0xc6, 0x04, 0x24, 0x00, 0x8d, 0x74, 0x24, 0x01,
    0x89, 0xdf, 0x8d, 0x5c, 0x24, 0x44, 0x89, 0x6c, 0x24, 0x44, 0x33, 0xc9,
    0x3b, 0x13, 0x72, 0x09, 0x8b, 0xc8, 0x8b, 0xc2, 0x33, 0xd2, 0xf7, 0x33,
    0x91, 0xf7, 0x33, 0x89, 0x13, 0x8b, 0x5c, 0x24, 0x44, 0x46, 0x8a, 0x9b,
    0x30, 0x37, 0x02, 0x00, 0x89, 0xca, 0x88, 0x5e, 0xff, 0x85, 0xc9, 0x75,
    0xd1, 0x85, 0xc0, 0x75, 0xcd, 0x47, 0x8a, 0x46, 0xff, 0x4e, 0x88, 0x47,
    0xff, 0x84, 0xc0, 0x75, 0xf4, 0x8b, 0x44, 0x24, 0x48, 0x83, 0xc4, 0x4c,
    0x5d, 0x5f, 0x5e, 0xc3, 0x56, 0x89, 0xde, 0x83, 0xf9, 0x0a, 0x75, 0x04,
    0x85, 0xd2, 0x7c, 0x09, 0xe8, 0x8f, 0xff, 0xff, 0xff, 0x89, 0xf0, 0x5e,
    0xc3, 0xf7, 0xda, 0xc6, 0x03, 0x2d, 0xf7, 0xd8, 0x83, 0xda, 0x00, 0x43,
    0xe8, 0x7b, 0xff, 0xff, 0xff, 0x89, 0xf0, 0x5e, 0xc3, 0x00, 0x00, 0x00,
    0x00, 0x00, 0x00, 0x00, 0x51, 0x56, 0x57, 0x55, 0x83, 0xec, 0x28, 0x89,
    0xd5, 0x89, 0xdf, 0xc6, 0x04, 0x24, 0x00, 0x8d, 0x4c, 0x24, 0x01, 0x89,
    0xd6, 0x8d, 0x5c, 0x24, 0x24, 0x89, 0x7c, 0x24, 0x24, 0x33, 0xd2, 0xf7,
    0x33, 0x89, 0x13, 0x8b, 0x5c, 0x24, 0x24, 0x41, 0x8a, 0x9b, 0x30, 0x37,
    0x02, 0x00, 0x88, 0x59, 0xff, 0x85, 0xc0, 0x75, 0xe0, 0x46, 0x8a, 0x41,
    0xff, 0x49, 0x88, 0x46, 0xff, 0x84, 0xc0, 0x75, 0xf4, 0x89, 0xe8, 0x83,
    0xc4, 0x28, 0x5d, 0x5f, 0x5e, 0x59, 0xc3, 0x8d, 0x40, 0x00, 0x8b, 0xc9,
    0x51, 0x89, 0xd1, 0x83, 0xfb, 0x0a, 0x75, 0x04, 0x85, 0xc0, 0x7c, 0x09,
    0xe8, 0x9f, 0xff, 0xff, 0xff, 0x89, 0xc8, 0x59, 0xc3, 0xf7, 0xd8, 0xc6,
    0x02, 0x2d, 0x42, 0xe8, 0x90, 0xff, 0xff, 0xff, 0x89, 0xc8, 0x59, 0xc3,
    0x00, 0x00, 0x00, 0x00, 0x00, 0x00, 0x00, 0x00, 0x00, 0x00, 0x00, 0x00,
    0x8a, 0x80, 0xd9, 0x06, 0x03, 0x00, 0x24, 0x01, 0x25, 0xff, 0x00, 0x00,
    0x00, 0xc3, 0x8b, 0xc0, 0x31, 0xc0, 0xe9, 0xc4, 0x06, 0x00, 0x00, 0x00,
    0x00, 0x00, 0x00, 0x00, 0x00, 0x00, 0x00, 0x00, 0x53, 0x51, 0x56, 0x57,
    0x89, 0xc1, 0x89, 0xd3, 0x85, 0xc0, 0x74, 0x6f, 0x85, 0xd2, 0x0f, 0x84,
    0x73, 0x00, 0x00, 0x00, 0xe8, 0x77, 0x07, 0x00, 0x00, 0x89, 0xc7, 0x89,
    0xc8, 0xe8, 0x7e, 0x07, 0x00, 0x00, 0x89, 0xc6, 0x85, 0xc0, 0x75, 0x4c,
    0x81, 0xf9, 0x00, 0x00, 0x00, 0x20, 0x72, 0x63, 0xff, 0x15, 0x1c, 0x03,
    0x03, 0x00, 0x31, 0xd2, 0x89, 0xd8, 0x8a, 0x15, 0xc8, 0x04, 0x03, 0x00,
    0xc6, 0x05, 0xc8, 0x04, 0x03, 0x00, 0x01, 0xe8, 0xc4, 0xf6, 0xff, 0xff,
    0x89, 0xc6, 0x85, 0xd2, 0x0f, 0x95, 0xc0, 0xa2, 0xc8, 0x04, 0x03, 0x00,
    0xff, 0x15, 0x24, 0x03, 0x03, 0x00, 0x85, 0xf6, 0x74, 0x3c, 0x89, 0xfb,
    0x89, 0xca, 0x89, 0xf0, 0xe8, 0xa3, 0xfc, 0xff, 0xff, 0x89, 0xc8, 0xe8,
    0xac, 0xdc, 0xff, 0xff, 0x89, 0xf0, 0x5f, 0x5e, 0x59, 0x5b, 0xc3, 0x89,
    0xd0, 0xe8, 0x8e, 0xf6, 0xff, 0xff, 0x5f, 0x5e, 0x59, 0x5b, 0xc3, 0xe8,
    0x94, 0xdc, 0xff, 0xff, 0x31, 0xc0, 0x5f, 0x5e, 0x59, 0x5b, 0xc3, 0x89,
    0xd8, 0xe8, 0x76, 0xf6, 0xff, 0xff, 0x89, 0xc6, 0xeb, 0xc0, 0x89, 0xfa,
    0x89, 0xc8, 0xe8, 0xf9, 0x06, 0x00, 0x00, 0x89, 0xf0, 0x5f, 0x5e, 0x59,
    0x5b, 0xc3, 0x00, 0x00, 0xa3, 0x20, 0x05, 0x03, 0x00, 0xc3, 0x8d, 0x80,
    0x00, 0x00, 0x00, 0x00, 0x8d, 0x54, 0x22, 0x00, 0x51, 0x52, 0x83, 0xec,
    0x08, 0x89, 0xc2, 0xa1, 0x20, 0x05, 0x03, 0x00, 0x39, 0xc2, 0x77, 0x0b,
    0xa1, 0x20, 0x05, 0x03, 0x00, 0x83, 0xc4, 0x08, 0x5a, 0x59, 0xc3, 0x29,
    0xc2, 0x8d, 0x44, 0x24, 0x04, 0x50, 0x8d, 0x44, 0x24, 0x04, 0x50, 0x89,
    0x54, 0x24, 0x08, 0xe8, 0x00, 0x00, 0x00, 0x00, 0x83, 0xc4, 0x08, 0x8b,
    0x54, 0x24, 0x04, 0x3b, 0x15, 0x60, 0x03, 0x03, 0x00, 0x76, 0x07, 0x89,
    0xd0, 0xe8, 0x4a, 0xf3, 0xff, 0xff, 0x89, 0x15, 0x20, 0x05, 0x03, 0x00,
    0xa1, 0x20, 0x05, 0x03, 0x00, 0x83, 0xc4, 0x08, 0x5a, 0x59, 0xc3, 0x00,
    0x00, 0x00, 0x00, 0x00, 0x00, 0x00, 0x00, 0x00, 0x53, 0x51, 0x52, 0x83,
    0xf8, 0x03, 0x7d, 0x15, 0x89, 0xc1, 0x8b, 0x15, 0xb4, 0x03, 0x03, 0x00,
    0xc1, 0xe1, 0x02, 0x01, 0xca, 0x8a, 0x5a, 0x01, 0xf6, 0xc3, 0x40, 0x74,
    0x04, 0x5a, 0x59, 0x5b, 0xc3, 0x88, 0xdf, 0x80, 0xcf, 0x40, 0x88, 0x7a,
    0x01, 0xe8, 0xd2, 0xf2, 0xff, 0xff, 0x85, 0xc0, 0x74, 0xeb, 0xa1, 0xb4,
    0x03, 0x03, 0x00, 0x80, 0x4c, 0x01, 0x01, 0x20, 0x5a, 0x59, 0x5b, 0xc3,
    0x52, 0x89, 0xc2, 0xff, 0x15, 0x48, 0x03, 0x03, 0x00, 0x89, 0x50, 0x08,
    0x5a, 0xc3, 0x8b, 0xc0, 0xff, 0x15, 0x48, 0x03, 0x03, 0x00, 0x8b, 0x40,
    0x08, 0xc3, 0x8d, 0x80, 0x00, 0x00, 0x00, 0x00, 0xff, 0x15, 0x48, 0x03,
    0x03, 0x00, 0x83, 0xc0, 0x08, 0xc3, 0x00, 0x00, 0x00, 0x00, 0x00, 0x00,
    0x51, 0x52, 0x89, 0xc2, 0xa1, 0xbc, 0x04, 0x03, 0x00, 0x31, 0xc9, 0x85,
    0xc0, 0x74, 0x07, 0x39, 0xc2, 0x73, 0x4e, 0x89, 0x50, 0x04, 0x89, 0x4a,
    0x04, 0x89, 0x42, 0x08, 0x85, 0xc9, 0x74, 0x4c, 0x89, 0x51, 0x08, 0xc7,
    0x42, 0x20, 0x00, 0x00, 0x00, 0x00, 0xc7, 0x42, 0x10, 0x00, 0x00, 0x00,
    0x00, 0x8d, 0x42, 0x20, 0xc7, 0x42, 0x18, 0x00, 0x00, 0x00, 0x00, 0x89,
    0x42, 0x24, 0x89, 0x42, 0x28, 0x89, 0x42, 0x0c, 0x8b, 0x02, 0xc7, 0x42,
    0x1c, 0x00, 0x00, 0x00, 0x00, 0x83, 0xe8, 0x30, 0x89, 0x42, 0x30, 0xc7,
    0x44, 0x02, 0x30, 0xff, 0xff, 0xff, 0xff, 0x8d, 0x42, 0x30, 0x5a, 0x59,
    0xc3, 0x89, 0xc1, 0x8b, 0x40, 0x08, 0x85, 0xc0, 0x75, 0xa5, 0xeb, 0xaa,
    0x89, 0x15, 0xbc, 0x04, 0x03, 0x00, 0xeb, 0xaf, 0x8d, 0x80, 0x00, 0x00,
    0x00, 0x00, 0x8d, 0x92, 0x00, 0x00, 0x00, 0x00, 0x51, 0x52, 0x89, 0xc2,
    0x8b, 0x08, 0x8d, 0x41, 0x0b, 0x24, 0xf8, 0x39, 0xc8, 0x72, 0x25, 0x89,
    0xc1, 0x83, 0xc0, 0x40, 0x39, 0xc8, 0x72, 0x1c, 0x8b, 0x0d, 0x38, 0x05,
    0x03, 0x00, 0x39, 0xc8, 0x73, 0x04, 0x89, 0xc8, 0x24, 0xfe, 0x89, 0xc1,
    0x05, 0xff, 0xff, 0x00, 0x00, 0x66, 0x31, 0xc0, 0x39, 0xc8, 0x73, 0x05,
    0x31, 0xc0, 0x5a, 0x59, 0xc3, 0x89, 0x02, 0x85, 0xc0, 0x0f, 0x95, 0xc0,
    0x25, 0xff, 0x00, 0x00, 0x00, 0x5a, 0x59, 0xc3, 0x8d, 0x80, 0x00, 0x00,
    0x00, 0x00, 0x8b, 0xd2, 0x53, 0x51, 0x52, 0x83, 0xec, 0x04, 0x89, 0xc2,
    0xb8, 0x13, 0x00, 0x00, 0x00, 0x31, 0xdb, 0x80, 0x3d, 0x24, 0x05, 0x03,
    0x00, 0x00, 0x74, 0x0e, 0x80, 0x3d, 0xc8, 0x04, 0x03, 0x00, 0x00, 0x74,
    0x05, 0xb8, 0x13, 0x04, 0x00, 0x00, 0x50, 0x8b, 0x02, 0x50, 0x8d, 0x44,
    0x24, 0x08, 0x50, 0xe8, 0x00, 0x00, 0x00, 0x00, 0x83, 0xc4, 0x0c, 0x85,
    0xc0, 0x75, 0x03, 0x8b, 0x1c, 0x24, 0x89, 0xd8, 0x83, 0xc4, 0x04, 0x5a,
    0x59, 0x5b, 0xc3, 0x8d, 0x80, 0x00, 0x00, 0x00, 0x00, 0x8d, 0x52, 0x00,
    0x51, 0x52, 0x83, 0xec, 0x04, 0x89, 0x04, 0x24, 0xe8, 0x53, 0x05, 0x00,
    0x00, 0x89, 0xe0, 0xe8, 0x9c, 0xff, 0xff, 0xff, 0x89, 0xc1, 0x89, 0xc2,
    0x85, 0xc0, 0x74, 0x4c, 0x8b, 0x04, 0x24, 0x83, 0xc1, 0x2c, 0x83, 0xe8,
    0x04, 0x89, 0x41, 0xd4, 0x80, 0x3d, 0x24, 0x05, 0x03, 0x00, 0x00, 0x74,
    0x3d, 0x80, 0x3d, 0xc8, 0x04, 0x03, 0x00, 0x00, 0x74, 0x34, 0xb8, 0x01,
    0x00, 0x00, 0x00, 0x83, 0xe0, 0x01, 0x80, 0x21, 0xfe, 0x09, 0x01, 0x89,
    0xd0, 0xe8, 0x92, 0xfe, 0xff, 0xff, 0x80, 0x08, 0x01, 0xc7, 0x42, 0x14,
    0x00, 0x00, 0x00, 0x00, 0x83, 0xc0, 0x04, 0xff, 0x42, 0x18, 0xe8, 0x0d,
    0xda, 0xff, 0xff, 0xb8, 0x01, 0x00, 0x00, 0x00, 0x83, 0xc4, 0x04, 0x5a,
    0x59, 0xc3, 0x31, 0xc0, 0xeb, 0xcd, 0x8d, 0x80, 0x00, 0x00, 0x00, 0x00,
    0x8d, 0x92, 0x00, 0x00, 0x00, 0x00, 0x8b, 0xc0, 0x83, 0xec, 0x04, 0x89,
    0x04, 0x24, 0xa1, 0x3c, 0x05, 0x03, 0x00, 0x85, 0xc0, 0x74, 0x0b, 0x83,
    0x3d, 0xd0, 0x04, 0x03, 0x00, 0xfe, 0x75, 0x06, 0x31, 0xc0, 0x83, 0xc4,
    0x04, 0xc3, 0x89, 0xe0, 0xe8, 0xbb, 0xfe, 0xff, 0xff, 0x85, 0xc0, 0x74,
    0xf1, 0x8b, 0x04, 0x24, 0xe8, 0x4f, 0xff, 0xff, 0xff, 0x83, 0xc4, 0x04,
    0xc3, 0x8d, 0x80, 0x00, 0x00, 0x00, 0x00, 0x8d, 0x52, 0x00, 0x8b, 0xdb,
    0x51, 0x52, 0x83, 0xec, 0x04, 0x68, 0x11, 0x04, 0x00, 0x00, 0x6a, 0x01,
    0x8d, 0x44, 0x24, 0x08, 0x50, 0xc6, 0x05, 0x24, 0x05, 0x03, 0x00, 0x01,
    0xe8, 0x00, 0x00, 0x00, 0x00, 0x83, 0xc4, 0x0c, 0x83, 0xf8, 0x57, 0x74,
    0x0a, 0x85, 0xc0, 0x74, 0x0f, 0x83, 0xc4, 0x04, 0x5a, 0x59, 0xc3, 0xc6,
    0x05, 0x24, 0x05, 0x03, 0x00, 0x00, 0xeb, 0xf1, 0x8b, 0x04, 0x24, 0x50,
    0xe8, 0x00, 0x00, 0x00, 0x00, 0x83, 0xc4, 0x04, 0x83, 0xc4, 0x04, 0x5a,
    0x59, 0xc3, 0x00, 0x00, 0x00, 0x00, 0x00, 0x00, 0x31, 0xc0, 0xc3, 0x00,
    0x00, 0x00, 0x00, 0x00, 0x00, 0x00, 0x00, 0x00, 0x00, 0x00, 0x00, 0x00,
    0x0b, 0xc9, 0x74, 0x2f, 0x38, 0x10, 0xa8, 0x03, 0x74, 0x09, 0x88, 0x10,
    0x40, 0xc1, 0xca, 0x08, 0x49, 0x75, 0xf3, 0x51, 0xc1, 0xe9, 0x02, 0xe8,
    0x1e, 0x00, 0x00, 0x00, 0x59, 0x83, 0xe1, 0x03, 0x74, 0x11, 0x88, 0x10,
    0x49, 0x74, 0x0c, 0x88, 0x70, 0x01, 0x49, 0x74, 0x06, 0xc1, 0xca, 0x08,
    0x88, 0x70, 0x02, 0xc3, 0x90, 0x90, 0x90, 0x90, 0x90, 0x90, 0x0b, 0xc9,
    0x74, 0x67, 0xa8, 0x1f, 0x74, 0x08, 0x89, 0x10, 0x8d, 0x40, 0x04, 0x49,
    0x75, 0xf4, 0x51, 0xc1, 0xe9, 0x02, 0x74, 0x3a, 0x49, 0x74, 0x29, 0x89,
    0x10, 0x89, 0x50, 0x04, 0x49, 0x89, 0x50, 0x08, 0x89, 0x50, 0x0c, 0x74,
    0x18, 0x38, 0x50, 0x20, 0x89, 0x50, 0x10, 0x89, 0x50, 0x14, 0x49, 0x89,
    0x50, 0x18, 0x89, 0x50, 0x1c, 0x8d, 0x40, 0x20, 0x75, 0xdd, 0x8d, 0x40,
    0xf0, 0x8d, 0x40, 0x10, 0x89, 0x10, 0x89, 0x50, 0x04, 0x89, 0x50, 0x08,
    0x89, 0x50, 0x0c, 0x8d, 0x40, 0x10, 0x59, 0x83, 0xe1, 0x03, 0x74, 0x15,
    0x89, 0x10, 0x8d, 0x40, 0x04, 0x49, 0x74, 0x0d, 0x89, 0x10, 0x8d, 0x40,
    0x04, 0x49, 0x74, 0x05, 0x89, 0x10, 0x8d, 0x40, 0x04, 0xc3, 0x00, 0x00,
    0x00, 0x00, 0x00, 0x00, 0x00, 0x00, 0x00, 0x00, 0x54, 0x6a, 0x00, 0x68,
    0x28, 0x00, 0x00, 0x00, 0xe8, 0x0a, 0x04, 0x00, 0x00, 0x51, 0x52, 0x56,
    0x83, 0xec, 0x14, 0xa1, 0xfc, 0x04, 0x03, 0x00, 0x85, 0xc0, 0x75, 0x19,
    0xa1, 0x00, 0x05, 0x03, 0x00, 0x85, 0xc0, 0x74, 0x1a, 0x31, 0xd2, 0x89,
    0x15, 0x00, 0x05, 0x03, 0x00, 0x83, 0xc4, 0x14, 0x5e, 0x5a, 0x59, 0x5c,
    0xc3, 0x31, 0xc9, 0x89, 0x0d, 0xfc, 0x04, 0x03, 0x00, 0xeb, 0xee, 0x89,
    0xe0, 0xb9, 0x08, 0x00, 0x00, 0x00, 0xe8, 0xe6, 0x05, 0x00, 0x00, 0x89,
    0x44, 0x24, 0x10, 0x31, 0xc0, 0x8d, 0x74, 0x24, 0x0c, 0x66, 0x89, 0x44,
    0x24, 0x0e, 0x66, 0x89, 0x44, 0x24, 0x0c, 0xb8, 0x00, 0x00, 0x00, 0x00,
    0xe8, 0xfd, 0x03, 0x00, 0x00, 0x25, 0xff, 0xff, 0x00, 0x00, 0x3d, 0xd0,
    0x01, 0x00, 0x00, 0x74, 0x1f, 0x8a, 0x04, 0x24, 0x84, 0xc0, 0x75, 0x25,
    0x31, 0xc0, 0x8a, 0x44, 0x24, 0x01, 0xa3, 0x00, 0x05, 0x03, 0x00, 0x31,
    0xc0, 0x8a, 0x04, 0x24, 0x83, 0xc4, 0x14, 0x5e, 0x5a, 0x59, 0x5c, 0xc3,
    0xb8, 0xff, 0xff, 0xff, 0xff, 0x83, 0xc4, 0x14, 0x5e, 0x5a, 0x59, 0x5c,
    0xc3, 0x3c, 0xe0, 0x74, 0xd7, 0x31, 0xc0, 0x8a, 0x04, 0x24, 0x83, 0xc4,
    0x14, 0x5e, 0x5a, 0x59, 0x5c, 0xc3, 0x00, 0x00, 0x00, 0x00, 0x00, 0x00,
    0x00, 0x00, 0x00, 0x00, 0x00, 0x00, 0x00, 0x00, 0x54, 0x6a, 0x00, 0x68,
    0x24, 0x00, 0x00, 0x00, 0xe8, 0x4a, 0x03, 0x00, 0x00, 0x53, 0x51, 0x52,
    0x56, 0x83, 0xec, 0x0c, 0x89, 0xc2, 0xb9, 0x08, 0x00, 0x00, 0x00, 0x89,
    0xe6, 0x88, 0x44, 0x24, 0x08, 0x8d, 0x44, 0x24, 0x08, 0x31, 0xdb, 0xe8,
    0x45, 0x05, 0x00, 0x00, 0x66, 0xc7, 0x44, 0x24, 0x02, 0x01, 0x00, 0x89,
    0x44, 0x24, 0x04, 0xb8, 0x00, 0x00, 0x00, 0x00, 0x66, 0x89, 0x1c, 0x24,
    0xe8, 0x61, 0x03, 0x00, 0x00, 0x89, 0xd0, 0x83, 0xc4, 0x0c, 0x5e, 0x5a,
    0x59, 0x5b, 0x5c, 0xc3, 0xc3, 0x89, 0xc1, 0xff, 0x15, 0x28, 0x05, 0x03,
    0x00, 0x83, 0x3d, 0xb4, 0x05, 0x03, 0x00, 0x00, 0x74, 0x2c, 0x83, 0x3d,
    0x40, 0x03, 0x03, 0x00, 0x00, 0x74, 0x10, 0xba, 0xff, 0x00, 0x00, 0x00,
    0xb8, 0x10, 0x00, 0x00, 0x00, 0xff, 0x15, 0x40, 0x03, 0x03, 0x00, 0xff,
    0x15, 0x28, 0x05, 0x03, 0x00, 0xff, 0x15, 0x2c, 0x05, 0x03, 0x00, 0x89,
    0xc8, 0xe9, 0x9e, 0xd6, 0xff, 0xff, 0xba, 0xff, 0x00, 0x00, 0x00, 0xb8,
    0x10, 0x00, 0x00, 0x00, 0xe8, 0x03, 0xf3, 0xff, 0xff, 0xeb, 0xdc, 0x89,
    0xc2, 0xff, 0x15, 0x28, 0x05, 0x03, 0x00, 0xff, 0x15, 0x2c, 0x05, 0x03,
    0x00, 0x89, 0xd0, 0xe9, 0x78, 0xd6, 0xff, 0xff, 0x00, 0x00, 0x00, 0x00,
    0x00, 0x00, 0x00, 0x00, 0x00, 0x00, 0x00, 0x00, 0x80, 0x3d, 0x30, 0x05,
    0x03, 0x00, 0x00, 0x75, 0x03, 0x31, 0xc0, 0xc3, 0x81, 0xe2, 0xff, 0xff,
    0x00, 0x00, 0x52, 0x50, 0xcc, 0xeb, 0x06, 0x57, 0x56, 0x49, 0x44, 0x45,
    0x4f, 0xb8, 0x01, 0x00, 0x00, 0x00, 0x83, 0xc4, 0x08, 0xc3, 0x00, 0x00,
    0x00, 0x00, 0x00, 0x00, 0x00, 0x00, 0x00, 0x00, 0x30, 0x31, 0x32, 0x33,
    0x34, 0x35, 0x36, 0x37, 0x38, 0x39, 0x61, 0x62, 0x63, 0x64, 0x65, 0x66,
    0x67, 0x68, 0x69, 0x6a, 0x6b, 0x6c, 0x6d, 0x6e, 0x6f, 0x70, 0x71, 0x72,
    0x73, 0x74, 0x75, 0x76, 0x77, 0x78, 0x79, 0x7a, 0x00, 0x53, 0x52, 0xbb,
    0x01, 0x01, 0x00, 0x00, 0x31, 0xc0, 0x31, 0xd2, 0xa3, 0x40, 0x05, 0x03,
    0x00, 0xa3, 0x34, 0x05, 0x03, 0x00, 0xb8, 0xd8, 0x06, 0x03, 0x00, 0xe8,
    0xdc, 0xf1, 0xff, 0xff, 0x5a, 0x5b, 0xc3, 0x53, 0x51, 0x52, 0x89, 0xc1,
    0x66, 0x83, 0x38, 0x00, 0x74, 0x35, 0xc7, 0x05, 0x40, 0x05, 0x03, 0x00,
    0x01, 0x00, 0x00, 0x00, 0x66, 0x8b, 0x01, 0x66, 0x85, 0xc0, 0x74, 0x23,
    0x0f, 0xb7, 0xd8, 0xc1, 0xfb, 0x08, 0x0f, 0xb6, 0xc0, 0x0f, 0xb6, 0xdb,
    0xba, 0x01, 0x00, 0x00, 0x00, 0x29, 0xc3, 0x05, 0xd8, 0x06, 0x03, 0x00,
    0x43, 0x40, 0x41, 0x41, 0xe8, 0x9b, 0xf1, 0xff, 0xff, 0xeb, 0xd5, 0x5a,
    0x59, 0x5b, 0xc3, 0x53, 0x51, 0x52, 0xc8, 0x38, 0x00, 0x00, 0x89, 0xc3,
    0xe8, 0x8c, 0xff, 0xff, 0xff, 0x83, 0xfb, 0xff, 0x75, 0x04, 0x31, 0xdb,
    0xeb, 0x51, 0x83, 0xfb, 0xfe, 0x74, 0xf7, 0x83, 0xfb, 0xfd, 0x0f, 0x84,
    0x9d, 0x00, 0x00, 0x00, 0x83, 0xfb, 0xfc, 0x75, 0x3e, 0xbb, 0x1f, 0x00,
    0x00, 0x00, 0xba, 0x01, 0x00, 0x00, 0x00, 0xb8, 0x5a, 0x07, 0x03, 0x00,
    0xe8, 0x57, 0xf1, 0xff, 0xff, 0xbb, 0x1d, 0x00, 0x00, 0x00, 0xba, 0x01,
    0x00, 0x00, 0x00, 0xb8, 0xb9, 0x07, 0x03, 0x00, 0xe8, 0x43, 0xf1, 0xff,
    0xff, 0xc7, 0x05, 0x40, 0x05, 0x03, 0x00, 0x01, 0x00, 0x00, 0x00, 0xc7,
    0x05, 0x34, 0x05, 0x03, 0x00, 0xa4, 0x03, 0x00, 0x00, 0xeb, 0x5a, 0x31,
    0xc0, 0x89, 0x45, 0xf4, 0x8d, 0x45, 0xe8, 0x50, 0x8d, 0x45, 0xf4, 0x50,
    0x6a, 0x0c, 0x89, 0x5d, 0xf8, 0xe8, 0x00, 0x00, 0x00, 0x00, 0x83, 0xc4,
    0x0c, 0x85, 0xc0, 0x74, 0x0a, 0xb8, 0x01, 0x00, 0x00, 0x00, 0xc9, 0x5a,
    0x59, 0x5b, 0xc3, 0x8d, 0x45, 0xe8, 0xe8, 0x24, 0xff, 0xff, 0xff, 0x85,
    0xdb, 0x75, 0x20, 0x8d, 0x45, 0xfc, 0x50, 0x8d, 0x45, 0xc8, 0x50, 0x6a,
    0x20, 0xe8, 0x00, 0x00, 0x00, 0x00, 0x83, 0xc4, 0x0c, 0x85, 0xc0, 0x75,
    0x0a, 0x8b, 0x45, 0xc8, 0xa3, 0x34, 0x05, 0x03, 0x00, 0xeb, 0x06, 0x89,
    0x1d, 0x34, 0x05, 0x03, 0x00, 0x31, 0xc0, 0xc9, 0x5a, 0x59, 0x5b, 0xc3,
    0x00, 0x00, 0x00, 0x00, 0x00, 0x00, 0x00, 0x00, 0x00, 0x00, 0x00, 0x00,
    0x83, 0xe8, 0x04, 0x8b, 0x00, 0x24, 0xfe, 0x83, 0xe8, 0x04, 0xc3, 0x00,
    0x00, 0x00, 0x00, 0x00, 0x53, 0x51, 0x83, 0xec, 0x04, 0x89, 0xc1, 0xff,
    0x15, 0x1c, 0x03, 0x03, 0x00, 0x89, 0xe3, 0x89, 0xc8, 0xe8, 0x1a, 0x03,
    0x00, 0x00, 0x85, 0xc0, 0x74, 0x02, 0x31, 0xc9, 0xff, 0x15, 0x24, 0x03,
    0x03, 0x00, 0x89, 0xc8, 0x83, 0xc4, 0x04, 0x59, 0x5b, 0xc3, 0x00, 0x00,
    0x00, 0x00, 0x00, 0x00, 0x52, 0xff, 0x15, 0x1c, 0x03, 0x03, 0x00, 0xe8,
    0x34, 0x00, 0x00, 0x00, 0x89, 0xc2, 0xff, 0x15, 0x24, 0x03, 0x03, 0x00,
    0x89, 0xd0, 0x5a, 0xc3, 0x8d, 0x80, 0x00, 0x00, 0x00, 0x00, 0x8b, 0xd2,
    0x51, 0x52, 0x50, 0xe8, 0x00, 0x00, 0x00, 0x00, 0x83, 0xc4, 0x04, 0x85,
    0xc0, 0x0f, 0x94, 0xc0, 0x25, 0xff, 0x00, 0x00, 0x00, 0x48, 0x5a, 0x59,
    0xc3, 0x8d, 0x80, 0x00, 0x00, 0x00, 0x00, 0x90, 0x53, 0x51, 0x52, 0x56,
    0x8b, 0x0d, 0xbc, 0x04, 0x03, 0x00, 0x85, 0xc9, 0x74, 0x15, 0x8b, 0x11,
    0x8b, 0x41, 0x24, 0x83, 0xea, 0x30, 0x8b, 0x71, 0x08, 0x3b, 0x10, 0x74,
    0x0d, 0x89, 0xf1, 0x85, 0xf6, 0x75, 0xeb, 0x31, 0xc0, 0x5e, 0x5a, 0x59,
    0x5b, 0xc3, 0x89, 0xc8, 0x8b, 0x51, 0x04, 0xe8, 0xac, 0xff, 0xff, 0xff,
    0x85, 0xc0, 0x75, 0xe5, 0x89, 0xf3, 0x89, 0xc8, 0xe8, 0xbf, 0x03, 0x00,
    0x00, 0x89, 0xf1, 0x85, 0xf6, 0x75, 0xc7, 0x31, 0xc0, 0x5e, 0x5a, 0x59,
    0x5b, 0xc3, 0x00, 0x00, 0x51, 0x52, 0x89, 0xc1, 0xff, 0x15, 0x1c, 0x03,
    0x03, 0x00, 0x8b, 0x15, 0x3c, 0x05, 0x03, 0x00, 0x89, 0x0d, 0x3c, 0x05,
    0x03, 0x00, 0xff, 0x15, 0x24, 0x03, 0x03, 0x00, 0x89, 0xd0, 0x5a, 0x59,
    0xc3, 0x00, 0x50, 0x8b, 0x44, 0x24, 0x08, 0x03, 0x44, 0x24, 0x0c, 0x05,
    0x00, 0x20, 0x00, 0x00, 0x50, 0xe8, 0xdb, 0x03, 0x00, 0x00, 0x58, 0x50,
    0x53, 0x51, 0x56, 0x57, 0x8d, 0x7c, 0x24, 0x24, 0x8b, 0x47, 0xf8, 0x8b,
    0x5f, 0xf4, 0x81, 0xc3, 0x00, 0x20, 0x00, 0x00, 0x8d, 0x34, 0x07, 0x8b,
    0xce, 0x66, 0x2b, 0xcb, 0x73, 0x28, 0x66, 0x33, 0xff, 0x8b, 0xf4, 0x8d,
    0x48, 0x28, 0x2b, 0xf9, 0x83, 0xec, 0x04, 0x66, 0x81, 0xe4, 0x00, 0xf0,
    0x3b, 0xe7, 0x76, 0x0b, 0x89, 0x04, 0x24, 0x81, 0xec, 0x00, 0x10, 0x00,
    0x00, 0xeb, 0xf1, 0x8b, 0xe7, 0xc1, 0xe9, 0x02, 0xf3, 0xa5, 0x5f, 0x5e,
    0x59, 0x5b, 0x58, 0xc2, 0x08, 0x00, 0x55, 0x57, 0x53, 0x52, 0x06, 0x1e,
    0x8b, 0xec, 0x16, 0x55, 0x50, 0x83, 0xc1, 0x03, 0x80, 0xe1, 0xfc, 0x33,
    0xed, 0x66, 0x8b, 0xe9, 0x2b, 0xe1, 0x8b, 0xfc, 0xd1, 0xe9, 0xf3, 0x66,
    0xa5, 0x8b, 0xc4, 0xe8, 0x00, 0x00, 0x00, 0x00, 0x50, 0x66, 0x03, 0xe8,
    0x66, 0x0f, 0xb2, 0x24, 0x24, 0x66, 0xea, 0x00, 0x00, 0x00, 0x00, 0x0f,
    0xb2, 0x65, 0x04, 0xc1, 0xc0, 0x10, 0x66, 0x8b, 0xc2, 0xc1, 0xc0, 0x10,
    0x1f, 0x07, 0x5a, 0x5b, 0x5f, 0x5d, 0xc3, 0x55, 0x57, 0x53, 0x52, 0x06,
    0x1e, 0x8b, 0xec, 0x16, 0x55, 0xe8, 0x00, 0x00, 0x00, 0x00, 0x50, 0x83,
    0xc1, 0x03, 0x80, 0xe1, 0xfc, 0x33, 0xed, 0x66, 0x8b, 0xe9, 0x2b, 0xe1,
    0x8b, 0xfc, 0xd1, 0xe9, 0xf3, 0x66, 0xa5, 0x8b, 0xc4, 0xe8, 0x00, 0x00,
    0x00, 0x00, 0x50, 0x66, 0x03, 0xe8, 0x66, 0x0f, 0xb2, 0x24, 0x24, 0x66,
    0xea, 0x34, 0x00, 0x00, 0x00, 0x0f, 0xb2, 0x65, 0x04, 0xc1, 0xc0, 0x10,
    0x66, 0x8b, 0xc2, 0xc1, 0xc0, 0x10, 0x1f, 0x07, 0x5a, 0x5b, 0x5f, 0x5d,
    0xc3, 0x55, 0x57, 0x53, 0x52, 0x06, 0x1e, 0x8b, 0xec, 0x16, 0x55, 0x50,
    0x83, 0xc1, 0x03, 0x80, 0xe1, 0xfc, 0x33, 0xed, 0x66, 0x8b, 0xe9, 0x2b,
    0xe1, 0x8b, 0xfc, 0xd1, 0xe9, 0xf3, 0x66, 0xa5, 0x8b, 0xc4, 0xe8, 0x00,
    0x00, 0x00, 0x00, 0x50, 0x66, 0x03, 0xe8, 0x8b, 0xc3, 0xe8, 0x00, 0x00,
    0x00, 0x00, 0x66, 0x0f, 0xb2, 0x24, 0x24, 0x66, 0xea, 0x22, 0x00, 0x00,
    0x00, 0x0f, 0xb2, 0x65, 0x04, 0x1f, 0x07, 0x5a, 0x5b, 0x5f, 0x5d, 0xc3,
    0x55, 0x57, 0x53, 0x52, 0x06, 0x1e, 0x8b, 0xec, 0x16, 0x55, 0xe8, 0x00,
    0x00, 0x00, 0x00, 0x50, 0x83, 0xc1, 0x03, 0x80, 0xe1, 0xfc, 0x33, 0xed,
    0x66, 0x8b, 0xe9, 0x2b, 0xe1, 0x8b, 0xfc, 0xd1, 0xe9, 0xf3, 0x66, 0xa5,
    0x8b, 0xc4, 0xe8, 0x00, 0x00, 0x00, 0x00, 0x50, 0x66, 0x03, 0xe8, 0x8b,
    0xc3, 0xe8, 0x00, 0x00, 0x00, 0x00, 0x66, 0x0f, 0xb2, 0x24, 0x24, 0x66,
    0xea, 0x56, 0x00, 0x00, 0x00, 0x0f, 0xb2, 0x65, 0x04, 0x1f, 0x07, 0x5a,
    0x5b, 0x5f, 0x5d, 0xc3, 0x55, 0x57, 0x53, 0x52, 0x06, 0x1e, 0x8b, 0xec,
    0x16, 0x55, 0x50, 0x83, 0xc1, 0x03, 0x80, 0xe1, 0xfc, 0x33, 0xed, 0x66,
    0x8b, 0xe9, 0x2b, 0xe1, 0x8b, 0xfc, 0xd1, 0xe9, 0xf3, 0x66, 0xa5, 0x8b,
    0xc4, 0xe8, 0x00, 0x00, 0x00, 0x00, 0x50, 0x66, 0x03, 0xe8, 0x66, 0x0f,
    0xb2, 0x24, 0x24, 0x66, 0xea, 0x11, 0x00, 0x00, 0x00, 0x0f, 0xb2, 0x65,
    0x04, 0xc1, 0xc0, 0x10, 0x66, 0x8c, 0xd8, 0xc1, 0xc0, 0x10, 0x1f, 0x07,
    0x5a, 0x5b, 0x5f, 0x5d, 0xe8, 0x00, 0x00, 0x00, 0x00, 0xc3, 0x55, 0x57,
    0x53, 0x52, 0x06, 0x1e, 0x8b, 0xec, 0x16, 0x55, 0xe8, 0x00, 0x00, 0x00,
    0x00, 0x50, 0x83, 0xc1, 0x03, 0x80, 0xe1, 0xfc, 0x33, 0xed, 0x66, 0x8b,
    0xe9, 0x2b, 0xe1, 0x8b, 0xfc, 0xd1, 0xe9, 0xf3, 0x66, 0xa5, 0x8b, 0xc4,
    0xe8, 0x00, 0x00, 0x00, 0x00, 0x50, 0x66, 0x03, 0xe8, 0x66, 0x0f, 0xb2,
    0x24, 0x24, 0x66, 0xea, 0x45, 0x00, 0x00, 0x00, 0x0f, 0xb2, 0x65, 0x04,
    0xc1, 0xc0, 0x10, 0x66, 0x8c, 0xd8, 0xc1, 0xc0, 0x10, 0x1f, 0x07, 0x5a,
    0x5b, 0x5f, 0x5d, 0xe8, 0x00, 0x00, 0x00, 0x00, 0xc3, 0x0b, 0xc0, 0x0f,
    0x85, 0x00, 0x00, 0x00, 0x00, 0xc3, 0x0b, 0xc0, 0x0f, 0x85, 0x00, 0x00,
    0x00, 0x00, 0xc3, 0x00, 0x00, 0x00, 0x00, 0x00, 0x00, 0x00, 0x00, 0x00,
    0x00, 0x00, 0x00, 0x00, 0x51, 0x56, 0x57, 0x55, 0x83, 0xec, 0x04, 0x89,
    0xc1, 0x89, 0xdf, 0x8d, 0x42, 0x0b, 0x24, 0xf8, 0x39, 0xd0, 0x0f, 0x83,
    0x85, 0x00, 0x00, 0x00, 0xb8, 0xff, 0xff, 0xff, 0xff, 0x8d, 0x51, 0xfc,
    0x8b, 0x0a, 0x80, 0xe1, 0xfe, 0x39, 0xc8, 0x0f, 0x86, 0xc5, 0x00, 0x00,
    0x00, 0x29, 0xc8, 0x8d, 0x1c, 0x0a, 0x89, 0x07, 0x83, 0x3b, 0xff, 0x74,
    0x57, 0xf6, 0x03, 0x01, 0x0f, 0x85, 0xa3, 0x00, 0x00, 0x00, 0x8b, 0x43,
    0x04, 0x89, 0x04, 0x24, 0xa1, 0xbc, 0x04, 0x03, 0x00, 0x8b, 0x33, 0x8b,
    0x6b, 0x08, 0x83, 0x78, 0x08, 0x00, 0x74, 0x0c, 0x39, 0xd0, 0x77, 0x54,
    0x8b, 0x08, 0x01, 0xc1, 0x39, 0xca, 0x73, 0x4c, 0x8b, 0x48, 0x0c, 0x39,
    0xcb, 0x75, 0x06, 0x8b, 0x49, 0x04, 0x89, 0x48, 0x0c, 0x3b, 0x37, 0x73,
    0x46, 0x8b, 0x0c, 0x24, 0x89, 0x69, 0x08, 0x89, 0x4d, 0x04, 0x01, 0x32,
    0xff, 0x48, 0x1c, 0x3b, 0x37, 0x73, 0x54, 0x01, 0xf3, 0x29, 0x37, 0x83,
    0x3b, 0xff, 0x75, 0xa9, 0xb8, 0x02, 0x00, 0x00, 0x00, 0x83, 0xc4, 0x04,
    0x5d, 0x5f, 0x5e, 0x59, 0xc3, 0x83, 0xf8, 0x10, 0x0f, 0x83, 0x77, 0xff,
    0xff, 0xff, 0xb8, 0x10, 0x00, 0x00, 0x00, 0xe9, 0x6d, 0xff, 0xff, 0xff,
    0x8b, 0x40, 0x08, 0x83, 0x78, 0x08, 0x00, 0x75, 0x9f, 0xeb, 0xa9, 0x89,
    0xf1, 0x2b, 0x0f, 0x83, 0xf9, 0x10, 0x72, 0xb1, 0x03, 0x1f, 0x8b, 0x04,
    0x24, 0x89, 0x0b, 0x89, 0x43, 0x04, 0x89, 0x6b, 0x08, 0x89, 0x58, 0x08,
    0x89, 0x5d, 0x04, 0x8b, 0x07, 0x01, 0x02, 0x31, 0xc0, 0x83, 0xc4, 0x04,
    0x5d, 0x5f, 0x5e, 0x59, 0xc3, 0xb8, 0x01, 0x00, 0x00, 0x00, 0x83, 0xc4,
    0x04, 0x5d, 0x5f, 0x5e, 0x59, 0xc3, 0x29, 0xc1, 0x83, 0xf9, 0x10, 0x72,
    0x31, 0x89, 0xc3, 0x80, 0xcb, 0x01, 0x89, 0x1a, 0x8d, 0x1c, 0x02, 0x80,
    0xc9, 0x01, 0xa1, 0xbc, 0x04, 0x03, 0x00, 0x89, 0x0b, 0x83, 0x78, 0x08,
    0x00, 0x74, 0x0c, 0x39, 0xd0, 0x77, 0x1d, 0x8b, 0x08, 0x01, 0xc1, 0x39,
    0xca, 0x73, 0x15, 0xff, 0x40, 0x18, 0x8d, 0x43, 0x04, 0xe8, 0x26, 0xd1,
    0xff, 0xff, 0x31, 0xc0, 0x83, 0xc4, 0x04, 0x5d, 0x5f, 0x5e, 0x59, 0xc3,
    0x8b, 0x40, 0x08, 0x83, 0x78, 0x08, 0x00, 0x75, 0xd6, 0xeb, 0xe0, 0x00,
    0x51, 0x55, 0x3b, 0x05, 0xbc, 0x04, 0x03, 0x00, 0x74, 0x43, 0x3b, 0x05,
    0xc0, 0x04, 0x03, 0x00, 0x75, 0x1c, 0x89, 0x15, 0xc0, 0x04, 0x03, 0x00,
    0x85, 0xd2, 0x75, 0x12, 0x8b, 0x0d, 0xbc, 0x04, 0x03, 0x00, 0x89, 0x15,
    0xc4, 0x04, 0x03, 0x00, 0x89, 0x0d, 0xc0, 0x04, 0x03, 0x00, 0x8b, 0x2d,
    0xbc, 0x05, 0x03, 0x00, 0x39, 0xe8, 0x75, 0x07, 0x31, 0xe8, 0xa3, 0xbc,
    0x05, 0x03, 0x00, 0x85, 0xd2, 0x74, 0x03, 0x89, 0x5a, 0x08, 0x85, 0xdb,
    0x75, 0x0b, 0x5d, 0x59, 0xc3, 0x89, 0x1d, 0xbc, 0x04, 0x03, 0x00, 0xeb,
    0xb5, 0x89, 0x53, 0x04, 0x5d, 0x59, 0xc3, 0x00, 0xc3, 0x87, 0x04, 0x24,
    0x50, 0x50, 0x8b, 0x44, 0x24, 0x08, 0x50, 0x3b, 0xc4, 0x73, 0x1d, 0x2b,
    0xc4, 0xf7, 0xd8, 0x56, 0x50, 0xff, 0x15, 0x48, 0x03, 0x03, 0x00, 0x8b,
    0xf0, 0x58, 0x3b, 0x06, 0x5e, 0x76, 0x09, 0xe8, 0x15, 0x00, 0x00, 0x00,
    0x58, 0xc2, 0x04, 0x00, 0x58, 0x58, 0xb8, 0x44, 0x05, 0x03, 0x00, 0xba,
    0x01, 0x00, 0x00, 0x00, 0xe9, 0xd7, 0xf0, 0xff, 0xff, 0x50, 0x53, 0x8b,
    0x44, 0x24, 0x0c, 0xbb, 0xfc, 0xff, 0xff, 0xff, 0x89, 0x1c, 0x1c, 0x81,
    0xeb, 0x00, 0x10, 0x00, 0x00, 0x2d, 0x00, 0x10, 0x00, 0x00, 0x7f, 0xf0,
    0x5b, 0x58, 0xc2, 0x04, 0x00, 0x00, 0x00, 0x00, 0x00, 0x00, 0x00, 0x00,
    0x81, 0x05, 0x3c, 0x03, 0x03, 0x00, 0x00, 0x20, 0x00, 0x00, 0xc3, 0x01,
    0x01, 0x01, 0x00, 0x61, 0x72, 0x67, 0x63, 0x20, 0x3d, 0x20, 0x25, 0x64,
    0x0a, 0x00, 0x61, 0x72, 0x67, 0x76, 0x5b, 0x25, 0x64, 0x5d, 0x20, 0x3d,
    0x20, 0x22, 0x25, 0x73, 0x22, 0x0a, 0x00, 0x77, 0x00, 0x74, 0x65, 0x73,
    0x74, 0x2e, 0x74, 0x78, 0x74, 0x00, 0x66, 0x6f, 0x70, 0x65, 0x6e, 0x20,
    0x66, 0x6f, 0x72, 0x20, 0x77, 0x72, 0x69, 0x74, 0x65, 0x20, 0x46, 0x41,
    0x49, 0x4c, 0x45, 0x44, 0x0a, 0x00, 0x57, 0x72, 0x69, 0x74, 0x74, 0x65,
    0x6e, 0x20, 0x74, 0x68, 0x72, 0x6f, 0x75, 0x67, 0x68, 0x20, 0x66, 0x6f,
    0x70, 0x65, 0x6e, 0x2f, 0x66, 0x70, 0x72, 0x69, 0x6e, 0x74, 0x66, 0x20,
    0x6f, 0x6e, 0x20, 0x4f, 0x53, 0x54, 0x77, 0x6f, 0x2e, 0x0a, 0x00, 0x61,
    0x72, 0x67, 0x63, 0x20, 0x77, 0x61, 0x73, 0x20, 0x25, 0x64, 0x2e, 0x0a,
    0x00, 0x57, 0x72, 0x6f, 0x74, 0x65, 0x20, 0x74, 0x65, 0x73, 0x74, 0x2e,
    0x74, 0x78, 0x74, 0x20, 0x76, 0x69, 0x61, 0x20, 0x74, 0x68, 0x65, 0x20,
    0x4f, 0x53, 0x2f, 0x32, 0x20, 0x66, 0x69, 0x6c, 0x65, 0x20, 0x41, 0x50,
    0x49, 0x2e, 0x0a, 0x00, 0x72, 0x00, 0x66, 0x6f, 0x70, 0x65, 0x6e, 0x20,
    0x66, 0x6f, 0x72, 0x20, 0x72, 0x65, 0x61, 0x64, 0x20, 0x46, 0x41, 0x49,
    0x4c, 0x45, 0x44, 0x0a, 0x00, 0x72, 0x65, 0x61, 0x64, 0x20, 0x62, 0x61,
    0x63, 0x6b, 0x3a, 0x20, 0x25, 0x73, 0x00, 0x46, 0x69, 0x6c, 0x65, 0x20,
    0x49, 0x2f, 0x4f, 0x20, 0x74, 0x68, 0x72, 0x6f, 0x75, 0x67, 0x68, 0x20,
    0x44, 0x6f, 0x73, 0x4f, 0x70, 0x65, 0x6e, 0x2f, 0x44, 0x6f, 0x73, 0x52,
    0x65, 0x61, 0x64, 0x2f, 0x44, 0x6f, 0x73, 0x57, 0x72, 0x69, 0x74, 0x65,
    0x20, 0x77, 0x6f, 0x72, 0x6b, 0x73, 0x21, 0x0a, 0x00, 0x00, 0x00, 0x00,
    0x00, 0x00, 0x00, 0x00, 0x00, 0x00, 0x00, 0x00, 0x00, 0x00, 0x00, 0x01,
    0x00, 0x00, 0x00, 0x00, 0x00, 0x00, 0x00, 0x00, 0x00, 0x00, 0x00, 0x00,
    0x00, 0x00, 0x00, 0x00, 0x00, 0x00, 0x00, 0x00, 0x00, 0x00, 0x00, 0x00,
    0x00, 0x02, 0x00, 0x00, 0x00, 0x01, 0x00, 0x00, 0x00, 0x00, 0x00, 0x00,
    0x00, 0x00, 0x00, 0x00, 0x00, 0x00, 0x00, 0x00, 0x00, 0x00, 0x00, 0x00,
    0x00, 0x00, 0x00, 0x02, 0x00, 0x00, 0x00, 0x02, 0x00, 0x00, 0x00, 0x00,
    0x00, 0x00, 0x00, 0x00, 0x00, 0x00, 0x00, 0x00, 0x00, 0x00, 0x00, 0x00,
    0x00, 0x00, 0x00, 0x00, 0x00, 0x00, 0x00, 0x00, 0x00, 0x00, 0x00, 0x00,
    0x00, 0x00, 0x00, 0x00, 0x00, 0x00, 0x00, 0x00, 0x00, 0x00, 0x00, 0x00,
    0x00, 0x00, 0x00, 0x00, 0x00, 0x00, 0x00, 0x00, 0x00, 0x00, 0x00, 0x00,
    0x00, 0x00, 0x00, 0x00, 0x00, 0x00, 0x00, 0x00, 0x00, 0x00, 0x00, 0x00,
    0x00, 0x00, 0x00, 0x00, 0x00, 0x00, 0x00, 0x00, 0x00, 0x00, 0x00, 0x00,
    0x00, 0x00, 0x00, 0x00, 0x00, 0x00, 0x00, 0x00, 0x00, 0x00, 0x00, 0x00,
    0x00, 0x00, 0x00, 0x00, 0x00, 0x00, 0x00, 0x00, 0x00, 0x00, 0x00, 0x00,
    0x00, 0x00, 0x00, 0x00, 0x00, 0x00, 0x00, 0x00, 0x00, 0x00, 0x00, 0x00,
    0x00, 0x00, 0x00, 0x00, 0x00, 0x00, 0x00, 0x00, 0x00, 0x00, 0x00, 0x00,
    0x00, 0x00, 0x00, 0x00, 0x00, 0x00, 0x00, 0x00, 0x00, 0x00, 0x00, 0x00,
    0x00, 0x00, 0x00, 0x00, 0x00, 0x00, 0x00, 0x00, 0x00, 0x00, 0x00, 0x00,
    0x00, 0x00, 0x00, 0x00, 0x00, 0x00, 0x00, 0x00, 0x00, 0x00, 0x00, 0x00,
    0x00, 0x00, 0x00, 0x00, 0x00, 0x00, 0x00, 0x00, 0x00, 0x00, 0x00, 0x00,
    0x00, 0x00, 0x00, 0x00, 0x00, 0x00, 0x00, 0x00, 0x00, 0x00, 0x00, 0x00,
    0x00, 0x00, 0x00, 0x00, 0x00, 0x00, 0x00, 0x00, 0x00, 0x00, 0x00, 0x00,
    0x00, 0x00, 0x00, 0x00, 0x00, 0x00, 0x00, 0x00, 0x00, 0x00, 0x00, 0x00,
    0x00, 0x00, 0x00, 0x00, 0x00, 0x00, 0x00, 0x00, 0x00, 0x00, 0x00, 0x00,
    0x00, 0x00, 0x00, 0x00, 0x00, 0x00, 0x00, 0x00, 0x00, 0x00, 0x00, 0x00,
    0x00, 0x00, 0x00, 0x00, 0x00, 0x00, 0x00, 0x00, 0x00, 0x00, 0x00, 0x00,
    0x00, 0x00, 0x00, 0x00, 0x00, 0x00, 0x00, 0x00, 0x00, 0x00, 0x00, 0x00,
    0x00, 0x00, 0x00, 0x00, 0x00, 0x00, 0x00, 0x00, 0x00, 0x00, 0x00, 0x00,
    0x00, 0x00, 0x00, 0x00, 0x00, 0x00, 0x00, 0x00, 0x00, 0x00, 0x00, 0x00,
    0x00, 0x00, 0x00, 0x00, 0x00, 0x00, 0x00, 0x00, 0x00, 0x00, 0x00, 0x00,
    0x00, 0x00, 0x00, 0x00, 0x00, 0x00, 0x00, 0x00, 0x00, 0x00, 0x00, 0x00,
    0x00, 0x00, 0x00, 0x00, 0x00, 0x00, 0x00, 0x00, 0x00, 0x00, 0x00, 0x00,
    0x00, 0x00, 0x00, 0x00, 0x00, 0x00, 0x00, 0x00, 0x00, 0x00, 0x00, 0x00,
    0x00, 0x00, 0x00, 0x00, 0x00, 0x00, 0x00, 0x00, 0x00, 0x00, 0x00, 0x00,
    0x00, 0x00, 0x00, 0x00, 0x00, 0x00, 0x00, 0x00, 0x00, 0x00, 0x00, 0x00,
    0x00, 0x00, 0x00, 0x00, 0x00, 0x00, 0x00, 0x00, 0x00, 0x00, 0x00, 0x00,
    0x00, 0x00, 0x00, 0x00, 0x00, 0x00, 0x00, 0x00, 0x00, 0x00, 0x00, 0x00,
    0x00, 0x00, 0x00, 0x00, 0x00, 0x00, 0x00, 0x00, 0x00, 0x00, 0x00, 0x00,
    0x00, 0x00, 0x00, 0x00, 0x00, 0x00, 0x00, 0x00, 0x00, 0x00, 0x00, 0x00,
    0x00, 0x00, 0x00, 0x00, 0x00, 0x00, 0x00, 0x00, 0x00, 0x00, 0x00, 0x00,
    0x00, 0x00, 0x00, 0x00, 0x00, 0x00, 0x00, 0x00, 0x00, 0x00, 0x00, 0x00,
    0x00, 0x00, 0x00, 0x00, 0x00, 0x00, 0x00, 0x00, 0x00, 0x00, 0x00, 0x00,
    0x00, 0x00, 0x00, 0x00, 0x00, 0x00, 0x00, 0x00, 0x00, 0x00, 0x00, 0x00,
    0x00, 0x00, 0x00, 0x00, 0x00, 0x00, 0x00, 0x00, 0x01, 0x00, 0x00, 0xa8,
    0x0c, 0x02, 0x00, 0xa8, 0x0c, 0x02, 0x00, 0xa8, 0x0c, 0x02, 0x00, 0xa8,
    0x0c, 0x02, 0x00, 0xa8, 0x0c, 0x02, 0x00, 0xa8, 0x0c, 0x02, 0x00, 0xa8,
    0x0c, 0x02, 0x00, 0xa8, 0x0c, 0x02, 0x00, 0xa8, 0x0c, 0x02, 0x00, 0xa8,
    0x0c, 0x02, 0x00, 0xb6, 0x0c, 0x02, 0x00, 0xb6, 0x0c, 0x02, 0x00, 0x00,
    0x00, 0x00, 0x00, 0x00, 0x00, 0x00, 0x00, 0x00, 0x00, 0x00, 0x00, 0xc0,
    0x23, 0x02, 0x00, 0x00, 0x00, 0x00, 0x00, 0x00, 0x00, 0x00, 0x00, 0x00,
    0x00, 0x00, 0x00, 0x00, 0x00, 0x00, 0x00, 0x00, 0x00, 0x00, 0x00, 0x14,
    0x00, 0x00, 0x00, 0x01, 0x00, 0x00, 0x00, 0x02, 0x00, 0x00, 0x00, 0x02,
    0x00, 0x00, 0x00, 0x00, 0x00, 0x00, 0x00, 0x00, 0x00, 0x00, 0x00, 0x00,
    0x00, 0x00, 0x00, 0x00, 0x00, 0x00, 0x00, 0x00, 0x00, 0x00, 0x00, 0x00,
    0x00, 0x00, 0x00, 0x00, 0x00, 0x00, 0x00, 0x00, 0x00, 0x00, 0x00, 0x00,
    0x00, 0x00, 0x00, 0x00, 0x00, 0x00, 0x00, 0x00, 0x00, 0x00, 0x00, 0x00,
    0x00, 0x00, 0x00, 0x00, 0x00, 0x00, 0x00, 0x00, 0x00, 0x00, 0x00, 0x00,
    0x00, 0x00, 0x00, 0x00, 0x00, 0x00, 0x00, 0x00, 0x00, 0x00, 0x00, 0x64,
    0x03, 0x03, 0x00, 0x00, 0x09, 0x01, 0x01, 0x0b, 0x06, 0x04, 0x05, 0x05,
    0x05, 0x02, 0x03, 0x06, 0x0e, 0x05, 0x24, 0x06, 0x08, 0x01, 0x1e, 0x1b,
    0x12, 0x15, 0x15, 0x03, 0x15, 0x24, 0x15, 0x0c, 0x15, 0x15, 0x15, 0x06,
    0x06, 0x15, 0xff, 0x06, 0xff, 0x15, 0x0c, 0xff, 0xff, 0xff, 0xff, 0xff,
    0xff, 0xff, 0xff, 0xff, 0xff, 0x15, 0x15, 0x15, 0x15, 0x15, 0x15, 0x15,
    0x15, 0x15, 0x15, 0x15, 0x15, 0x0c, 0x15, 0x15, 0x15, 0x15, 0x15, 0x15,
    0x15, 0x15, 0x15, 0x15, 0x15, 0x15, 0x15, 0xff, 0xff, 0xff, 0xff, 0x07,
    0xff, 0x01, 0x15, 0x05, 0x07, 0x06, 0x09, 0x22, 0x13, 0xff, 0xff, 0xff,
    0xff, 0xff, 0xff, 0xff, 0xff, 0xff, 0x15, 0x15, 0x1c, 0x06, 0x06, 0x15,
    0x15, 0x15, 0x15, 0x06, 0x1d, 0x01, 0x23, 0x0c, 0x0b, 0x04, 0xff, 0xff,
    0x15, 0x15, 0x15, 0x26, 0x15, 0x09, 0x01, 0x09, 0x15, 0x26, 0x26, 0x11,
    0x11, 0x15, 0x1f, 0x1f, 0x01, 0x01, 0x01, 0x01, 0x01, 0x01, 0x01, 0x01,
    0x01, 0x13, 0x01, 0x01, 0x01, 0x01, 0x01, 0x13, 0x01, 0x03, 0x15, 0x15,
    0x15, 0x15, 0x05, 0x15, 0x15, 0x15, 0x22, 0x03, 0x01, 0x15, 0xff, 0x05,
    0xff, 0x15, 0x15, 0x15, 0x15, 0x13, 0xff, 0xff, 0x06, 0x25, 0xff, 0xff,
    0xff, 0xff, 0xff, 0x22, 0xff, 0x03, 0x07, 0xff, 0xff, 0x09, 0x09, 0x03,
    0x03, 0x03, 0x03, 0x03, 0x03, 0x03, 0x03, 0x03, 0x03, 0x03, 0x03, 0x03,
    0x03, 0x03, 0x03, 0xff, 0x03, 0x09, 0x03, 0x09, 0x15, 0x15, 0xff, 0x15,
    0xff, 0x03, 0x03, 0x03, 0xff, 0xff, 0xff, 0xff, 0xff, 0xff, 0xff, 0xff,
    0xff, 0xff, 0xff, 0xff, 0xff, 0x1d, 0x13, 0x1d, 0x1d, 0x15, 0xff, 0xff,
    0xff, 0xff, 0xff, 0x15, 0xff, 0xff, 0xff, 0xff, 0xff, 0xff, 0xff, 0xff,
    0xff, 0xff, 0xff, 0xff, 0xff, 0x15, 0x15, 0x15, 0x00, 0x00, 0x00, 0x00,
    0x00, 0x00, 0x00, 0x00, 0x00, 0x00, 0x00, 0x00, 0x00, 0x00, 0x00, 0x00,
    0x00, 0x00, 0x00, 0x00, 0x00, 0x00, 0x00, 0x00, 0x00, 0x00, 0x00, 0x00,
    0x00, 0x00, 0x00, 0x00, 0x00, 0x00, 0x00, 0x00, 0x00, 0x00, 0x00, 0x00,
    0x00, 0x00, 0x00, 0x00, 0x00, 0x00, 0x00, 0x00, 0x00, 0x00, 0x00, 0x00,
    0x00, 0x00, 0x00, 0x00, 0x00, 0x00, 0x00, 0x00, 0x00, 0x00, 0x00, 0x00,
    0x00, 0x00, 0x00, 0x00, 0x00, 0x00, 0x00, 0x00, 0x00, 0x00, 0x00, 0x00,
    0x00, 0x00, 0x00, 0x00, 0x00, 0x00, 0x00, 0x00, 0x00, 0x00, 0x68, 0x29,
    0x02, 0x00, 0x00, 0x00, 0x01, 0x00, 0x00, 0xc0, 0x2f, 0x02, 0x00, 0xc0,
    0x2f, 0x02, 0x00, 0x00, 0x00, 0x00, 0x00, 0x00, 0x00, 0x00, 0x00, 0x90,
    0x36, 0x02, 0x00, 0x90, 0x36, 0x02, 0x00, 0x00, 0x00, 0x00, 0x00, 0x00,
    0x00, 0x00, 0x00, 0x00, 0x80, 0x00, 0x00, 0x01, 0x00, 0x00, 0x00, 0x00,
    0x00, 0x00, 0x00, 0x53, 0x74, 0x61, 0x63, 0x6b, 0x20, 0x4f, 0x76, 0x65,
    0x72, 0x66, 0x6c, 0x6f, 0x77, 0x21, 0x00, 0x00, 0x0a, 0xf0, 0x13, 0x02,
    0x00, 0x00, 0x20, 0x80, 0x14, 0x02, 0x00, 0x00, 0x0a, 0x00, 0x24, 0x02,
    0x00, 0x00, 0x0a, 0x40, 0x26, 0x02, 0x00, 0x00, 0x20, 0xf0, 0x30, 0x02,
    0x00, 0x00, 0x38, 0x70, 0x34, 0x02, 0x00, 0x00, 0x20, 0x6c, 0x3d, 0x02,
    0x00, 0x00, 0x0a, 0xd0, 0x3d, 0x02, 0x00, 0x00, 0x20, 0x40, 0x14, 0x02,
    0x00, 0x00, 0x20, 0x90, 0x15, 0x02, 0x00, 0x00, 0x14, 0x00, 0x26, 0x02,
    0x00,
};
static const unsigned int hello5_bin_len = 18265;
